:020000022000DC
:10600000C0F20020E1720300E3F00500B572030066
:10601000B5720300B5720300B57203000000000002
:1060200000000000000000000000000005740300F4
:10603000B57203000000000071730300B572030025
:1060400025760300C10705002576030025760300A9
:1060500025760300257603002576030025760300C8
:1060600025760300257603002576030025760300B8
:1060700025760300257603002576030025760300A8
:106080002576030025760300257603002576030098
:106090002576030025760300257603002576030088
:1060A0002576030025760300257603002576030078
:1060B0002576030025760300257603002576030068
:1060C0002576030025760300257603002576030058
:1060D0002576030025760300257603002576030048
:1060E0002576030025760300257603002576030038
:1060F0002576030025760300257603002576030028
:1061000081F0004102E000BF83F0004330B54FEA68
:1061100041044FEA430594EA050F08BF90EA020FD5
:106120001FBF54EA000C55EA020C7FEA645C7FEA68
:10613000655C00F0E2804FEA5454D4EB5555B8BF8B
:106140006D420CDD2C4480EA020281EA030382EAFC
:10615000000083EA010180EA020281EA0303362D8E
:1061600088BF30BD11F0004F4FEA01314FF4801C61
:106170004CEA113102D0404261EB410113F0004F73
:106180004FEA03334CEA133302D0524263EB43032A
:1061900094EA050F00F0A780A4F10104D5F1200EC8
:1061A0000DDB02FA0EFC22FA05F2801841F1000123
:1061B00003FA0EF2801843FA05F359410EE0A5F1F7
:1061C00020050EF1200E012A03FA0EFC28BF4CF028
:1061D000020C43FA05F3C01851EBE37101F00045DE
:1061E00007D54FF0000EDCF1000C7EEB00006EEBEB
:1061F0000101B1F5801F1BD3B1F5001F0CD3490875
:106200005FEA30004FEA3C0C04F101044FEA4452CB
:1062100012F5800F80F09A80BCF1004F08BF5FEA52
:10622000500C50F1000041EB045141EA050130BD32
:106230005FEA4C0C404141EB0101013C28BFB1F544
:10624000801FE9D291F0000F04BF01460020B1FA8F
:1062500081F308BF2033A3F10B03B3F120020CDA62
:106260000C3208DD02F1140CC2F10C0201FA0CF040
:1062700021FA02F10CE002F11402D8BFC2F1200CA5
:1062800001FA02F120FA0CFCDCBF41EA0C0190405B
:10629000E41AA2BF01EB0451294330BD6FEA0404A4
:1062A0001F3C1CDA0C340EDC04F11404C4F120028F
:1062B00020FA04F001FA02F340EA030021FA04F3A1
:1062C00045EA030130BDC4F10C04C4F1200220FAF8
:1062D00002F001FA04F340EA0300294630BD21FA36
:1062E00004F0294630BD94F0000F83F4801306BFFC
:1062F00081F480110134013D4EE77FEA645C18BFF0
:106300007FEA655C29D094EA050F08BF90EA020F86
:1063100005D054EA000C04BF1946104630BD91EA7E
:10632000030F1EBF0021002030BD5FEA545C05D181
:106330004000494128BF41F0004130BD14F58004C0
:106340003CBF01F5801130BD01F0004545F0FE4134
:1063500041F470014FF0000030BD7FEA645C1ABF69
:10636000194610467FEA655C1CBF0B46024650EAA0
:10637000013406BF52EA033591EA030F41F40021CC
:1063800030BD00BF90F0000F04BF0021704730B552
:106390004FF4806404F132044FF000054FF0000127
:1063A00050E700BF90F0000F04BF0021704730B5E8
:1063B0004FF4806404F1320410F0004548BF4042BD
:1063C0004FF000013EE700BF42004FEAE2014FEA12
:1063D00031014FEA02701FBF12F07F4393F07F4FED
:1063E00081F06051704732F07F4208BF704793F0F0
:1063F0007F4F04BF41F40021704730B54FF4607403
:1064000001F0004521F000411CE700BF50EA010205
:1064100008BF704730B54FF000050AE050EA0102AE
:1064200008BF704730B511F0004502D5404261EB1E
:1064300041014FF4806404F132045FEA915C3FF45F
:10644000D8AE4FF003025FEADC0C18BF03325FEAFC
:10645000DC0C18BF033202EBDC02C2F1200300FAAD
:1064600003FC20FA02F001FA03FE40EA0E0021FAD2
:1064700002F11444BDE600BF4FEA4102B2F1E0432D
:1064800024BFB3F5001CDCF1FE5C0DD901F0004C1B
:106490004FEAC0024CEA5070B2F1004F40EB83006B
:1064A00008BF20F00100704711F0804F21D113F197
:1064B0003872BCBF01F00040704741F480114FEAD0
:1064C0005252C2F11802C2F1200C10FA0CF320FA59
:1064D00002F018BF40F001004FEAC1234FEAD32376
:1064E00003FA0CFC40EA0C0023FA02F34FEA4303E0
:1064F000CCE77FEA625307D150EA01331EBF4FF069
:10650000FE4040F44000704701F0004040F0FE4083
:1065100040F40000704700BF53B94AB9002908BFD2
:1065200000281CBF4FF0FF314FF0FF3000F00CB8D7
:10653000ADF1080C6DE904CE00F008F8DDF804E0D8
:10654000DDE9022304B07047704700BF2DE9F04732
:1065500086468C460846089E154674461946002B0A
:1065600040F0C2808542B2FA82F245D94AB1C2F106
:10657000200300FA02FC2EFA03F3954043EA0C0CC8
:1065800094404FEA154EA8B2BCFBFEF8230C0EFB5C
:1065900018CC08FB00F943EA0C43994528D9EB18BD
:1065A00008F1FF3704D2994502D9A8F102072B441C
:1065B000A3EB0903A4B2B3FBFEFC0EFB1C330CFBE4
:1065C00000F044EA0344A04214D92C190CF1FF3323
:1065D00004D2A04202D9ACF102032C44241A43EAAB
:1065E00007401EB1D440002334607360BDE8F087DB
:1065F0004746DDE76346F1E792BB431B01214FEAC3
:10660000154EAFB2B3FBFEFC200C0EFB1C330CFB93
:1066100007F840EA0343984562D9EB180CF1FF30C4
:1066200004D2984502D9ACF102002B44A3EB080335
:10663000A4B2B3FBFEFC0EFB1C330CFB07F744EAD1
:106640000344A7424ED92C190CF1FF3304D2A742C0
:1066500002D9ACF102032C44E41B43EA0040C0E73A
:10666000C2F1200320FA03F1954090402EFA03F383
:1066700003434FEA154EAFB2B1FBFEFC0EFB1C10FC
:10668000190C0CFB07F841EA0041884504FA02F4B2
:1066900022D969180CF1FF3004D2884502D9ACF137
:1066A00002002944A1EB08019BB2B1FBFEFC0EFBEA
:1066B0001C110CFB07F743EA01439F420ED9EB186C
:1066C0000CF1FF3104D29F4202D9ACF102012B44FC
:1066D000DB1B41EA004192E76046E3E76146F7E7EA
:1066E0006046A3E76346B7E7834206D916B900219F
:1066F00008467BE7C6E900E0F9E7B3FA83F78FB90C
:10670000834201D3724508D8BEEB020460EB030359
:1067100001209C461EB9002168E73846FAE7C6E921
:10672000004CF8E7C7F1200CBB4022FA0CF41C43E4
:106730002EFA0CF120FA0CF3B84001434FEA144949
:106740000EFA07F5B3FBF9F81FFA84FE09FB1830BF
:106750000B0C08FB0EFA43EA00439A4502FA07F2D3
:1067600040D9E31808F1FF3004D29A4502D9A8F1C4
:1067700002002344A3EB0A0389B2B3FBF9F809FB37
:10678000183308FB0EFE41EA03418E452CD96118EF
:1067900008F1FF3304D28E4502D9A8F10203214447
:1067A00043EA0040A0FB0298A1EB0E014145CE4612
:1067B000434602D306D14D4504D2B9EB020E68EB35
:1067C00004030138002EA6D0B5EB0E0261EB0301E5
:1067D00001FA0CFC22FA07F34CEA0303F940C6E97C
:1067E000003198E74046C5E74346D9E710F8012B4A
:1067F00011F8013B012A28BF9A42F7D0D01A7047FE
:10680000034611F8012B03F8012B002AF9D1704738
:10681000034613F8012B002AFBD1181A01387047E0
:106820002DE9F0414A4D88B0D5F85C31996811F0F6
:10683000010100AF25D107F1080240F6034012F034
:10684000D9FD044600287ED1BC68E3681B78ABB94B
:1068500014F008FDBFF35B8FD5F8D430BFF35B8F26
:1068600005F1D40203F00903BFF35B8F52E8001F68
:1068700042E800300028F9D1BFF35B8F20462DF0AD
:10688000A9FA07F10802002141F2030012F0B2FD5B
:106890000446002857D1BB682E4EDA68D2F80100B2
:1068A000D2F8051003C618462DF094FA214607F1D8
:1068B000080241F2010012F09DFD0446002842D179
:1068C000B868C3685A7885F870205A88A5F872208D
:1068D0001A7985F87120B3F80720A5F87420B3F869
:1068E0000530A5F876302DF075FA214607F108023B
:1068F00041F2020012F07EFD044620BBD7F808806A
:10690000D8F80C20531C413218685968344603C427
:10691000083393422646F7D10F4838F092FC4046A0
:106920002DF058FA95F87C305A061BD40B4BFB61BE
:1069300002230B48BB6107F118024FF482516FF03C
:10694000120438F06EFD20462037BD46BDE8F081C8
:1069500050010020C8010020D001002029EB0600D2
:106960000C48060007F10802002142F2030012F071
:1069700041FD04460028E6D1BB68AB4EDA68D2F888
:106980000100D2F8051003C618462DF023FA21465F
:1069900007F1080242F2020012F02CFD0446002822
:1069A000D1D1BC68E368B3F8012091B249B1D9787C
:1069B00039B1A5F80421DA78114606F128003CF037
:1069C00074FB20462DF006FA95F87C6016F0200640
:1069D00018D1022140F66D4012F0C6FB0446002893
:1069E00000F0CD8002210C303BF0D2FA012303707D
:1069F00046702146324640F66D4012F0FBFC0446DC
:106A00000028A0D195F89C301B0713D507F1080288
:106A1000002142F21C0012F0EDFC0446002892D145
:106A2000B868C368D3F80120D3F80530C5E9382326
:106A30002DF0D0F995F8D8309E0622D5391DB81C16
:106A400012F05AFD044600287FF47DAF042142F283
:106A5000240012F089FB0646002800F090800421F3
:106A60000C303BF095FA7B880380BB88438022463C
:106A7000314642F2240012F0BDFC044600287FF4A7
:106A800062AF95F8D8305C0611D507F108020021F5
:106A900042F22A0012F0AEFC044600287FF453AF05
:106AA000B868C3685B7885F820312DF093F9082128
:106AB00042F2010012F058FB044600285FD0082182
:106AC0000C303BF065FA95F8D81011F0400F0246F3
:106AD00040F2022308BF032388074CBF43F02C0079
:106AE00043F00C008B0695F8D93048BF40F04000C9
:106AF00013F0090F95F8A23018BF40F4006003F0BE
:106B00000603CE0748BF40F01000062B08BF40F434
:106B1000C070002138F094FC2146002242F20100AE
:106B200012F068FC044600287FF40DAF95F87C3025
:106B3000B5F80411980625D4D1B907F1080241F23D
:106B4000050012F057FC044600287FF4FCAEB5F8AF
:106B50000431BC684BB9E368B3F80120A5F80421FF
:106B60009A88324811463CF0A0FA20462DF032F9BE
:106B7000082140F6014012F0F7FA044690B96FF090
:106B80006804E0E60029F3D1294BFB610223294880
:106B9000BB6107F118024FF4825138F042FC6FF0EC
:106BA0000404D0E608210C303BF0F2F995F8D83017
:106BB000D907024653BF4FF0005119A1D1E9000196
:106BC0001D4838F03DFC2146002240F6014012F0FD
:106BD00011FC044600287FF4B6AE01463A1D4FF67C
:106BE000014012F007FC58B3144BFB61022311481B
:106BF000BB6107F118024FF4845138F012FC38F0F1
:106C000029FE044600287FF49EAE15F073FF04466B
:106C100000287FF498AE13F045FA044693E600BFCF
:106C200090880002008000202802002058020020E6
:106C30004DEB06000C4806001088000270EB0600C1
:106C40007B68DC68B4F80130032B96BF434A4449A3
:106C500052F823106D468AB06A464248D3614FF419
:106C600000731384404BC2E9050142F8103F3F48CE
:106C70004FF4135138F0D5FBB4F80120B4F80330C9
:106C8000022AAD4648D1032B46D8394A52F8231080
:106C90006D468AB06A463748D3614FF40073138457
:106CA000314BC2E9050142F8103F4FF413512F4810
:106CB00038F0B7FB6379A679D4F80900032BAD4609
:106CC00098BF2D4AB4F8075094BF52F823102449B6
:106CD0006C468CB06A46DFF8B4C0C2E907364FF4A0
:106CE00000739385254BC2E905C1C2E909504FF4F1
:106CF000735142F8103F1D4838F093FBA546786861
:106D00002DF068F83A1D00214FF6024012F072FB98
:106D1000044618B11A4B68E71149B9E77868194D6C
:106D2000C368B3F80130A5F8C1302DF053F895F8D9
:106D3000C1305B077FF563AF3A1D21464FF6034034
:106D400012F058FB08B1104B4FE77868C3685B78C6
:106D500085F8C0302DF03EF851E700BFFC71060009
:106D60008EE5060094EB0600040000010C480600C6
:106D7000EC710600ADEB0600DC71060007000001B7
:106D8000F2EB0600500100201BEC0600C5EB0600EC
:106D90002DE9F843D0E90C35D0F82C805C1930345B
:106DA000A0450F46164619D81D4DA3FB05011AA391
:106DB000D3E90023FFF7B0FB0346A4EB0800A0FBD8
:106DC000050123F07F4414A3D3E90023FFF7A4FBBC
:106DD00020F07F403C603060BDE8F883DFF84090F1
:106DE0000DA3D3E90023A8FB0901FFF795FB044697
:106DF00005F1300008A3D3E90023A0FB0901FFF748
:106E00008BFB24F07F4420F07F403C603060BDE885
:106E1000F88300BFAFF300808D49FD1A0700000022
:106E200000CA9A3B000000009FED0D7B124B134AF5
:106E30001348144910B483ED007B9FED0B7B82ED6A
:106E4000007B9FED0B7B104B4FF0FF34002281ED58
:106E5000007B04601A605DF8044B1FF00BBC00BFA0
:106E6000FFFFFFFFFF1F0000000000000000000008
:106E70001F00000000000000D8020020B0600020C9
:106E8000B88F0020D0020020B08F0020000000004A
:106E9000002800F05F812DE9F04FB54C94F86A208E
:106EA00012F001058DB040F0A78194F82500FF2372
:106EB00000F0030084F8263028F062FF94F86A009E
:106EC000420727D494F8292094F8353004EB820245
:106ED00004EB8303D66AD3F8388086B1A4483146E0
:106EE00021F0F8FB33785B0605D506211CF0AAFAE1
:106EF000002800F083819E48414621F0EBFB337867
:106F000013F00E0F40F0B780236A93B10C200DB040
:106F1000BDE8F08F2A4604F16B01C0F3C00029F0F0
:106F2000CBF8FF2884F82600CCD0284628F06EFF46
:106F3000C8E71EF083FC8146002800F071811EF036
:106F400089FC8246002800F0688121F0F1FF0546A7
:106F5000002800F06781D0F888004FF6FF732B857A
:106F600005F11C0B002800F04F8105F1780105F1B7
:106F70007C021CF073FAB5F876307E4A23F4EF6396
:106F800023F0070343F4887343F00103A5F8763038
:106F90001346D2F80120C5F89B21C5F8A12113F8AA
:106FA000012B9B88A5F89F31A5F8A53195F89A315A
:106FB00002F0010262F3000362F3410385F89A31A3
:106FC00095F8393003F03F0363F07F0385F83930DB
:106FD00095F88E3023F0070385F88E3095F83C3015
:106FE00023F00703002785F83C304FF4C023C5F891
:106FF00088312846C5E91277C5F88870A5F88C70E5
:107000006F86C5F82E7085F83B702F65A5F88E71D8
:10701000A5F8847124F032FD85F85071C5F85491BB
:1070200022F024FA95F8943160F3020385F8943144
:1070300022F022FA95F8943160F3C50385F8943173
:1070400095F8803167F3410385F8803101212846A6
:1070500022F072FE05F1D40024F098FAC4E9189ADF
:10706000C4F820B0C5E905772F70ED612AF056F914
:10707000002840F0C58094F824300121C3F3420376
:107080000DF12B008DF82B301CF086FB02460028FA
:1070900062D098F80110304621F0DEF831233649ED
:1070A000A360364BB4F86870A0FB01010025C0183E
:1070B00041F107012CA3D3E90023C4E9055525704C
:1070C0006560E560FFF728FA20611DF099FE00F188
:1070D00009083FB9357805F00F05A5F10105B5FAA6
:1070E00085F56D0994F82400236965F3000010F01C
:1070F000010584F824004BD0214A09920020106039
:107100000225204A204F04930BAE019305920321E0
:10711000CDE90200069443460090089607972A4658
:107120000B951DF00BFD31461EF04EFCA0B9174922
:1071300005914AF2D8330093CDE90300CDE901006F
:107140000797089606944346012203210B951DF0EC
:10715000C1FC43E020F0CCBF236A002B3FF4D6AE45
:1071600020F084FFD2E600BF8D49FD1A0700000021
:10717000709000202BE3060000CA9A3B8C49FD1A50
:1071800064900020D5820400914F0400E97D040042
:107190002B4A2C48049303F247130694029591213D
:1071A0001360A7FB000301FB0731274B0793274B15
:1071B00005934FF6FF730992022703930BAE1EA3AC
:1071C000D3E900230B970896FFF7A6F94346CDE9CC
:1071D00000503A46284603211DF0B0FC31461EF00F
:1071E000F3FB0028B8D194F86A3043F0010384F827
:1071F0006A3021F091FC60B1002088E6122086E61A
:1072000020F034FF032082E605F18000C5F88800F5
:10721000ABE6012028F096FDEEE748461EF014FB91
:10722000072074E650461EF01BFB48461EF00CFB80
:10723000F6E700BFAFF300808D49FD1A070000009C
:1072400064900020002AE784914F0400D582040056
:1072500070B590F824308AB0C3F342030D4604465B
:1072600001210DF1230016468DF823301CF094FA0D
:1072700071780246284620F0EFFF1F491F4AA0FB05
:107280000131981841F1070119A3D3E90023FFF751
:1072900043F923699842054621D21B1A0022019224
:1072A000174A0293174BA21AA3FB0232022192093A
:1072B00000230A4409AE099113490591CDE903332E
:1072C0000321D2B20696009318461DF097FC314672
:1072D0001EF07AFB38B9256100200AB070BDFBD9D9
:1072E000C21A0023DBE70C200AB070BDAFF30080A8
:1072F0008D49FD1A0700000000CA9A3B8C49FD1A0F
:107300007090002089888888914F04000000000058
:1073100038B5194C9DF810E094F848C01CF00105F0
:1073200023D163F3420C400194F83230A1874FEA35
:10733000CE0E0EF0180E00F0200040EA0E0023F0F2
:10734000380303430D4884F832309121A2FB000337
:1073500084F848C001FB023105A3D3E90023FFF7FD
:10736000DBF8C4E91000284638BD0C25284638BD96
:107370008D49FD1A07000000B8600020002AE7844C
:1073800010B504469DF8080022844FEA411CC00055
:10739000A17D00F018000CF0200C4CEA000C0C4809
:1073A00021F038014CEA010CA3FB0002912184F882
:1073B00016C001FB032104A3D3E90023FFF7ACF8B7
:1073C000606210BDAFF300808D49FD1A0700000018
:1073D000002AE784000000002DE9F047044600F190
:1073E000350190F8480094F832305B4DDFF8808129
:1073F000C0F3400060F386138CB084F832301DF087
:1074000053FD94F83220A38F5448E46102F07902CE
:10741000002784F832209121A3FB0002C4E90577FC
:10742000277001FB03214AA3D3E90023FFF774F877
:10743000651B626C4A4B6760AD08A3FB053502F122
:107440000903984298BF3A46C5F3470522644FF0B6
:1074500031028CBF19460146A26005EB4502E76088
:10746000216148F8221006461DF0CAFC236A00F18B
:1074700009074FEA450A002B4AD00DF12C09AA440E
:1074800008EB8A030993CDF820900694A38F334824
:107490004FF00008A3FB0002CDF80C80912101FB06
:1074A0000321236904932F4B07932F4B05934FF030
:1074B000020A27A3D3E90023CDF82CA0FFF72CF86C
:1074C000104619464FF47A720023FFF725F8043569
:1074D000EDB2CDE9016003213B462A46CDF800809C
:1074E00040461DF02BFB49461EF06EFA60B994F839
:1074F000483043F0010384F8483021F0C1F808B364
:1075000000200CB0BDE8F0870C200CB0BDE8F0877F
:107510000DF12C09CDE90A3321694B460AAA032053
:1075200001F096F90028AAD10B99104808A3D3E9D5
:107530000023A1FB0001FEF7EFFF0A9B20F07F472D
:107540001F449CE7504628F0FDFBD9E7AFF30080CD
:107550008D49FD1A07000000B8600020002AE7846A
:10756000BD86F21A914F04000989040000CA9A3BB3
:1075700000910020000000002DE9F04F05468BB07F
:107580008B46012002219A4614462CF06BF900220A
:107590000221814601201BF0B1FF3B494FF4D47218
:1075A00028461BF03BFF461DF6B2384B009532468D
:1075B000012100201DF03AFB10F0FD0F0CD0344AE1
:1075C0003449354840F62F0335F082FC404080F3C3
:1075D00011884FF0030002DF304BA4FB0348204624
:1075E00027A3D3E900234146FEF796FF2C4B20F05A
:1075F0007F47A7FB03310722E01A02FB071168EB64
:1076000001014FF47A720023FEF786FFCDE9017085
:10761000CDF800B008950695296995F939402148BB
:107620000491214931EA240128BF014605911F4CEC
:1076300007944FF6FE710391534632460121002014
:107640001DF048FA10F0FD0F0CD0114A11491248F4
:1076500040F6440335F03CFC404080F311884FF085
:10766000030002DFB9F1000F02D10BB0BDE8F08FCB
:107670000122022110460BB0BDE8F04F1BF03EBFC7
:107680008D49FD1A0700000008610020D98E040012
:10769000747D0600387E0600A476060000CA9A3B78
:1076A0008D49FD1AB5EE04005DF00400818E0400E2
:1076B0002DE9F043C469228D4FF6FF739A428DB0D5
:1076C00000F088800546204624F0AAFC95F8283072
:1076D000012B00F00F81022B00F00281002B00F043
:1076E000E18094F85071002F40F0FD80E68DB4F8F1
:1076F0003080002E71D1AA8C08F101060023CDE95B
:107700000A33B6B2002A70D094F93930002BC0F297
:1077100048810023A4F88A3195F82630D90740F132
:10772000EF800023A4F88E310DF127023146204668
:1077300024F0E0F9743000F04681B4F888312BB1C0
:10774000B34240F20D819B1BA4F88831B4F8843118
:107750002BB1B34240F2FB809B1BA4F88431258EF1
:1077600017B9A84500F0EA800135ADB294F8D130E0
:1077700013F001065AD1DDE90A130A46002B40F046
:10778000ED80002900F0DC801E461846228DE46959
:107790000694CDE903570532A74D0290CDE90016B6
:1077A000D2B20121002005951DF028FA10F0FD0F3E
:1077B00010D01EF033F984420CD0A04AA049A14851
:1077C00040F2155335F084FB404080F311884FF0B0
:1077D000030002DF0DB0BDE8F083AA8C464400230D
:1077E000CDE90A33B6B2002A8ED195F82630DA07F1
:1077F00097D4B4F88A31002B00F08280B34240F273
:10780000FA809B1BA4F88A31B4F88E31002B8BD000
:107810009E4280F0DE809B1B9BB20022062BA4F8C8
:107820008E31228600F2AC8001277DE794F9392061
:107830006FF30003002A84F8D13077DB94F87600E8
:10784000C0F3C00100F0070029F0CEFBB4F86E20B1
:10785000B4F86C30134403F2D51303447A4A7B48DE
:107860000721E3FB0021104671A3D3E90023FEF7B3
:1078700053FEDDE90A1320F07F4220692261904225
:1078800035BF161A801A002000260A46002B7FF406
:107890007DAF56EA010C7FF479AF002850D019462D
:1078A0001E4673E794F88E3003F01803182B7FF40C
:1078B00018AFA18DB4F886218B1D9A42C4BF931FC7
:1078C0005B1AB4F88211CCBF9BB21346994200F008
:1078D0008C80A4F88231A4F88431A4F8882100E7D0
:1078E0003D2784F85071394620460DB0BDE8F0437D
:1078F00021F0E0BE0023A4F88831A4F88431F0E63A
:10790000B4F88E31002B83D1628DB4F88C3140F203
:10791000E24101FB02F242F2107101FB0323013B41
:10792000B3FBF2F39BB2A4F88E316FE794F87700C3
:10793000012100F0070029F059FB87E73D4615E7D4
:10794000002D4BD000261146304633461EE700235B
:10795000A4F88431204624F06DF900E7304615E79D
:107960001DF0C4FF014600283BD00023A4F8883155
:10797000238DC3801B23037100681DF081FFE5E6A2
:1079800094F939309342BFF6CFAEB8F1000F7FF4CF
:107990004BAFD4F878315A08DB0743D4C4F87821C8
:1079A000C2E628460AAA0BA904F1D409FFF7F0F9A8
:1079B000484623F02DFE18B3484623F029FE18B39D
:1079C00000232386A5E69DF82710204621F072FEAD
:1079D00000E70821204621F06DFEFBE6002FB1D123
:1079E000F8E60123A4F88831B0E6B4F8881100293C
:1079F0007FF477AE6FE73E21204621F05BFEE9E69B
:107A0000FF2021F00FFED7E70246D4E91E011BF04C
:107A10003DFD0028D4D194F83C30580744BFA38DD5
:107A2000238676E642F00042C4F87821FCE600BFE7
:107A30008D49FD1A07000000418E0400747D060088
:107A4000847E0600A47606008C49FD1A00CA9A3B83
:107A50002DE9F04F87B0CDE90432BDF8442003781A
:107A60000292BDF84820BDF84080BDF84C50468ECB
:107A7000B0F82E90B0F814B1019104460392002B97
:107A800000F0CB80013EB6B2A368D4F80C71721B33
:107A900092B2002B009209DAE168626823F0004399
:107AA00091422CBF7F18BF18A360FF1A009A638D04
:107AB00013FB02F39BB2B3FBF8F218FB02F080B2A7
:107AC00083421FFA82FA80F09780C01A40F2E242A5
:107AD0005D4902FB00F0A0FB010159A3D3E900239B
:107AE000FEF71AFD20F07F400744D94494F839305E
:107AF0004D44AD1B554440F2E246DB09E58506FBEB
:107B000008F500F08E80226C0099A36CDFF838B184
:107B100002FB1133A36429F053FC814694F87401ED
:107B2000C0F3420029F04EFC059B814406FB03F3A1
:107B300005FB09F9236509F57429444B09F23F292E
:107B4000A3FB09394FEA994303FB0AF02364A5EB31
:107B50000309A36C6A080344963A934228BF13466C
:107B6000C4E911230023C4F87C31A0FB0B0134A32A
:107B7000D3E90023FEF7D0FC049B3F1A3448A0FB56
:107B80000330800A06FB00F02DA3D3E90023A0FBFD
:107B90000B01FEF7C1FC20F07F46029BA385039BEF
:107BA000A4F88C3129462046A4F82A8023F0DEFF71
:107BB000284BA18D2B44881DB3FBF5F39AB290425C
:107BC000A4F8862102D2521A063A92B2019BA4F876
:107BD000822113B10023A4F88E313B464A46314638
:107BE0002046FFF7C9FC94F8803143F0010384F884
:107BF000803107B0BDE8F08F08FB1231124840F227
:107C0000E24389B203FB01F1A1FB00010CA3D3E91C
:107C10000023FEF781FC3F1A67E74E445E44B6B28C
:107C200032E7049B0848A3FB000105A3D3E9002326
:107C3000FEF772FC20F07F46A9460136ADE700BF93
:107C40008D49FD1A0700000000CA9A3B83DE1B43E2
:107C50005917B7D17FC3C9012DE9F04F04460B680E
:107C6000077F1668D3F800A0638CD0F81E0095B08B
:107C700015464A7CADF84C30FF2AC7F3801389467D
:107C80000D9212908DF83F3072D198461A4612AB81
:107C900093E803000DF1400B1090ADF84410F80983
:107CA0000AF1710127680A915B460C900B9721F04D
:107CB000E9FB0A99002843D196F89A310C9A0A9068
:107CC00068F3410362F3000386F89A311098BBF819
:107CD0000430C6F8A101A6F8A531DAF87130C6F86B
:107CE0009B318B88A6F89F31E38D94F83010A972F0
:107CF0002B81D4F82A306B60D4F83A30AB6105F1AF
:107D0000180094F83E30037105211BF045FD6B7F90
:107D100000F03F0060F305036B7794F83F30C3F346
:107D20000401A977A18EE981012803F01F0389B21C
:107D300006D91B3303F01F030B2B01D80A9A59BB3A
:107D40000022CAF8142095F820300B9862F3000343
:107D500085F82030E5680126214626711DF086FD54
:107D600028682E7129461DF08BFD15B0BDE8F08FF7
:107D70000DF1400B10460DF13F015A4627F058FD1A
:107D80009DF83F80277F08F102085FFA88F88DF898
:107D90003F8008F0010282E7D9F800305A60E38E94
:107DA0002B82EB8940F2E24808FB03F71146638E11
:107DB0000A93304623F0EEFE94F83F3096F8742193
:107DC0005B0963F3430286F8742129F0F9FA0C90F9
:107DD00096F87401C0F3420029F0F4FA0C9B1844A1
:107DE00007FB00F0BA4B00F5742000F23F20A3FB24
:107DF00000307B08800C963B6862AB6294F83130AF
:107E000008FB03F3AB63238FA6F88C313946304669
:107E100023F0ACFEAF4BB04AC6F890213B44B3FB15
:107E2000F7F39AB2A6F88621298A881D824204DDDA
:107E3000C1F57F41FA310A4492B2A6F882216B68FB
:107E4000C6F87831234613F81C2FC2F34018DA071E
:107E500000F104814FF48073A3839AF8260028F080
:107E600041FA04F12B03002800F0EE80626AC4F8A6
:107E70002B20228D9A800D9BFF2B00F0E980BDF80E
:107E80004C301298A4F82930C4F82500BBF804300F
:107E9000A4F8233010989DF83F30C4F81F00A37752
:107EA000EB8963862B8AA386B6F88C31E38696F835
:107EB0007431C3F3420384F83830304621F044F87B
:107EC000A881E08021460B98D9F804401DF0CEFC33
:107ED000AB89E3801C23D4F800B02371B8F1000F04
:107EE00040F0D18084F81C80214658461DF0C8FC23
:107EF00095F85B00B5F85080B5F85240012100F0CC
:107F0000070029F073F8444404F2D514DFF8D48153
:107F10000444834671480721E4FB0801312300240F
:107F2000B360746068A3D3E90023F460FEF7F4FA49
:107F300020F07F4030616D6A0A9A7D1BD9F80C7081
:107F400040F2E24303FB02770221224601201BF0AC
:107F5000D5FA504620F07AFB07F2B2470246A7EB6B
:107F60000B07A7FB0801174657A3D3E90023FEF729
:107F7000D3FACDF804A0D9F808305949009120F07F
:107F80007F48BA1C3A3BD2B22046434401211CF040
:107F90008FFE012800F082809AF82430DB076AD433
:107FA000304620F0D1FF4F4BA5FB035A044646A3B1
:107FB000D3E9002328465146FEF7AEFAD9F8083037
:107FC000494A0792A3F13A09484B069620F07F47A9
:107FD000A7FB0331E81A464B059340F2D1130893EF
:107FE00033694FF0000BCDE903B34FF0070303FBF8
:107FF00007116AEB01014FF47A720023FEF78CFA45
:108000000534E4B2CDE90170CDF800804B4622463C
:10801000012158461CF05EFD10F0FD0F0CD0354AD2
:10802000354936484FF4E97334F052FF404080F34D
:1080300011884FF0030002DF0122022110461BF0DD
:108040005DFA15B0BDE8F08FC4F82B00988012E7F8
:108050000022C4F82520A4F8292017E7254A28493A
:108060002648F82334F034FF404080F311884FF065
:10807000030002DFEEE600230122009318461146BA
:108080001CF0D4FD8CE76B7F43F040036B77281D19
:1080900027F0C6F94FF00108E88323E71DF0BEFC86
:1080A00082453FF479AF134A1649144840F27923C8
:1080B00034F00EFF404080F311884FF0030002DFE0
:1080C0006AE700BFAFF300808D49FD1A070000008A
:1080D00083DE1B437FC3C901404B4C008C49FD1A12
:1080E00079EE040000CA9A3B49EE04008D49FD1A5E
:1080F000B5EE040038830600387E0600A47606003C
:10810000747A0600948306002DE9F04F8DB01F4667
:10811000BDF860300793CDE90501BDF868309DF8E2
:108120005C90BDF864B004930020164620F002FD78
:10813000002800F0658109F00108044640461CF063
:10814000A3FE0390B8F1000F6DD1169B03993A4638
:10815000404621F097F9002840F06381236A04F13A
:108160001C020892002B65D0D4F820A0DAF8005049
:1081700007F0010B9AF85A00C0F3C00100F00700A5
:1081800028F032FFBAF85210BAF8502000F2D51396
:108190000A441344CC48CD4A0721E3FB0021104692
:1081A000C7A3D3E90023FEF7B7F920F07F40286189
:1081B000304627F007FE94F833306FF3410384F81C
:1081C0003330FF2384F83430002E00F01D81A9F1F4
:1081D0000203012B40F2298194F84810089869F3B2
:1081E000420184F8481094F833106BF30001DDE984
:1081F000052384F8331016990968616216998988F5
:1082000021850499218600960021FFF7B9F8606462
:1082100029F084F8002840F013812046FFF7DCF8AD
:108220000DB0BDE8F08F06211BF00CF900288CD1B1
:108230001220F5E71DF002FB0990002800F0738181
:1082400020F076FE0546002800F06A8120301BF001
:10825000B7FA05F11C0A002840F01D81032105F141
:10826000240028F075FD079BD5F888006B854FF634
:10827000FF73A5F82CB02B85002800F0198105F1BB
:108280007C0205F178011BF0E9F8B5F8763023F4AB
:10829000EF6323F0070343F4887343F00103A5F869
:1082A000763095F88E304FF0000B23F0070385F8F9
:1082B0008E300121C5F888B0A5F88CB0284621F091
:1082C0003BFDC5F82EB0A5F832B005F1340027F01B
:1082D00051F895F8393060F30503012185F83930FC
:1082E0000DF12F0028F034FD049B9DF82F20A5F8F8
:1082F0008C31774B85F83BB0A3FB0213DB0803EB13
:108300004303A2EB830295F83930A98DA5F88EB10D
:1083100003F03F0385F8393095F83C30A5F884B177
:10832000053223F0030385F83A20079A85F83C309C
:1083300040F2E24B674B0BFB02FB4FF4C0225B4465
:10834000C5F88821881DB3FBFBF39AB28242A5F8D9
:10835000862102DD063A521A92B2A5F882212846F9
:1083600023F08CFB5946284623F000FC099BC5F8F6
:108370005431002385F8503121F078F895F8942194
:1083800060F3020285F8942121F076F895F89421A3
:1083900060F3C50285F8942195F88021002363F3EA
:1083A000410285F8802105F1D40023F0EFF895F81B
:1083B0009A21169907F0010B6BF3410285F89A2177
:1083C0003122AA600023169A6B60EB601268C5F830
:1083D000A12195F89A218988A5F8A51169F30002D1
:1083E000039985F89A210A68C5F89B218A88A5F81F
:1083F0009F21C4F820A0C5E905332B70ED61B9E6D3
:108400000C200DB0BDE8F08F28F01CF900283FF4D7
:10841000DEAE16993846324627F04EFE84F8340018
:10842000D5E60B200DB0BDE8F08F002027F0EEFC64
:1084300094F8333043F00203C14684F83330CBE67E
:10844000256AEB6E63B1244A2449254840F21D4356
:1084500034F03EFD404080F311884FF0030002DF0E
:1084600005F1600105F15C001AF0FCFF06460028EA
:108470003AD02F68EE66D7F85451002D42D02846E6
:108480001DF0E2F9384620F059FD00230320236255
:108490000DB0BDE8F08F104A12491148C12334F0E5
:1084A00017FD404080F311884FF0030002DFD5E64E
:1084B00005F18000C5F88800E1E600BFAFF3008059
:1084C0008D49FD1A0700000000CA9A3B8C49FD1A2D
:1084D000ABAAAAAA7FC3C901C4830600687C0600B0
:1084E000A476060000770600104A1149114840F2B0
:1084F0001F4334F0EDFC404080F311884FF003003F
:1085000002DFB6E7094A0A490A4840F2264334F036
:10851000DFFC404080F311884FF0030002DFAEE73C
:1085200009981DF091F907207AE600BFC483060080
:10853000C47D0600A47606002DE9F04F04468DB0F8
:1085400090F81C80238D406AADF82C30E307C8F307
:10855000C0170E461546C8F340180A9000F10D8169
:108560000023A383B37C707C13F001031CBFD4F8F9
:108570001E30C4F82B3004F12B0214BF638CC4F8F6
:108580002B30FF28938004F1250904F11F0240F0ED
:10859000E5800023BDF82C100A98C4F82530A9F80E
:1085A0000430A777C4F81F0091803368D3F8009097
:1085B000EB8963862B8AA386B9F83030E38628F0EE
:1085C000FDFE84F838002F68384620F0BDFC0021FD
:1085D000A881E080384623F0DDFAD6F804A02068B0
:1085E00021461DF043F9AB89AAF806301C23DAF8BE
:1085F00000408AF80430B8F1000F40F0CC808AF8CF
:108600001C80514620461DF03BF9BB687A6895F8FE
:108610005A00B5F80E80F568674C934238BF134690
:10862000C0F3C00103F1090A00F0070040F2E24381
:1086300003FB08F828F0D8FC002202212D1A0120A3
:108640001AF05CFF484620F04BFAA5FB044558A3FE
:10865000D3E90023834629462046FDF75DFFCDF888
:108660000490B3685549009120F07F490BF1040252
:10867000A3EB0A03D2B24B44012100201CF018FBEB
:1086800010F0FD0F0CD04E4A4E494F4840F23D339A
:1086900034F01EFC404080F311884FF0030002DFED
:1086A0004FF0000B5B4603220121CDF800B0584685
:1086B0001CF0BCFA384620F047FCB36806463E483A
:1086C000A3EB0A0AA8FB000139A3D3E90023FDF7B5
:1086D00023FF19463D4B08933D4B069340F26D3303
:1086E000079709933B698046CDE904B31046002300
:1086F0004FF47A72FDF710FF364B0722A9FB0331C6
:10870000CDE9028002FB0911E01A65EB01014FF48B
:108710007A720023FDF700FF0536F6B2CDE900902E
:1087200053463246012158461CF0F0F910F0FD0F77
:108730000CD0234A2349244840F26E3334F0C8FB5E
:10874000404080F311884FF0030002DF0122022134
:1087500010460DB0BDE8F04F1AF0D0BE04F11E0176
:1087600027F066F8A37FBDF82C200A98C4F82500EE
:108770000233A377A9F8042017E7114A16491248D3
:1087800040F2BD2334F0A4FB404080F311884FF049
:10879000030002DFE4E66B7F43F040036B77281DA4
:1087A00026F03EFE4FF00108E88328E7AFF3008093
:1087B0008D49FD1A0700000000CA9A3B29F0040009
:1087C000C4830600387E0600A47606002DF004005F
:1087D0005DF004008D49FD1A747A06000000000067
:1087E0000538C3B2052B0CD870B580B20D4620F009
:1087F000B3FB044618B190F93930002B03DA00209E
:1088000070BD0020704790F876000F4EC0F3C00195
:1088100000F0070028F0E8FB0C4A00F2B5500721F1
:10882000E0FB0621104606A3D3E90023FDF774FE02
:1088300020F07F402860204670BD00BFAFF300806D
:108840008D49FD1A0700000000CA9A3B8C49FD1AA9
:108850002DE9F04F93B0FF240B930B1D0A930023D7
:10886000CDE90E33054616468DF837409B464FF04E
:10887000040A1F469946984610AB0693564B05933B
:10888000564B03930FAB01930EAB002000930223D2
:1088900010930490029033460DF1370229461CF0E4
:1088A0004BFA022815D0109BCBB9FF2C26D0336889
:1088B000BB4223D0BAF1000F40D00AF1FF3AFF24A7
:1088C0005FFA8AFA8DF83740D6E7294600201CF077
:1088D0007FFA109B022BF8D0109B002BE5D0404A6A
:1088E000404941484FF4F77334F0F2FA404080F3C6
:1088F00011884FF0030002DFFF2CD8D19DF837001C
:10890000FF2829D011A9FFF76BFF0028B4D0FF2C56
:108910000E9F119B0AD04146384609931CF072FA0B
:108920000A9B03EB09029042099B17D8B8469DF8B1
:1089300037403768DDF83CB099469DE72B49284A17
:1089400029484FF4FB7334F0C3FA404080F3118898
:108950004FF0030002DFB0E7FF2C34D0244807219A
:10896000A9FB000301FB093119A3D3E90023FDF79B
:10897000D3FD044600B140341E4AABF57423A3F581
:108980001073934216D81A480721A8FB000301FB75
:1089900008310FA3D3E90023FDF7BEFD164BA3FB5F
:1089A0000B2304EB93440B9B044400201C6013B086
:1089B000BDE8F08F0BF1E87B0BF5D43B08F1FF38F5
:1089C0000BF5A57BDFE76FF0090013B0BDE8F08F72
:1089D00000CA9A3B0000000039F304003DF3040094
:1089E0001084060054840600A47606005C84060009
:1089F0008D49FD1ABFBDF07F83DE1B4300000000E0
:108A00002DE9F043C668476873683D491A68D0F895
:108A10000090A7F57423A3F510738B4283B08046B2
:108A200007D907F1E87707F5D43709F1FF3907F5DA
:108A3000A57773681169DD89CDF8049006F11003FC
:108A400001AA0220FFF704FF00284ED10199A1EBF3
:108A500009031B0237D4084649461CF0D3F90346E4
:108A600028480721A3FB000201FB032122A3D3E92D
:108A70000023FDF751FD34690444002C346109DB07
:108A800040F2E24305FB03F3A3422FD2E41AA342D0
:108A9000FCD33461D8F800301A48A3EB0903A3FBD8
:108AA0000002072101FB032113A3D3E90023FDF7F3
:108AB00033FD154BA3FB0737A0EB974020443061F3
:108AC00003B0BDE8F08348461CF09CF903460D480E
:108AD0000721A3FB000201FB032107A3D3E9002325
:108AE000FDF71AFD3469241AC7E73469002CD1D187
:108AF00003B0BDE8F08300BF00CA9A3B000000004D
:108B0000BFBDF07F8D49FD1A83DE1B4300000000CE
:108B100010B5334C3349002304F1FF3C14F83320E3
:108B2000072A02EB820E05D811F83E206FF345129A
:108B300001F83E201CF833206FF300020CF83320BC
:108B40000133082BEAD1284A284C002313700A78F5
:108B500063F300020A7091F8282063F3000281F8A1
:108B6000282091F8502063F3000281F8502091F8FA
:108B7000782063F3000281F8782091F8A02063F355
:108B8000000281F8A02091F8C82063F3000281F868
:108B9000C82091F8F02063F3000281F8F02091F8EA
:108BA000182163F3000281F81821114A9FED0A7B16
:108BB0001370104B83ED007B0F4B236028B1BDE891
:108BC00010400E490E483AF037BBBDE810400C4843
:108BD0003AF040BBAFF30080FFFFFFFFFFFFFFFF56
:108BE000419E0020009D0020B4B20020109C002077
:108BF000B3B20020286B0020A0BB0D00F9FF0400D9
:108C0000F86A0020000000002DE9F04F8FB00DF150
:108C100037010446DFF8E0A0DFF8E0800DF1360010
:108C20001CF0ACFE9DF836309DF837B00B931CF06D
:108C3000E7F8DAF80060A6FB085629A3D3E9002379
:108C40000027814631462846FDF766FCCDE90777C7
:108C5000069420F07F44DAF80400234B0593A0FB30
:108C600008011FA3D3E90023FDF756FC1F4B20F09A
:108C70007F40A4FB0331072202FB0411CDE90370FE
:108C8000E81A66EB01014FF47A720023FDF744FC09
:108C90000097CDE901404B460B985A4603211BF043
:108CA00019FF10F0FD0404D06FF08B000FB0BDE889
:108CB000F08F0F480F4A002331F016FC20B9DAF884
:108CC0000C000FB0BDE8F08F9DF837209DF83600FE
:108CD0000094234603211BF0A9FF6FF07300E5E722
:108CE0008D49FD1A07000000490705008D49FD1A4E
:108CF000B49E0020447B0B00CC9E002000CA9A3B0F
:108D000038B50F4D04461CF07BF8A9681CF07AF8C2
:108D1000696803460B48B3FBF4F4A1FB00011C4453
:108D200005A3D3E90023FDF7F7FB20F07F40844241
:108D300094BF0020012038BD8D49FD1A07000000B6
:108D4000CC9E002000CA9A3BF0B5C468636883B02B
:108D50000546002B63D12AF0CBF808202AF0EEF864
:108D6000002108462AF0DCF80022252108202AF0FC
:108D70001BF9454B019301A82AF0FEF8434940F244
:108D80005B602AF0A9F9237AC3F3420262F3061367
:108D90002046237228F034FD27F054FC58BB637A38
:108DA0009B071FD127682E68384628F0BBF8064479
:108DB0006A6806F1090101202AF0E8FA2AF0D4FBDA
:108DC00020461FF04FFC811C3246C9B2384628F0BD
:108DD000B7F8054670BB204628F03EF888B9002059
:108DE00003B0F0BD012026F0A1FF4178821C00787D
:108DF0002AF06CFAD6E7607A10F0030018BF012061
:108E0000F1E7234A2349244840F22C4334F060F828
:108E1000404080F311884FF0030002DFDFE793F852
:108E200020309A0797D01D4821462AF01FF82AF0D3
:108E30000DF9D4E7164A1A49174840F2144334F0A2
:108E400047F8184B0721A5FB030301FB05310CA3D1
:108E5000D3E90023FDF760FB13490246134834F0C1
:108E600037F8404080F311884FF0030002DF1048CC
:108E7000214629F0FBFF2AF0E9F86FF08B00AFE7FD
:108E800000CA9A3B00000000D6BE898E5555550099
:108E90002C88060010780600A4760600C91005008C
:108EA000247706008D49FD1ADC880600B08806008C
:108EB000D1130500000000002DE9F041C46894F9C9
:108EC0001630002B8CB0C0F2FF80636805460E465A
:108ED000002B40F0EE80A37D6FF30003A3752AF012
:108EE00007F808202AF02AF8002108462AF018F886
:108EF0000022252108202AF057F801201CF040FE0E
:108F00000746002800F0C78007F11C002AF076F819
:108F1000874B0B930BA82AF02FF8864940F25B6031
:108F20002AF0DAF8A07DC0F34100253028F01AF8C5
:108F30008148214629F09AFFA37D9B0603D46368EC
:108F4000002B00F0A58096202AF014FA00231A4680
:108F5000194618462AF026F927F074FB002838D164
:108F6000A37D13F0180F59D1D4F800802F68404624
:108F700027F0D8FF07446A6807F1090100202AF0AA
:108F800005FA2AF0F1FA2AF07DF920461FF0B6FD25
:108F9000011DC9B240463A4627F0D2FF804600285C
:108FA00040F0998016B9636A002B4ED1636843B1D3
:108FB000624B0122022100209D601AF0D5FA0028A0
:108FC00035D1204627F048FFD0B900200CB0BDE8CD
:108FD000F081A07DC0F3C00026F0A8FE07460DF189
:108FE0002B0027F0A7F979788046BA1C38782AF048
:108FF0006DF99DF82B00002241462AF085FBB3E76E
:109000004F4A5049504840F20B2333F061FF404033
:1090100080F311884FF0030002DFD6E7012026F02D
:1090200085FE4178821C00782AF050F99CE7444A7A
:109030004649454840F2062333F04AFF404080F35A
:1090400011884FF0030002DFBBE7414A0792414A13
:10905000059240F2F31200930892CDE90366CDE940
:10906000016606943B46314603221BF033FD10F0A7
:10907000FD0F9BD0324A384933484FF4FA7333F02E
:1090800027FF404080F311884FF0030002DF8DE797
:109090002AF0E8F860E72A4A30492B484FF4C573B4
:1090A00033F016FF404080F311884FF0030002DFD9
:1090B0002AE7636893F82030D90705D4636893F8EA
:1090C00020309A077FF507AF2548214629F0CEFECC
:1090D00029F0BCFF79E71A4A22491B4840F2E51300
:1090E00033F0F6FE204B0721A8FB030301FB0831F8
:1090F0000DA3D3E90023FDF70FFA1C4902461C48D3
:1091000033F0E6FE404080F311884FF0030002DFA9
:109110001848214629F0AAFE29F098FF6FF08B002D
:1091200054E700BFAFF3008000CA9A3B0000000084
:10913000D6BE898E5555550019920200F8110020AF
:10914000E888060010780600A47606001878060065
:10915000491F0500E91F0500B47B0600788806005A
:10916000C9100500247706008D49FD1A34890600D0
:10917000B0880600251E050038B5044628F002FE1A
:10918000A37DA27DC3F34103013303F00303032B4B
:1091900008BF002363F3420214BF03F1250025201A
:1091A000A27527F0DFFE63680BB123694BB91BF092
:1091B00027FEC11C00202AF05DF9BDE838402AF0E6
:1091C000D3B92AF085F905461BF01AFEC11C002010
:1091D0002AF050F92AF0C8F92AF07AF929461BF04A
:1091E00011FE0B4A03460721A0FB020201FB0321EB
:1091F00005A3D3E90023FDF78FF923691B1A236127
:1092000038BD00BFAFF3008000CA9A3B00000000E9
:109210008D49FD1A000000002DE9F0478AB0044690
:1092200029F046FFC0B250B927F0F4FEC4482146E9
:1092300029F01CFE0AB0BDE8F04729F007BF29F06D
:1092400057FF05462AF076F807462AF07DF8814652
:109250002AF0B4FA06462AF093FA82462AF02CF84D
:10926000EDB280462AF00CF827F0D4FE002DDDD0B8
:1092700001201CF085FC0546002800F04D8117F008
:10928000FF07F6B240F0E380002E40F0DA804FF0A6
:10929000FF093A464B463146204628F099FF002800
:1092A000C4D02A7F616800238DF823305FFA88F7E5
:1092B00002F00F03002900F0EC80616891F82010A3
:1092C000880700F1E680072BB0D0A17D090740F1A7
:1092D0004381002B40F0C4806B7F063B1F2BA5D839
:1092E00004201CF04DFC0028A0D02AF045F9636A48
:1092F000074643B9238C40F2712202FB03F3B0FB13
:10930000F3F203FB120723681A698E4B0721A2FBB5
:10931000030301FB023188A3D3E90023FDF7FCF826
:109320006FF44A7C00EB0C03BB42FFF47FAF29F0E3
:1093300099FF4846636826F0E3FFE37D990780467E
:1093400040F1E581002800F0E2818246012729F002
:10935000DDFECDE9027A09AB049305F11E0301930A
:109360002B7FC3F38013014607460093002201239D
:10937000204628F047FF384629F046FE29F08EFEA9
:10938000002840F0CA817048214629F06FFD6268CC
:1093900092F8203043F0010382F82030A37D43F09F
:1093A0008003A3751CF00EFC172202714FF6FF72AA
:1093B000C28095F81CC082463B46CCF3401C00F1AD
:1093C0001C0207F1200E1D6858689968DF68D76095
:1093D0001033734515605060916002F11002F2D1B4
:1093E0001B6813609AF81C30CAF808406CF34513E8
:1093F0008AF81C302AF06CF8002ECAF81000099B7D
:10940000CAF8143008BF4FF0FF098AF81990E37DBD
:1094100013F0020303D0B8F1000318BF01239AF838
:109420001A2063F300028AF81A201CF0CBFBCAF85A
:109430000C00DAF8000051460AB0BDE8F0471CF015
:10944000EFBB5FFA8AF026F0E9FF814621E7A07DB5
:109450005FFA89F1C0F3C00026F076FF814618E775
:10946000012B40F089806A7F0C2A7FF4DFAE2A7FCF
:10947000CDF80090194600230193D20905F1240389
:10948000204628F0F9FD00287FF42AAF2B7F03F057
:109490000F03002B70D16B7F052B7FF6C7AE252BFA
:1094A0003FF6C4AEA27D02F02102202A09D16268F3
:1094B000002A00F0C180052B7FF6B8AE252B3FF6C1
:1094C000B5AE63682BB12B7F03F00F03072B7FF43E
:1094D000ADAE03209DF823801CF052FB054600280A
:1094E0003FF4A4AE1CF06EFB4FF6FF73EB80052338
:1094F0002B71002F3CD17F20AB7E2876002E08BF39
:109500004FF0FF0968F34103286885F81990AB769E
:1095100029461CF085FB89E60C4A0D490D4840F2AE
:10952000C72333F0D5FC404080F311884FF003008F
:1095300002DFA4E6AFF3008000CA9A3B00000000FF
:109540003D1E05008D49FD1A2D200500E888060006
:1095500078880600A4760600B9F1FF0F8DF82490F4
:10956000C2F380184BD0227E91453FF4B2AE90E713
:1095700029F092FEC0B2BFE7062B8CD04521D9401E
:1095800011F0010139D1012B10D16B7F0C2B7FF42D
:109590004DAE2A7FCDF800900DF123030193D2093F
:1095A00005F12403204628F067FD08BB2B7F03F05C
:1095B0000F03042B7FF43AAE6B7F063B1F2B3FF665
:1095C00035AEA37DDB077FF531AE29F09FFD2B7F04
:1095D0000278C3F38013B3EBD21F7FF427AE0830B9
:1095E000062205F11E013AF03BFB00287FF41EAE77
:1095F0006B7F002B7FF465AF18E66B7F5BE705F1AF
:109600001E0A09AA5146404626F0BEFF00283FF434
:109610003DAFE37D03F0010343457FF437AF51468F
:10962000062204F108003AF01BFB00287FF42EAF5D
:109630002B7F03F00F034CE69620079229F09AFE49
:10964000079A104629F066FD03201CF099FA80461F
:1096500000283FF4EBAD1CF0B5FA4FF6FF73A8F805
:109660000630052388F80430002F64D17F23002EB4
:1096700088F8183014BF4B46FF2388F8193098F843
:109680001A30D8F800006FF3410388F81A304146C9
:109690001CF0C6FA29F03AFD06460322337862F33D
:1096A000030333702B7F3278C3F3801363F3C71245
:1096B0000C2332704846737026F022FEE27D92073A
:1096C0003DD500283BD03178324641F0400102F8C8
:1096D000021B0168C6F8021083889380D5F81E30FB
:1096E000B3606B8CB381304629F08EFC29F0D6FC38
:1096F000002835D129F038FFA37D204843F001032D
:109700002146A3750AB0BDE8F04729F0AFBBA77D9D
:1097100004F1190AC7F3801719E6194A19491A48BA
:1097200040F2A44333F0D4FB404080F311884FF063
:10973000030002DF27E629F0AFFDC3B297E7A37D60
:109740003278C3F3801363F38612334603F8022B97
:10975000D4F81920C6F80220B4F81D209A80BDE77D
:10976000074A084908484FF4A56333F0B1FB40406D
:1097700080F311884FF0030002DFBBE7511E0500A4
:10978000E888060080880600A47606000000000035
:109790002DE9F041C468A2894FF6FF739A4282B066
:1097A00000F0C780054628F031FE2B89628AE08AE6
:1097B0001A4492B21044637FA28280B2411CE182BB
:1097C0005E064FF00001618204F1180100F18C8007
:1097D00003F03F000B46A17F009004F11F0025F02D
:1097E000D7FD0646D4E90B231344D4E90D0200212A
:1097F0000244E1626163A16AA26394F872208B4221
:1098000028BF0B4612F00402236377D029F070FBC7
:10981000082029F093FB201D29F0AEFB2389A17AB3
:1098200040F25B6043EA014129F056FC304627F0E4
:1098300099FB2146584829F019FB962029F09AFDFA
:1098400094F85A2094F85B00C2F3C003002102F0A0
:10985000070200F0070029F0A5FC204628F038FE9A
:1098600027682E68384627F05DFB06446A6806F1D3
:109870000901002029F08AFD804629F049FE0020D8
:1098800029F060FE236B94F85B0003F13002A36BB8
:1098900000F00700012103EB420529F0C3FB45441A
:1098A000054494F85B0000F00700022824D0042847
:1098B0000CBF4FF4BC73282301211D4429F0B4FBD5
:1098C000284429F017FEA18905313246C9B238462D
:1098D00027F036FB054698BB204627F0BDFAD0B9E5
:1098E000002002B0BDE8F0810A4603F03F03E18B9F
:1098F00025F09AFD064675E71823DDE7D4E9170140
:1099000019F0C4FD002881D194F8723043F00403AB
:1099100084F872307AE7214A2149224840F25513EF
:1099200033F0D6FA404080F311884FF0030002DF95
:10993000D6E71D48214629F099FA29F087FBCFE7A1
:10994000164A1A49174840F24B1333F0C1FA184B24
:109950000721A5FB030301FB05310DA3D3E9002378
:10996000FCF7DAFD13490246134833F0B1FA4040E0
:1099700080F311884FF0030002DF1048214629F0E0
:1099800075FA29F063FB6FF08B00AAE7AFF3008054
:1099900000CA9A3B0000000029270500B489060090
:1099A00010780600A4760600C9100500247706008A
:1099B0008D49FD1A088A0600B0880600A51005002A
:1099C000F0B5C468A2894FF6FF739A4285B000F0E3
:1099D0008B80054628F01AFD2B89628AE08A1A449A
:1099E00092B21044637FA28280B2411CE1825E0683
:1099F0004FF00001618204F118015FD403F03F00D1
:109A00000B46A17F009004F11F0025F0C1FC064623
:109A1000204603A928F02AFE039B94F872101A78B6
:109A200061F3C3021A70039A94F872301178C3F389
:109A3000400363F38201117029F05AFA082029F0DB
:109A40007DFA201D29F098FA2389A17A40F25B6003
:109A500043EA014129F040FB304627F083FA03999D
:109A6000204628F0D7FD2146374829F0FFF99620F7
:109A700029F080FC94F85B0000F0070029F04AFB15
:109A800027682E68384627F04DFA06446A6806F1C2
:109A90000901012029F07AFC29F066FDA189053130
:109AA0003246C9B2384627F04BFA054618BB204665
:109AB00027F0D2F950B9002005B0F0BD0A4603F0F6
:109AC0003F03E18B25F0B0FC0646A1E71F4A204981
:109AD000204840F2031333F0FBF9404080F3118833
:109AE0004FF0030002DFE6E71B48214629F0BEF9EC
:109AF00029F0ACFADFE7154A18491648F92333F084
:109B0000E7F9174B0721A5FB030301FB05310CA364
:109B1000D3E90023FCF700FD12490246124833F056
:109B2000D7F9404080F311884FF0030002DF0F485F
:109B3000214629F09BF929F089FA6FF08B00BBE7E9
:109B400000CA9A3B000000005D250500148A06004B
:109B500010780600A4760600C910050024770600D8
:109B60008D49FD1A648A0600B0880600A51005001C
:109B70002DE9F04F87B00546039117461E468368CE
:109B800004AA5B689847002831DBDDE9044AA7FB9B
:109B900004B307FB0A37584619A3D3E90023394613
:109BA000FCF7BAFCDFF8608002904FF0FF39D9452E
:109BB00078EB07031ED3A6FB04B406FB0A4410A3EC
:109BC000D3E9002321465846FCF7A6FCD94578EB9B
:109BD000040403460ED30299AA6899420DD3BDF836
:109BE0004010009114682846DDE90221A04707B023
:109BF000BDE8F08F6FF08500F9E76FF01500F6E72C
:109C000000CA9A3B00000000FFC99A3B0000000018
:109C10002DE9F0472DED028B9FED498B4A4E84B024
:109C200004464FF02003EFF3118783F31288BFF34C
:109C30006F8FD4F8C8508DB9022104F1E00039F0DB
:109C400044FA002843D100238DED008B029304F1E8
:109C5000D00239463D4831F025F9E2E7D4F8CC206E
:109C60002B68C4F8C830954208BFC4F8CC30D4F88B
:109C7000E03043F00203C4F8E030EB6823F0040363
:109C800043F00103EB606B6887F31188BFF36F8FBC
:109C9000284698474FF02003EFF3118983F3128889
:109CA000BFF36F8FEB68990723F0010219D4EA60C4
:109CB000D4F8E03023F00203C4F8E03089F31188CF
:109CC000BFF36F8FDB05ACD430F0CCFFA9E704F114
:109CD000D80500220121284639F0FDFB0028F8D1E3
:109CE000B1E7306823F00303EB600028E0D00027E1
:109CF000D0F80080BA460028DAD042689542014682
:109D00000BD1016897B972683160824200D17160ED
:109D100040F808AB30F0C2FB3946B8F1000F0BD069
:109D2000D8F8002040460F469046E4E73960726854
:109D3000824208BF7760EBE74246F3E7AFF300806B
:109D4000FFFFFFFFFFFFFFFF14AF00201AB300204B
:109D5000F8B510EE904A34F000472DED048B10EE6C
:109D6000103AB0EE609A0DD183F480035B0013F5D6
:109D7000000F40F2098230EE098AB0EE480ABDECCD
:109D8000048BF8BD23F00040B0F1FF4F02D8B7F1CB
:109D9000FF4F08D9B3F17E5FEDD184F480046400F5
:109DA00014F5000FE5E7002B01462DDAB7F1974FC8
:109DB0000CD3B7F1FF4F2AD00225B4F17C5F41D11B
:109DC000002BC0F28F80B1EEC08AD6E7B7F17E5F7C
:109DD00031D3FA15C2F1960247FA02F505FA02F2FA
:109DE000BA423DD1B7F17E5F4AD1002C80F2D281D8
:109DF000B5EE400AF1EE10FA50D1D80FBDEC048B4D
:109E0000BDE8F84031F00ABFB7F1FF4F3DD1B0F1E6
:109E10007E5F00F0B98108D9DFED977A002CB4BFDE
:109E2000B0EE678AB0EE498AA7E7002C80F2AF81D6
:109E3000B1EE498AA1E7B4F1804F34D0B4F17C5F30
:109E40005CD0002523F04042B2F17E5FB0EEC08AC4
:109E50003FD1002CBCBFB7EE007A87EE088A29E01C
:109E6000B7F17E5FC1D00025B4F1804FEAD1B0F1E7
:109E7000BF4F1AD2B0F1D05F29D920EE008A7CE71B
:109E800005F00105C5F10205EEE7B7F17E5FACD044
:109E9000B4F1804F4FF00005E9D08EE7B7EE007ABD
:109EA00087EE008A69E70025E1E7B0F1FF4FB0EEE9
:109EB000C08A35D1002BBFF660AFA0F17E50284399
:109EC00016D1BDEC048BBDE8F84031F0B7BEB0EE62
:109ED000C08A28BB002C1EDA002B8FDA6B1E58427A
:109EE00058418BE7B0F1FF4FB0EEC08A40F055818A
:109EF000012D7FF442AFB1EE488A3EE7B0F1FF4F4B
:109F0000B0EEC08A3FF439AFB0F17E5FD9D00028FF
:109F10003FF433AFD5E7012D08BFB0EE408A2CE700
:109F2000DE0F013E55EA0602CBD0B7F19A4F40F260
:109F30004081524B984208D8002C0BDA0020BDEC2F
:109F4000048BBDE8F84031F059BE4D4B984208D91A
:109F5000002CF3DC0020BDEC048BBDE8F84031F0B0
:109F60003DBEB7EE007A38EE478ADFED467ADFED88
:109F7000469A3FA1D1E9000168EE278AFCF77CFAF6
:109F800007EE900AB5EE007A48EE477AB6EE007A10
:109F900007EEC87A68EE087ADFED3C6A27EE277A8A
:109FA000F0EE687A47EE667A68EE299A39EEA77A7B
:109FB00017EE103A23F47F6323F00F0307EE103AF5
:109FC00077EE699A77EEE97A013D24F47F643543B0
:109FD000B7EE007A24F00F04BFEE008A18BFB0EE8F
:109FE000478A07EE104A67EE890A39EE477A07EE8C
:109FF000903A47EE270A07EE104A67EE877A30EE6E
:10A00000A77A17EE101A002921F000431ADDB3F1E8
:10A01000864F09D9B5EEC08AF1EE10FA4CBF012087
:10A0200000208CE70120E5E036D1DFED196A37EE3C
:10A03000677A70EEA66AF4EEC76AF1EE10FAE9DC10
:10A0400086232DE0134A934207D9B5EEC08AF1EE7C
:10A0500010FA4CBF012000207DE71DD137EE677A52
:10A06000B4EEE07AF1EE10FAEADBEEE7AFF300804F
:10A07000E13D55555555D53F00000000F3FF7F3FAA
:10A080000700803F70A5EC3600AAB83F3BAAB83F56
:10A090003CAA383300001643B3F17C5F6FD9DB155F
:10A0A0007E3B4FF4000018410844C0F3C753A04A58
:10A0B0007F3B1A41024007EE102AC0F3160040F41D
:10A0C0000000C3F117031841002977EEC77AB8BF23
:10A0D000404237EEA07ADFED976ADFED975A9FEDA9
:10A0E000976A17EE103A23F47F6323F00F0307EE0D
:10A0F000103A77EE677A67EE266A70EEE70ADFEDD0
:10A10000907A67EE277A9FED8F7A40EE877AB7EEE6
:10A11000000A36EEA77A77EE666A77EEE67A67EEA1
:10A12000076A47EE277A16EEA56ADFED875A46EEF4
:10A13000265A9FED866A15EEA66ADFED855A46EE31
:10A14000265AB0EE476A05EEE66AF0EE006A67EE60
:10A15000065A36EE666AC5EE866A76EEE77A77EEDE
:10A16000C77A30EE670A10EE103A03EBC053B3F52E
:10A17000000F06DA31F0ECFC20EE088AFDE5002045
:10A18000A7E700EE103AF7E7B7EE008AF5E59FED96
:10A19000718AF2E5B0EE408AEFE5B0F17E5F3FF400
:10A1A0008CAE00283FF4B7AE002D3FF48AAE0225F6
:10A1B000002613F0FF4F08BF9FED677A674802BF84
:10A1C00068EE077A6FF0170317EE901A4FEAE15224
:10A1D00018BF00237F3A1A44C1F31603834243F0A9
:10A1E0007E5106DD5E4883427FF71CAF0132A1F548
:10A1F000000100205B4B03EB8003D3ED005A5A4B68
:10A2000006EE101A75EE867AF7EE006AC6EEA74AD9
:10A21000491041F0005101F5802101EB405136EE2B
:10A22000657A07EE901A27EE245A15EE107A1F4031
:10A2300006EE907A06EEE77A77EEE57ADFED4B5A96
:10A2400036EE676A65EE057A06EE667A9FED486A35
:10A2500047EE865A9FED476A05EEA76ADFED465A3C
:10A2600046EE275A9FED456A05EEA76ADFED445A90
:10A2700046EE275A27EE247A36EE856A67EEA77AED
:10A2800026EE076A05EEA76A66EEA64AF0EE085AC1
:10A2900074EEA57A77EE867A17EE901A194007EEDB
:10A2A000901A77EEE55A27EE277A75EEE45A66EEB5
:10A2B000A76A36EE656A06EE057A9FED326A76EE9B
:10A2C000877A17EE901A194007EE901A77EEE66A31
:10A2D00027EE866A37EE667ADFED2B6A2B4967EE4A
:10A2E000A67ADFED2B6A47EE267A01EB800191ED2D
:10A2F000007A77EE877A07EE102A264A02EB800270
:10A30000D2ED005A76EE276AB8EEC77A76EEA56AE5
:10A3100076EE876A16EE902A134006EE903A36EEF5
:10A32000C77A37EE657A37EE467A77EEC77A4BE62C
:10A33000000080FF0072313F4CBB31330EEADD3547
:10A340008CBEBF351872313F55B38A38610B363B2E
:10A35000ABAA2A3E000000000000804B71C41C0024
:10A36000D6B35D00948E060000F0FFFF55326C3EC0
:10A3700042F1533E05A38B3EABAAAA3EB76DDB3E2E
:10A380009A99193F0038763FA0C39D36848E060007
:10A390004F38763F8C8E06002DE9F04186B00E4690
:10A3A00000AF1D4614468AB9204B7B61022320482A
:10A3B0003B614FF48651134607F1100231F06FFCF8
:10A3C0002046B4811837BD46BDE8F0816E4688B09E
:10A3D0006A46184BDFF8708053610423C2E9068592
:10A3E000134842F8103F4FF40451002331F057FC5A
:10A3F00082B06A46104B0E48C2E905380F4BD36154
:10A4000040F20133138429050D4B42F8103F41F40B
:10A410001451234631F043FC0A4B1B68B5460BB977
:10A420000120CFE7294620469847F9E7E892060041
:10A4300074480600069306007FEA0600289306008B
:10A44000040000019C6F0020409F06002DE9F041B0
:10A4500004230370154B8360154BC3600123002553
:10A4600003824FF6FF7300AF044680F86450C56561
:10A47000A0F86050C382057600F10801406815F02D
:10A4800001FB80B1E84688B06A460A4B0326C2E960
:10A4900005304FF4C25142F8106F07482B4631F097
:10A4A000FEFBC5462670BD46BDE8F0817414002051
:10A4B0003DB2020033930600744806002DE9F043D4
:10A4C00087B0E94600AF204D204B7B614FF002087A
:10A4D0004FF4865607F11002002331462846C7F88C
:10A4E000108031F0DCFB1A481A49002404704460E3
:10A4F0006C3038F05DFE184811F096F888B06A4666
:10A50000164B536141F288339361032342F8103FA5
:10A510004FF4C6512346284631F0C1FB4FF4203298
:10A52000CD4600230E4830F023F90E4B07F1100200
:10A53000C7E9048328462346314631F0B0FB204664
:10A540001C37BD46BDE8F0837448060052930600F0
:10A55000A06F002021A60200E00300206F930600F8
:10A56000000000209B930600F0B587B0044620222F
:10A5700000AF0021243039F0BCF9244B23620123C1
:10A5800004F14402B4F85E1023876D46B4F86030DD
:10A5900062638AB0A38521866A461D48C2E90731F5
:10A5A000C2E90503052342F8103F1A484FF423512E
:10A5B000002331F074FB04F120016068AD4615F012
:10A5C0009FFEA8B110F1780F12D088B06A46124BE6
:10A5D0000326C2E905304FF4C25142F8106F0D480E
:10A5E000002331F05CFBAD4626701C37BD46F0BD44
:10A5F0000A4B7B6102233B610648002307F11002EE
:10A600004FF4865131F04BFBEFE700BF99A30200F6
:10A61000B493060074480600F993060013940600EC
:10A6200090B587B010F86C3C052B00AF12D06C468B
:10A6300088B06A4611491248C2E90513032342F85B
:10A64000103F4FF4C451002331F029FBA5461C37BD
:10A65000BD4690BD30F80C3C5BB90A4A7A610222D3
:10A660003A61074807F110024FF4825131F017FBAD
:10A67000EDE76C38FFF778FFE9E700BF3794060095
:10A68000744806005B9406002DE9F04186B0B0F8EE
:10A69000603000AF04465BB9384A7A6102223A6101
:10A6A0004FF4825107F11002354831F0F8FA4CE0CE
:10A6B00005230370406835F033FB6D4688B0804653
:10A6C0006A46304B0326C2E905304FF4C65142F8C2
:10A6D000106F2B48002331F0E2FAB8F1010FAD46BC
:10A6E0000ED988B06A46284BC2E9053842F8106F87
:10A6F00000234FF4C651224831F0D1FAAD4621E093
:10A7000088B06A46214B1E48C2E905384FF4C6514D
:10A71000002342F8106F31F0C2FA02216068AD46A2
:10A7200035F0D7FA10F1780F034612D1184B7B6140
:10A7300002233B611248002307F110024FF48651B7
:10A7400031F0ADFA2046FFF70FFF1837BD46BDE8E0
:10A75000F08150B188B06A460E490023C2E9051065
:10A7600042F8106F4FF4C451C5E70B4A7A610222D8
:10A770003A614FF4865107F1100295E77E94060086
:10A78000744806009F940600BA940600E9940600F7
:10A7900016950600429506007C950600F0B50378F4
:10A7A0009A1E012A87B00C4622D8416845780023BA
:10A7B0004E1C41F61207AB4210DB0378083B012B1D
:10A7C0001BD8457841681F2D28BF1F252A46A01C8D
:10A7D000254439F080F80023AB700EE016F803C072
:10A7E000CA5C42EA0C2212B2BA4210D00233E2E74B
:10A7F000FF2BE2D14378012B02D8012007B0F0BD36
:10A8000043681B884C2BF8D101234B70D5E70123FB
:10A810002370064B059302230548049304AA0023E2
:10A820004FF4865131F03BFA0020E7E7B39506007C
:10A8300074480600F0B587B06E4600AF1F4B7B61D1
:10A8400002233B611E481F4C002307F110024FF406
:10A85000865131F024FA1C4B00251D70237833B348
:10A8600010F0CCFE88B110F1780F0ED088B06A4697
:10A87000164BC2E90530032342F8103F10482B461F
:10A880004FF4C25131F00BFAB546002323706C46E9
:10A8900088B06A460E4951610E499161032142F820
:10A8A000101F07484FF4C85131F0F9F9A5460A487E
:10A8B00038F0D0FC1C37BD46F0BD00BFDB9506006C
:10A8C000744806007AB000207BB00020FB9506009B
:10A8D00018960600569F06003000002070B50378D9
:10A8E0008AB004460E4607AD032B20D8DFE803F0FC
:10A8F00002191B1D11492846FBF782FF0595637855
:10A900000493A3780393E378029323790193637903
:10A910000093A3790A4A1E21304630F079FD0AB02F
:10A9200070BD0849E7E70849E5E70849E3E7084A51
:10A930000A21284630F06CFDE0E700BF32960600A1
:10A940005496060039960600409606004A96060080
:10A95000FE9F06002DE9F041584C8EB0636883429B
:10A9600000AF0E4615463BD135F025FA07F1180128
:10A97000FFF7B4FF07F11801002D5ED094F87C308A
:10A980000133DBB2E8468CB084F87C306A4653620F
:10A99000032393624A484FF400739385494BC2E9FD
:10A9A0000501C2E90765484842F8103F4FF471516C
:10A9B000002331F074F994F87C30022BC54613D98A
:10A9C000424B7B61022340483B614FF4825100239C
:10A9D00007F1100231F063F90521606835F0EDF9F7
:10A9E0003837BD46BDE8F0812378032B0FD1384BB3
:10A9F0007B6102233B613448002307F110024FF4CE
:10AA0000865131F04CF92046FFF720FDE8E7052B91
:10AA1000E6D1B4F86030002BE2D02E4B7B610223EC
:10AA20003B612948002307F110024FF4865131F0B1
:10AA300036F92046FFF798FDD2E7E8468AB06A4625
:10AA4000254BD661C2E905314FF400731384234BC3
:10AA500042F8103F1C482B464FF4135131F01FF9B8
:10AA60002378032BC54610D1012EB9D988B06A4688
:10AA70001B491548C2E9051642F8103F4FF4C6516C
:10AA80002B4631F00CF9C546BDE7052BA8D1B4F82B
:10AA90006030002BA4D0012EA2D9124B7B6102237F
:10AAA0003B6109482B4607F110024FF4865131F003
:10AAB000F6F804F16C002FF0F3FD91E7A06F002091
:10AAC000779606000700000174480600AD96060060
:10AAD000E09606000C97060044970600040000016B
:10AAE00066970600A19706002DE9F04389B000AFF4
:10AAF0000C46394681466D46FFF7F0FE88B06A463F
:10AB00001E4BDFF88C801E484FF40076C2E90537F3
:10AB10009683002342F8108F4FF4E65131F0BFF8CE
:10AB20004946AD4600200EF0FBFF0346A0B18AB0B7
:10AB30006A461449144BD061C2E9051716841048BF
:10AB400042F8103F4FF41251002331F0A8F8AD46FF
:10AB50002437BD46BDE8F08388B06A460B4996832A
:10AB6000C2E90517064842F8108F4FF4E65131F05C
:10AB700096F823680133AD462360E9E7D1970600D4
:10AB800074480600E097060004000001FD970600E7
:10AB9000030000012DE9F047974A984E9AB01368D8
:10ABA0000D4601333221136093FBF1F201FB1232A7
:10ABB000012A00AF044611D1E84688B031786A46D0
:10ABC0008F48D161C2E90503042342F8103F8D4844
:10ABD00000234FF4035131F062F8C54633788BB14E
:10ABE00094F9053055330DDBDFF85C82216898F865
:10ABF0000030002B67D0072208F1650039F030F8EB
:10AC0000002860D16837BD46BDE8F0877E4B81E003
:10AC10007E4BFB610223BB617A48002307F11802D7
:10AC20004FF4845131F03BF8ECE797F84630002BB5
:10AC3000E8D007F1240620683146FFF74FFE94F96B
:10AC400005306C468AB06A4671491362714B516196
:10AC5000536207F14601704B6A48C2E9061642F892
:10AC6000103F4FF443512B4631F019F8A546C9E780
:10AC700010F1780F00F08D8088B06A46674BC2E90A
:10AC80000530032342F8103F5E4853464FF4C45149
:10AC900031F005F8CD467CE0E94688B06A46604B65
:10ACA000C2E905354FF4007393835E4B42F8103FC1
:10ACB0004FF4E6510346534830F0F1FFCD4634706F
:10ACC00088F800409EE7584B07F1440C03F1200937
:10ACD000624618685968E646AEE8030008334B45FB
:10ACE000F446F6D11B885149AEF8003028460DF0E5
:10ACF00065FD97F84450002D97D007F12405206892
:10AD00002946FFF7EBFD97F84630002B3FF47EAF66
:10AD100007F14603E9468AB094F905106A464448AB
:10AD2000C2E907313B4B53623B4BC2E905054FF487
:10AD3000435142F8103F3348002330F0B0FF98F8F9
:10AD400000A0CD46BAF1000F7FF462AF88B06A462A
:10AD5000384B2C48C2E905354FF400739383314BCF
:10AD600042F8103F4FF4E651534630F098FF02236B
:10AD700088F800302368304A1968C8F86510998847
:10AD800091809B799371CD4610F038FC00287FF4B8
:10AD90006FAF322030F085FF284BDFF8B090DFF83E
:10ADA000B0800FCB07F1080C8CE80F00244A206814
:10ADB0004FF0C873C7E9002361464B463A4611F08D
:10ADC0005BFC044600283FF467AF6D4688B06A46D6
:10ADD0001C4BC2E90530032342F8103F0948002309
:10ADE0004FF4C25130F05BFF0023AD4609F8043C3C
:10ADF00088F8003006E700BF986F00207BB0002085
:10AE000012980600744806000A9806007298060018
:10AE10008598060000020103050000029D980600C7
:10AE2000EC98060003000001204A06009DA70200DE
:10AE3000439806006098060005700020104A06003E
:10AE400018002800C7980600A06F0020A46F0020FB
:10AE50007AB00020F0B53B4E8DB0337800AF002BB8
:10AE60003CD1394A117841B3384A1478002C3AD190
:10AE700010F0C4FB002841D1354D322030F011FFD5
:10AE80000FCD3C1D0FC42B6823600021381D10F02E
:10AE900035FB0446002845D06D4688B06A462D4BE8
:10AEA000C2E90530032342F8103F2B4800234FF43A
:10AEB000C25130F0F4FEAD4611E06C4688B06A46EF
:10AEC000264B5361264B9361032342F8103F0B46F8
:10AED00021484FF4C85130F0E2FEA5460024204638
:10AEE0003437BD46F0BD6C4688B06A461D49516195
:10AEF0001B499161032142F8101FE9E710F1780F17
:10AF0000BAD06D4688B06A46174BC2E905300323B4
:10AF100042F8103F104823464FF4C45130F0BFFEB2
:10AF2000AD46A9E7114BFB620223BB6207F1280281
:10AF300003464FF48651084830F0B1FE01233370C8
:10AF4000CCE700BF7AB000207BB00020A06F0020CB
:10AF5000444A06004C99060074480600079906000A
:10AF6000659F0600329906009D9806006F990600BD
:10AF7000F0B52E4D87B02C7800AF2CB36C4688B05E
:10AF80006A462B4B53612B4B9361032342F8103FCE
:10AF9000294800234FF4C85130F081FEA5461C37E4
:10AFA000BD46F0BD6D4688B06A46244B5361214BC7
:10AFB0009361032342F8103F1F4823464FF4C851C2
:10AFC00030F06DFEAD46EAE71D4B1B78022BE9D849
:10AFD0006E461C4B7B6102233B611748234607F1F9
:10AFE00010024FF4865130F05AFE01232B70FFF708
:10AFF00031FFB0B188B06A46134BC2E90530032374
:10B0000042F8103F0C4823464FF4C45130F047FE3D
:10B010000E482C70B5464FF4702200232FF0A8FB89
:10B02000BDE70B484FF4A0220023F7E77BB00020D8
:10B0300081990600759F060074480600AD990600C8
:10B04000A06F0020D3990600079A06000000002098
:10B05000300000202DE9F043464C8FB063688342F6
:10B0600000AF0D4627D134F0A6FE07F11801FFF717
:10B0700035FC6E4607F118010DB38AB06A463E4BA7
:10B08000D561C2E905314FF4007313843B4B42F89C
:10B09000103F3B4800234FF4115130F000FEB546FD
:10B0A000606834F072FD002363602370354B1B78B9
:10B0B0000BB1FFF7CFFE3C37BD46BDE8F08388B04B
:10B0C0006A46314B2E48C2E905314FF40073938331
:10B0D0002E4B42F8103F4FF4E6512B464FF0030839
:10B0E00030F0DDFDB54684F8008084F87C50284BB4
:10B0F00023487B614FF002092B4607F110024FF401
:10B100008651C7F8109030F0CAFD4946606834F0A7
:10B11000E0FD10F1780F034611D11E4B1848C7E926
:10B12000049307F110022B464FF4865130F0B7FD1F
:10B13000642030F0B6FD2046FFF788F9BBE770B118
:10B1400088B06A4614492B46C2E9051042F8108FB0
:10B150000B484FF4C45130F0A2FDB546E8E70F4A62
:10B160000748C7E904924FF4865107F1100230F006
:10B1700096FDA0E7A06F0020269A060004000001BB
:10B18000744806007BB00020479A060003000001C7
:10B19000649A0600929A0600C59A0600059B06006E
:10B1A0002DE9F0411F4C8EB06368834200AF0D461D
:10B1B00033D107F1180634F0FEFD3146FFF78EFB60
:10B1C000E8468AB06A46184BD561C2E905364FF4A5
:10B1D00000731384154B42F8103F4FF413510023B2
:10B1E000134830F05CFDC546606834F0CEFC0023A7
:10B1F00063602370A4F860300E4A7A6102220C4822
:10B200003A614FF4865107F1100230F048FD0A48C8
:10B210004FF4C03200232FF0ABFA3837BD46BDE8FB
:10B22000F08100BFA06F00203E9B060004000001DB
:10B23000744806006B9B0600000000202DE9F041D9
:10B240005F4C86B06368984200AF064617D194F809
:10B25000645000296CD1002D50D1B4F85C309BB9FA
:10B26000584A7A61022258483A614FF4845107F1F2
:10B27000100230F014FD1321304634F09EFD002002
:10B280001837BD46BDE8F0816E4688B0B4F85E1050
:10B290006A464E48D161C2E90503042342F8103FD3
:10B2A00049482B464FF4035130F0F9FC012384F850
:10B2B0006430474BA360B4F85C3023824FF003083E
:10B2C000B4F85E306068E382B54604F1080184F8A2
:10B2D000188014F0D7FB0028D1D088B06A463D4BC7
:10B2E0004FF4C251C2E9053042F8108F36482B4660
:10B2F00030F0D5FCB54684F80080C0E7012DBED102
:10B30000B4F86030022284F8642073B1324B2E48C6
:10B31000C7E904230B4607F110024FF4865130F0C1
:10B32000BEFC2046FFF7B0F9A9E72C4979619AE7FE
:10B33000DDB9CB68098AA4F85C109B88A4F85E305C
:10B340006C468AB06A462648506126481362052337
:10B35000C2E9060142F8103F1B482B464FF4245126
:10B3600030F09DFCA54601208AE7012DFBD1CD6878
:10B37000098AAB886E4688B06A461B48D3610423AD
:10B38000C2E9050142F8103F0F4800234FF4035172
:10B3900030F085FCAB88A4F86030AB79DB06B546AD
:10B3A000E1D5124B7B61022507483D61002307F17F
:10B3B00010024FF4865130F072FC84F86450B0E70C
:10B3C000A06F0020989B060074480600C29B0600F0
:10B3D00070140020049C06002D9C06005B9C060057
:10B3E0007E9C06002F9F0600AB9C0600EC9C06008E
:10B3F000014B1860704700BF9C6F00202DE9F041A1
:10B40000234D86B02C7800AF7CB1224B7B610223A8
:10B410003B612148002307F110024FF4865130F0C0
:10B420003EFC1837BD46BDE8F081E8461B4B7B610A
:10B43000022607F1100218483E6123464FF4865158
:10B4400030F02DFC88B06A46154B53611E23936182
:10B45000032342F8103F104823464FF4C65130F002
:10B460001EFCC5460F4B0C4807F11002C7E90463E8
:10B470004FF48651234630F012FC01232B70FFF766
:10B48000E9FC4FF47022002307482FF071F9C8E758
:10B490007BB00020219D060074480600399D0600FF
:10B4A0005B9D06008B9D060030000020024B1B7840
:10B4B0000BB1FFF7BFB970477BB000207FB5084BD9
:10B4C0000593022304930748002304AA4FF48651EE
:10B4D00030F0E5FB07B05DF804EBFFF7E7BF00BF16
:10B4E000BC9D0600744806002DE9F04389B000AF0A
:10B4F000434B7B6102233B6107F11002414800236B
:10B500004FF4865130F0CBFB3F4B404A1978404B0B
:10B510006E4688B0002918BF13466C463D4ADFF8D6
:10B520002881384825464FF40079C4E90523A4F85A
:10B530001C9045F8108F00232A464FF4E65130F056
:10B54000AEFB354B354A1978354BB546002918BF47
:10B550001346A546334AA4F81C90C4E90523C4F851
:10B560001080314C274800232A464FF4E65130F032
:10B5700096FB2378B546002B32D0394604F165009E
:10B58000FFF7ACF92378B4F86000062B96BF274A82
:10B59000274952F823106C468CB06A46254B5361FC
:10B5A000C2E9081024499162002324491548C2E9E0
:10B5B000063742F8101F4FF4635130F070FBA54678
:10B5C0001F4B7B6102233B6107F110020D480023F2
:10B5D0004FF4865130F063FB2437BD46BDE8F0835D
:10B5E00088B06A4617490748C2E90513032142F8A3
:10B5F000101F4FF4C65130F052FBB546E0E700BFD4
:10B60000E79D0600744806007BB00020D19D06002F
:10B61000D49D0600FB9D06007AB00020D89D060050
:10B62000DC9D06000C9E0600A06F0020C84B0600A3
:10B63000DF9D0600199E06000103020406000002B9
:10B640004D9E06003C9E060003000001B0B588B088
:10B650006D4600AF2E4BFB612E4C2F480223BB6181
:10B6600007F1180200234FF4865130F018FB63688D
:10B6700093B188B06A46294B5361032100232648C1
:10B68000936142F8101F4FF4C65130F008FB1321AC
:10B690006068AD4634F091FB214B0024C8201C604B
:10B6A00003F8654CC3F8034030F0FBFA3A1D1D491E
:10B6B0007C60204617F0A2FB6D4688B07B686A4626
:10B6C00019491548C2E90513032342F8103F4FF406
:10B6D000C651234630F0E3FAAD46144BFB61022518
:10B6E0000D48BD61234607F118024FF4865130F032
:10B6F000D6FA0F4B0848C7E9065307F1180223464C
:10B700004FF4865130F0CBFA2037BD46B0BD00BFB4
:10B71000619E0600A06F002074480600789E060017
:10B7200005700020E9AA0200919E0600A29E060074
:10B73000CD9E0600B0B586B000AF144B7B610223EE
:10B740003B61134D07F110024FF486512846002348
:10B7500009F02AF80F4B104800241C605C609C60C4
:10B76000FFF746FE88B06A460C4B53610423936191
:10B77000032342F8103F4FF4C6512846234609F0F0
:10B7800013F820461837BD46B0BD00BF969F06008F
:10B790007C4806002CAF0020A1B70200B89F06002D
:10B7A0002DE9F04F012985B0044600AF884614D931
:10B7B0000378012B15D06C4688B06A466C495161FC
:10B7C0006C49C2E90613042342F8103F00234FF4EA
:10B7D0000451694808F0E8FFA5461437BD46BDE8A6
:10B7E000F08F664B90F801A01978CAF300129142CD
:10B7F0000AF00F050AF0100B19D0DFF878911A70D3
:10B80000BBF1000F00F08380002001F083FB6E4647
:10B8100088B06A465A4BC2E90539032342F8103F03
:10B82000002355484FF4C85108F0BEFFB546002D1F
:10B8300000F09880B8F1050F77D9A378DB0750D5D1
:10B84000267994F803904F4D320202F4706249EA6F
:10B8500002036279FB60360946EA021BAA7A99461E
:10B860005E46002A37D0EC882A891C1B24B2B21A03
:10B87000002C12B2B8BF0334002AB8BF0332A410A0
:10B88000911044EAA20212B22AB32046796001F074
:10B8900005FC03F0F7F8C7F808D08EB0EB882889CC
:10B8A0006A467968DFF8ECE0C2F814E0C2E90813F0
:10B8B000FB68DFF8C0E09062C2E90B3B0923C2E9F4
:10B8C00006E442F8103F2C4800234FF4924108F060
:10B8D0006BFFD7F808D0A5F8069001232E81AB7234
:10B8E0002B701AF00E0F3FF478AFB8F1090F7FF606
:10B8F00074AF6C4688B06A46234B53611D4B93610D
:10B90000032342F8103F00234FF4C85161E7584623
:10B9100001F04AFB6E4688B06A461C4BC2E9053905
:10B92000032342F8103F5B467BE7164B1B78002B46
:10B930003FF453AF6C4688B06A46154B53610D4BCC
:10B940009361032342F8103F0B4800234FF4C85182
:10B9500008F02AFF0B4B0022A5461A709A7201F0DC
:10B96000DDFBBEE7074B1B78002BBAD0E2E700BF38
:10B97000E79F0600A9A006007C4806007CB00020D6
:10B9800005A006002CAF00206CA0060018A0060041
:10B990005AA006002CA0060098B500AF03F0CEFC1C
:10B9A00001780446094830F0CCFE88B023786A4616
:10B9B00007490848C2E90513032342F8103F4FF432
:10B9C000C65130F07EF9BD4698BD00BFCEA006003E
:10B9D000D5A00600D44806002DE9F04B8AB000AF90
:10B9E000AB4837F0C6F9022368B9AA4AAA48C7E9A2
:10B9F00008324FF4825107F1200230F062F9283703
:10BA0000BD46BDE8F08BA54AA14EA348DFF8FC92E5
:10BA1000DFF8FC82C7E908324FF4865107F12002B3
:10BA200030F04FF9B3687B607B681B6863B107F146
:10BA30000F013046984738B9FB7B212B08D1C8F855
:10BA40000000012389F800300A2030F047F9EBE7C5
:10BA50000D2B99F8002002D00A2B40F06F81002AAC
:10BA600000F08880D8F80020002A40F383808C4BB7
:10BA7000002199541A78202A1C4603F10103F9D0B9
:10BA8000092AF7D02046FAF7C3FE0546002D71D0EB
:10BA90006A1EA35C202B03D00A2B03D8082B03D9E2
:10BAA0001546F3E70D2BFBD0EB468AB06A467D4B7B
:10BAB000D461C2E9053540F2013313847A4B42F870
:10BAC000103F75484FF4135130F0FBF87749DD46CD
:10BAD0000622204638F0D4F828B1754905222046C0
:10BAE00038F0CEF880B9734B7B6202236A483B6220
:10BAF00007F120024FF4865130F0E3F8642030F073
:10BB0000EDF8012008F046F86B490422204638F091
:10BB1000B7F858B169490522204638F0B1F828B184
:10BB200067490322204638F0ABF878B9654B7B6251
:10BB3000022359483B6207F120024FF4865130F04E
:10BB4000C0F8642030F0CAF85720DBE75E490322D2
:10BB5000204638F095F888B95C4B7B6202234E484A
:10BB60003B6207F120024FF4865130F0AAF8012021
:10BB700003F010F80023C8F8003063E754490322AB
:10BB8000204638F07DF8834660B9524B7B62022331
:10BB900041483B6207F120024FF4865130F091F8A2
:10BBA0005846E5E74C490622204638F069F8B8B90E
:10BBB0004A4B39487B62022407F120024FF4865138
:10BBC0003C6230F07EF804F0FBF9454BC7E90843CE
:10BBD000314807F120024FF4865130F072F8C9E77E
:10BBE00040490422204638F04BF868B93E4B7B624E
:10BBF000022329483B6207F120024FF4865130F0BE
:10BC000060F8FFF7FBFBB5E738490622204638F01D
:10BC100037F868B9364B7B6202231F483B6207F155
:10BC200020024FF4865130F04CF8FFF73FFCA1E7BB
:10BC300030490422204638F023F828B12E49062244
:10BC4000204638F01DF810B9FFF74EFC92E72B495B
:10BC50000522204638F014F868B9294B7B6202238C
:10BC60000D483B6207F120024FF4865130F029F86D
:10BC7000FFF7ECFC7EE723490422204638F000F869
:10BC8000002847D1204B7B6202233B62A0E700BF24
:10BC900080400600EEA00600D448060005A106007C
:10BCA0007EB00020E4A2060004000001FBA2060012
:10BCB000A9A606004EA10600FDA2060011E406009A
:10BCC0005BA106005FA1060087DB06007BA10600E2
:10BCD00096A106009AA10600B5A10600BCA1060027
:10BCE000DEA1060081E306000DA206002BA20600DD
:10BCF00032A206002A9F060050A2060057A20600A4
:10BD00005DA20600C7A2060078A206007DB0002052
:10BD100020700020EB468AB06A46184BD461C2E915
:10BD2000053540F201331384154B42F8103F154896
:10BD30004FF412512FF0C5FFDD461BE7002A3FF4F8
:10BD400083AEA3F16102192A0AD8D8F800201E2A6E
:10BD50003FF77AAE511CC8F800100B498B5473E6BC
:10BD60007F2B02D0082B7FF46FAED8F80030002B69
:10BD7000C4BF03F1FF33C8F8003065E6CCA206006B
:10BD800004000001D44806007EB0002001482EF0D7
:10BD900087BC00BFFC03002001482EF081BC00BF1F
:10BDA000EC03002007B537F0D3FB4FF47A72A0FB09
:10BDB000020302FB0131C00B074A40EA4140106018
:10BDC00000234FF400420548CDE900232FF048FA44
:10BDD000002003B05DF804FB24700020A0160020B2
:10BDE000014B187800F06EBC9EB00020044B1A780E
:10BDF000824202D01870FFF7F3BF0020704700BFE7
:10BE00009EB0002008B537F0A3FB4FF47A72A0FB78
:10BE1000020302FB0131084AC30B126843EA4143A3
:10BE20009B1A47F23052934204DDBDE808400120DE
:10BE3000FFF7DCBF08BD00BF2470002008B537F055
:10BE400087FB4FF47A72A0FB020302FB0131C00BA7
:10BE5000044A40EA41401060BDE808400020FFF776
:10BE6000C5BF00BF24700020014B1878704700BF89
:10BE70009EB000202DE9F04F1C4D1D4CDFF878A03E
:10BE8000DFF878B083B0641BA40800AF0026A94691
:10BE9000B44204DC00200C37BD46BDE8F08F01360B
:10BEA000B046444501D10435F2E72B6859F8282003
:10BEB0001B6811687B601846FAF798FC7B6890B99C
:10BEC000C7F804D088B06A46C2E905A34FF40073EE
:10BED000938342F810BF4FF4E2510346054808F03F
:10BEE00063FCD7F804D008F10108DAE7A4290700B9
:10BEF0006C2A0700244906001CA306000300000169
:10BF0000F8B5044610B900252846F8BD0378002B83
:10BF1000F9D00F4E0F4FBE420FD30D4EBE42F2D29C
:10BF2000306836F026FF30B1356821462868FAF7C8
:10BF30005DFC0028E8D00436F0E7306836F019FFE1
:10BF400018B135682B68A342DED00436E3E700BFA2
:10BF5000A42907006C2A070082B02DE9F04F99B0A0
:10BF600006AF07F1700181E80C00164607C807F11B
:10BF70000C0585E8070097F888A0D7F8749097F823
:10BF80008080FFF7BDFF8346C0B96C4688B006AA23
:10BF9000544BD661C2E90539042342F8103F4FF4EF
:10BFA00002510346504808F0FFFBA54601242046F5
:10BFB0004C37BD46BDE8F04F02B07047C7E91C6979
:10BFC00007F1700CBCE80F0007F118040FC487F8E4
:10BFD00080809CE8030084E80300C7E9066987F8CD
:10BFE000288007F1180EBEE80F0007F1300CACE80E
:10BFF0000F0094E803008CE80300F868FFF780FF67
:10C0000083685C6807F1300CF4B107F1480313E969
:10C010000F00C7F804D08DE80F0028469CE80C00FC
:10C02000A047044680B188B006AA304BC2E905306B
:10C03000032342F8103F2C4800234FF4C25108F06C
:10C04000B3FBD7F804D0B2E7DBF808301B78012B3C
:10C0500012D0022B2BD0002B41D187F88080C7E96A
:10C060001C6907F17803CDF810A00FCB8DE80F0005
:10C0700007F170030CCB10E0C7E91C6987F88080DA
:10C0800007F17803CDF810A00FCB8DE80F00B8F1C1
:10C09000FF0F07F170030CCB03D128462FF04AFEA7
:10C0A00003E02946404605F09DFF04467FE7C7E9C7
:10C0B0001C6987F8808007F17804CDF810A094E817
:10C0C0000F008DE80F0007F170030CCB294600200C
:10C0D00005F088FFCDF810A094E80F00C6E76FF0D8
:10C0E000850464E747A30600244906006EA3060002
:10C0F0001FB50A4C2468A46884420DD183F0010363
:10C10000CDE90112039306480022002301A92EF075
:10C110002BF804482EF0C4FA04B010BD687100205A
:10C1200040180020587100202DE9F04FDFF8008101
:10C13000DFF80091384E8DB002AF00220023391D88
:10C1400040462EF067F8834618B12C37BD46BDE84F
:10C15000F08FD9F80030FC685868D7E901122FF049
:10C160003DFE2E4B002C18BF3346051ED7E90101BA
:10C1700015DA6C468AB002AA294DC2E9071340F2CB
:10C1800002439384274BC2E9055042F8103F2648EA
:10C190005B464FF4325108F007FBA546CDE7EA466F
:10C1A0008CB002AADFF890C0C2F814C09362DFF826
:10C1B0008CC040F2046393851C4BC2E906C0C2E9FF
:10C1C000081542F8103F18485B464FF47451B4FA12
:10C1D00084F408F0E9FAFF236409D5463B747D61D5
:10C1E0003C7637F0B5F94FF47A72A0FB020302FBFC
:10C1F0000131C00B40EA4140C90BC7E9080107F112
:10C20000280313E903008DE8030007F110030FCBA7
:10C2100000F072FA91E700BFB4A30600AFA30600D6
:10C22000BAA306000500000124490600070000012A
:10C230004018002068710020F0A30600A4A40600A6
:10C240001FB50023CDE90233044B8DF80C0001A883
:10C2500001932FF0EAFD05B05DF804FB9C4D06004C
:10C260000268034B9A420CBF08300020704700BFA1
:10C270009C4D0600014B03604C2070472870002045
:10C28000044B1A68044B9A4214BF6FF0120000204E
:10C29000704700BF68710020884D0600F8B505465C
:10C2A00000AF002838D01E4E3368834232D02BB105
:10C2B000986818B183685B6803B1984719491A4BAD
:10C2C0008D4214BFED2100214C2200202FF0A0FD53
:10C2D000041E12DA6D4688B06A46144BC2E9053472
:10C2E000032342F8103F124800234FF4C25108F0D4
:10C2F0005BFAAD462046BD46F8BDA868356048B13A
:10C3000083680C491B6898473368986883689B6802
:10C3100003B198470024EDE76FF01204EAE700BF8D
:10C3200068710020884D06002870002020A40600B7
:10C3300024490600F1C0020038B5054648B9064850
:10C34000FFF7ACFF041E02DB2846FFF779FF20460B
:10C3500038BD6FF01504FAE7884D0600B0B5104DF2
:10C36000034600AF0846012229469847041E12DC06
:10C370006D4688B06A460B4BC2E90534032342F888
:10C38000103F094800234FF4C25108F00DFAAD46A2
:10C390002046BD46B0BD2878FFF7CEFF0446F7E73C
:10C3A0008C15002055A406002449060073B50E46DE
:10C3B00014460A4901AA1D4631F08BFC38B1019B95
:10C3C0003BB9012E07D129462046FFF7C7FF02B02F
:10C3D00070BD0020FBE76FF01500F8E79BA4060096
:10C3E0000148FFF75BBF00BF884D060008B507494D
:10C3F000074836F0DDFE074A002342F8043B0133CC
:10C400004C2BFAD1BDE80840FFF7EABF29C1020072
:10C4100058710020287000202DE9F843274E284B42
:10C42000A3EB060800AF81460D4606EBC106C8F334
:10C43000C708A84524DD3268D9F800309A420BD1EC
:10C4400089F80450736848461B68984701280446D9
:10C4500005D0022819D0E8B901350836E9E76C465D
:10C4600088B06A46174B5361174B9361032342F818
:10C47000103F164800234FF4C85108F095F9A5461F
:10C4800000242046BD46BDE8F8836C4688B06A4665
:10C490000F4BE8E76D4688B06A460E4B53610A4B76
:10C4A000C2E90630042342F8103F084800234FF445
:10C4B000045108F079F9AD46E3E700BFA80C070086
:10C4C000280D07000BA5060096A5060024490600C6
:10C4D0002AA506004AA5060070B5144B144AD21AC4
:10C4E00086B00024C2F3C702A2420EDC114B0593B2
:10C4F000022304931048002304AA4FF4845108F047
:10C5000053F96FF0150006B070BD1E680568AE42A5
:10C5100008D15D688D4205D1E1B206B0BDE870403A
:10C52000FFF77ABF01340833DEE700BFA80C07002D
:10C53000280D07006DA5060024490600F8B5066918
:10C54000456800AF00246B689C4203D3012333701D
:10C5500000201BE02B6803EBC40153F83400097979
:10C5600001222FF065FC98B16D4688B06A46094BF0
:10C57000C2E90534032342F8103F074800234FF473
:10C58000C45108F011F96FF00400AD46BD46F8BD86
:10C590000134D8E7B4A50600244906002DE9F04788
:10C5A000D0F8048000AF054600244FF00109D8F808
:10C5B0000430A3420AD8AB681B680BB128469847E1
:10C5C000B8F8081000293CD1002035E0D8F8002048
:10C5D00002EBC40352F834001979DB88D0F810C09C
:10C5E000D0F808A0DCF80060DA0754BF43F4B013B9
:10C5F00083F4D01323F4801209FA01FEDB074CBF49
:10C6000046EA0E0626EA0E06CCF80060DAF800309C
:10C610009847A0B16D4688B06A46104BC2E9053410
:10C62000032342F8103F0E4800234FF4C25108F094
:10C63000BBF86FF00400AD46BD46BDE8F08701349D
:10C64000B5E740F2E7304FF47A72002300EBC130D7
:10C650000021F9F761FF2EF087FBB5E7DBA50600A7
:10C6600024490600F8B50669456800AF00246B68E8
:10C670009C4202D3002030701BE02B6803EBC40106
:10C6800053F83400097900222FF0D2FB98B16D469F
:10C6900088B06A46094BC2E90534032342F8103FCB
:10C6A000074800234FF4C45108F07EF86FF00400EF
:10C6B000AD46BD46F8BD0134D9E700BF08A6060067
:10C6C000244906001FB50023CDE90233044B8DF841
:10C6D0000C0001A801932FF0A8FB05B05DF804FB46
:10C6E000C04D06000268034B9A420CBF0830002080
:10C6F000704700BFC04D060084B030B589B00CACA7
:10C7000084E80F00002301930CAD084B00930FCD7C
:10C7100002AC0FC495E8030084E8030068462FF0DC
:10C7200084FB09B0BDE8304004B07047C44D06003A
:10C730000268034B9A420CBF08300020704700BFCC
:10C74000C44D06001FB50023CDE90233044B8DF81C
:10C750000C0001A801932FF068FB05B05DF804FB05
:10C76000CC4D060080B500AF88B06A46074BC2E9E1
:10C770000530032342F8103F054800234FF4C2510F
:10C7800008F012F86FF00400BD4680BDAFA60600A9
:10C790002449060082B010B502A981E80C000446C5
:10C7A0000C482DF01DFA28B96068BDE8104002B0B1
:10C7B000FFF7D8BF6368022B06D12FF075FB002866
:10C7C000CCBF002001206060BDE81040002002B016
:10C7D000704700BF31A6060082B0B0B500AF07F1C8
:10C7E000100181E80C0005461F482DF0F9F96B682F
:10C7F0000446B0B96D4688B06A461C49C2E90513C3
:10C80000032342F8103F4FF4C2510346184807F083
:10C81000CBFF6FF00400AD46BD46BDE8B04002B0AE
:10C820007047012B0AD0022B03D053B92FF035FBF0
:10C83000F2E72FF039FB00282046F7DC2FF026FB2B
:10C84000EAE76C4688B06A460A49C2E90513032341
:10C8500042F8103F064800234FF4C25107F0A4FFEE
:10C860006FF08500A546D7E731A60600AFA6060003
:10C8700024490600D7A606002DE9F04F89B002AF83
:10C880000025F860884693461E462C46D8F80030AE
:10C890009D4201D300204FE0D8F80430BB6003EB89
:10C8A000051999F80C30002B41D0DBF8043004F165
:10C8B000010A13EBC4040DD07379022B38D1F3882D
:10C8C000082B35D8DFE803F006053434343431342E
:10C8D0002F000234C7F804D088B002AA184B536165
:10C8E000184B9361FB68D361042342F8103F16484C
:10C8F00000234FF4045107F057FFFB683B742A01F3
:10C90000BB687C619858D7F804D0D9E901238168C5
:10C910000C687CB107F1100100913146A04758B96D
:10C9200001355446B2E70434D4E70634D2E7A246D0
:10C930000024CFE76FF085001C37BD46BDE8F08FBF
:10C94000FEA6060039A70600244906002DE9F04F8F
:10C9500083B0136800AF06460C461546002B5ED028
:10C9600000F1180801F118024FF0000AF3689A4527
:10C970001DD331462B4611F8040B04F11002FFF7CA
:10C980007BFF00284EDA6C4688B06A46604BC2E9ED
:10C990000530032342F8103F5E4800234FF4C25194
:10C9A00007F002FFA5460C37BD46BDE8F08F58F8EA
:10C9B000089C4FF0000BB9F1000F05D10AF1010AF4
:10C9C00008F110080832D1E719F0010F04D14FEA3D
:10C9D00059090BF1010BEEE75FFA8BF07A6002F078
:10C9E000D1FA7A680028F2D030782B464146FFF71A
:10C9F00043FF0028C7DB18F8043C7A68002BE6D117
:10CA00006B79012B59D0022B15D1EB88082B12D84A
:10CA1000DFE803F00B3E111111114C1145006FF0CE
:10CA20001200B0E70128EBD1BDE701232370AB680A
:10CA30006288134463802B79002BB4D0A379012B37
:10CA400005D194F90A1094F9080000F047FB237807
:10CA5000012B05D1B4F90410B4F9020000F01EFB5B
:10CA6000237B002B3CD1637B002B45D102F00AF8DD
:10CA70000021084600F032FB0021084600F00EFBC2
:10CA80000023A38063802370A371A360A3818AE73E
:10CA900001232370AB68A2881344A380CBE7012352
:10CAA000A371AB68628913446381C4E70123A37156
:10CAB000AB68228913442381BDE7EA88A2F580711F
:10CAC0000429B8D852B29340AA68002ACCBF227B6E
:10CAD000627BDBB2CBBF1343134323736373AAE7B9
:10CAE0000025237BEB40DA0702D5A8B200F012FA4A
:10CAF0000135052DF5D1B6E70025637BEB40DB075B
:10CB000002D5A8B200F050FA0135052DF5D1ADE7F8
:10CB100015A7060024490600024602490248FFF70D
:10CB200015BF00BF9C710020284E06000246024936
:10CB30000248FFF70BBF00BF84710020184E0600AB
:10CB4000024602490248FFF701BF00BF6C71002096
:10CB5000084E06002DE9F041214A52F8203000AF7E
:10CB60000133E8468AB042F8203006466A461D4C3A
:10CB70001D4D13621D4951610523C2E906404FF462
:10CB8000245142F8103F28462FF09DF9184A0123FE
:10CB90001178B3400B43DBB21370164A164E12786D
:10CBA00023EA0203154A1278C546134388B096F863
:10CBB000018073706A461249D3610423C2E90514E7
:10CBC000284642F8103F4FF404512FF07CF970785A
:10CBD000B0EB080018BF0120BD46BDE8F08100BFE2
:10CBE000C871002095A906002449060046A7060042
:10CBF000A3B00020A1B000209E150020A2B000200C
:10CC00005FA706002DE9F041DFF8FC8058F82030DE
:10CC1000002B00AF044613DC6D4688B06A46314BEA
:10CC2000C2E905300323304842F8103F4FF4C251A7
:10CC30002FF049F96FF01500AD46BD46BDE8F08113
:10CC4000013B6E468AB048F820306A46274D136291
:10CC5000274951610523C2E906504FF4245142F897
:10CC6000103F21482FF02FF958F82430DFF89C802E
:10CC7000B546B3B988B06A461E4BD461C2E90535E2
:10CC8000042342F8103F18484FF404512FF01BF9C9
:10CC9000012298F80030A24023EA0203B54688F842
:10CCA0000030154B154E1A7898F80030747823EA46
:10CCB0000203134A1278E846134388B073706A4639
:10CCC0001049D3610423C2E90515074842F8103F13
:10CCD0004FF404512FF0F7F87078001BC54618BFC9
:10CCE0000120AAE77BA70600244906007EA90600CA
:10CCF000A5A70600BFA70600A1B000209E15002032
:10CD0000A2B000205FA70600C8710020A3B00020D9
:10CD1000044A012312788340D8B213401B1A5842A8
:10CD200058417047A3B00020B0B5114B114C18709A
:10CD3000114B65781A78114B1B7823EA020300AF78
:10CD4000184388B060706A460D4B53610D4BC2E9C1
:10CD50000630042342F8103F0B484FF404512FF0E3
:10CD6000B2F86078401B18BF0120BD46B0BD00BFBF
:10CD7000A2B000209E150020A1B00020A3B000208A
:10CD80005FA706005DA9060024490600B0B5114B57
:10CD9000114C00221A70114B65781A78104B1B78D1
:10CDA00000AF23EA020388B063706A460D495161FF
:10CDB0000D490E48C2E90613042342F8103F4FF410
:10CDC00004512FF080F86078401B18BF0120BD4649
:10CDD000B0BD00BFA2B000209E150020A1B0002071
:10CDE000A3B000205FA706003AA906002449060068
:10CDF000A0F1E003072B03D82030C0B2FFF7AABE92
:10CE0000672809D8054A02EBD0020123D17800F047
:10CE1000070083400B43D370002070479E1500200D
:10CE2000A0F1E003072B03D82030C0B2FFF7EABE21
:10CE300067280AD8064B03EBD0030121DA7800F00B
:10CE40000700814022EA0102DA700020704700BF2B
:10CE50009E150020A0F1E003072B03D82030C0B2BC
:10CE6000FFF756BF67280CD8074B03EBD00300F041
:10CE70000700DA78012383401A4214BF0120002002
:10CE800070470020704700BF9E15002002480F2207
:10CE9000002136F02EBD00BF9F150020FF280DD8C1
:10CEA000084B002213F8011F21B10132062AF9D1E3
:10CEB0000020704718700028F7D0F9E76FF0850060
:10CEC000704700BF9715002010B50023054A19468A
:10CED00012F8014F0133844208BF1170062BF7D1BD
:10CEE000002010BD97150020024B00221A609A8086
:10CEF000704700BF98150020054A062312F8011F4D
:10CF0000814203D0013BF9D1184670470120704798
:10CF100097150020F8B5042800AF064632D81B4A02
:10CF200052F820306C4601338AB042F820306A460D
:10CF3000174D1362174951610523C2E906504FF49A
:10CF4000245142F8103F14482EF0BDFF134B01202E
:10CF50001A78B0401043C0B2A5461870104B88B084
:10CF600058706A460F4BD061C2E9053504230A4860
:10CF700042F8103F4FF404512EF0A5FF0020A546C3
:10CF8000BD46F8BD6FF01500FAE700BFB471002090
:10CF90001FA90600D8A7060024490600A0B000205B
:10CFA0008D150020EFA706002DE9F041042800AF01
:10CFB000044614D8DFF8DC8058F82030002B13DC4E
:10CFC0006D4688B06A462C4BC2E90530032342F80F
:10CFD000103F2A484FF4C2512EF075FFAD466FF056
:10CFE0001500BD46BDE8F081013B6E468AB048F8A9
:10CFF00020306A46224D1362224951610523C2E95D
:10D0000006504FF4245142F8103F1C482EF05BFFAD
:10D0100058F82430DFF88080B546B3B988B06A4646
:10D02000194BD461C2E90535042342F8103F134877
:10D030004FF404512EF047FF012298F80030A2402F
:10D0400023EA0203B54688F80030104A98F8003009
:10D0500053706C4688B06A460D49D3610423C2E917
:10D060000515064842F8103F4FF404512EF02BFFEF
:10D070000020A546B5E700BF0FA80600244906001A
:10D0800002A9060034A806004CA806008D15002051
:10D09000EFA70600B4710020A0B0002080B50B4BB4
:10D0A00000AF8AB0588099806A46094B5361094B9A
:10D0B0001162C2E90630052342F8103F06484FF4DA
:10D0C00024512EF000FFBD4680BD00BF8D1500200D
:10D0D00063A80600E7A806002449060080B50B4BAC
:10D0E00000AF8AB01881D9806A46094B5361094B59
:10D0F0001162C2E90630052342F8103F06484FF49A
:10D1000024512EF0E0FEBD4680BD00BF8D150020ED
:10D1100083A80600CEA806002449060080B500AF0B
:10D1200088B06A46094B5361094B9361032342F867
:10D13000103F08484FF4C8512EF0C5FE064B0022A0
:10D140001A605A601A72BD4680BD00BFA1A80600D1
:10D15000BAA80600244906008E1500200048704732
:10D160009E15002000487047971500200048704722
:10D170008D15002082B0B0B500AF07F1100181E835
:10D180000C006D468AB07969436804466A460D48CA
:10D1900050610D4813620523C2E9060142F8103FB1
:10D1A0000A4800234FF4245107F0FEFA0021D7E982
:10D1B00006236068AD462EF0D9FEBD46BDE8B040FE
:10D1C00002B07047AAA90600E3A906002449060098
:10D1D00082B0B0B500AF07F1100181E80C006D46D8
:10D1E0008AB07969436804466A460D4850610D4823
:10D1F00013620523C2E9060142F8103F0A480023E2
:10D200004FF4245107F0D0FA0121D7E906236068D2
:10D21000AD462EF0ABFEBD46BDE8B04002B0704753
:10D22000AAA90600C9A90600244906002DE9F04173
:10D230000B4E337883B10B4CDFF82C80002542F283
:10D240000F7720464146013535F0F6FF0A2D44F8A8
:10D25000207C04F15804F4D100203070BDE8F08146
:10D26000AE150020A8230020E9C0050030B5C26932
:10D27000037ED17D91B0044609B1032B39D0023B26
:10D28000012B517D07D8002933D1204611B0BDE8CC
:10D2900030402EF0FBBE21B1937D13B920462EF015
:10D2A00097FE0AAD18220021284636F022FB23798A
:10D2B0008DF838300023CDE907330993E3692268FC
:10D2C0009B680793D4E90401E36808930A4B0B9227
:10D2D000CDE90C01C3E902011A600123049310ABEC
:10D2E00013E90F008DE80F0007A895E80C00FEF782
:10D2F00033FE11B030BD00BF600000200B4A30B5D6
:10D3000000230446282000FB03F18D18515C41B92D
:10D310000FCC0FC50FCC0FC594E8030085E80300C0
:10D3200030BD0133282BEED1FAE700BF481D0020A5
:10D330002DE9F04F8D4E87B03568854200AF044629
:10D3400013D06C4688B06A46894B5361894B936110
:10D35000032342F8103F88484FF4C8512EF035FEA1
:10D36000A5461C37BD46BDE8F08FEB695A7DB2B1CA
:10D37000A9B96C4688B02B686A46804951617D49DD
:10D380007D48C2E90613042342F8103F4FF40451CC
:10D390002EF01BFE2846A5462EF078FEE1E71A7D0A
:10D3A000032A27D8DFE802F0020E1EBE4A1E042A16
:10D3B00020D8DFE802F01D031F051D00022218E03F
:10D3C000032216E04A1E042A14D801A050F822F0C5
:10D3D000F1D30200F5D30200BDD30200C1D3020095
:10D3E000F1D302000429EBD001F0FB02012A01D1A4
:10D3F00001222276227E002AB3D0D869002810DDCF
:10D40000D4F854C0BCF1FF3F0BD003F11C0500223F
:10D4100055F804EFE64504D001329042F8D10122DC
:10D420002276227E1B7DD4F800E0032A96BF544862
:10D43000DFF85CC150F822C0032B96BF514A524816
:10D4400052F823000139C9B2042996BF4F4B504B03
:10D4500053F821306D468EB06A464E4951614549B8
:10D460009362C2E9061E4C49396040F20461B980FA
:10D47000C2E908C0D7E90001484BD06211863E4896
:10D4800042F8103F4FF48A412EF09FFD0023AD4635
:10D4900020463360FFF7EAFE3568002D7FF461AF68
:10D4A0003F4CDFF81481DFF81491DFF814A114F871
:10D4B00008BCBBF1000F3FF454AF002304F8083C54
:10D4C000336823B14FF4A47000212DF04DFCBBF163
:10D4D000010F32D0BBF1020F3BD1A27CE168EB46D9
:10D4E0008AB0002A0CBF43464B466A462D4850611D
:10D4F00013622D4840F2024393842C4BC2E906018B
:10D500001D4842F8103F4FF434512EF05EFD28497B
:10D51000DD462046FEF7E0FF0135282D04F1280402
:10D52000C5D11EE702293FF449AF01D801295EE7C2
:10D530000A1F012A7FF65CAF5CE7227CE168EB46BC
:10D540008AB0002A0CBF43464B466A46C2F814A074
:10D55000CEE7184B7B61022307483B6107F11002BD
:10D560004FF482512EF031FDD6E700BFE871002064
:10D570001CAA060070AE0600244906005FAA060039
:10D58000644E0600744E06000DAA0600504E0600BA
:10D59000FEA906008CAA060002040305070000038A
:10D5A000501D0020B6AA060058AE06000500000176
:10D5B000BC4E060015AB06005AA8060010A00600D7
:10D5C000E1AA060082B02DE9F04F87B000AF07F165
:10D5D000400181E80C00534DD7F8448000245823C3
:10D5E00003FB04F046192A5890456CD1203028449A
:10D5F00035F030FEF3691968D6E904238A1843EB45
:10D60000E173B96C8A42FA6C9341814603DA0421D2
:10D6100030462EF064FD4FF0580A0AFB04FA05EB81
:10D620000A0B012130462EF05AFDDBF81C30DB7D61
:10D63000FBB19BF81830032B1BD130462EF0F0FCC9
:10D6400055F80A30EA4688B06A4637495161374989
:10D650003748C2E90613042342F8103F4FF404513F
:10D660002EF0B3FC0123D54630468BF81830FFF777
:10D67000FDFD30462EF0D4FC582303FB0453DB6938
:10D680005A7D22B19B7D13B130462EF0A1FC19F1D9
:10D69000770F284B6E462BD188B06A462649C2F8D0
:10D6A0001C80C2E90513042342F8103F20484FF4C0
:10D6B00004512EF08AFC5823B54603FB0453012283
:10D6C00083F850200DE001340A2C89D11B4B7B617B
:10D6D0001748022307F110024FF482513B612EF0EC
:10D6E00074FC00201C37BD46BDE8F04F02B0704707
:10D6F00088B06A461249C2F81C80C2E905130423A7
:10D7000042F8103F0A484FF404512EF05EFC5823B3
:10D710005C4342F20F722B192A510022B5461A7649
:10D72000CEE700BF8823002058AB06000BAE0600F2
:10D73000244906001CAE060069AB060033AB0600A8
:10D7400093AB060082B02DE9F04F83B000AF07F134
:10D75000300181E80C00DFF894B1796B7960044600
:10D7600000682EF0E5FADBF80050D0F804907968F4
:10D77000B5B16C4688B06A46554B5361554B9361C1
:10D78000032342F8103F4FF4C85153482EF01DFCBC
:10D79000A54600200C37BD46BDE8F04F02B07047EB
:10D7A000D4E90132DFF840814FF0580E42F20F7A8F
:10D7B0000EFB05F606EB080458F8060050450ED09F
:10D7C00001350A2DF4D16C4688B06A46434BC2E954
:10D7D0000535032342F8103F4FF4C251D5E797EDCA
:10D7E0000E7B97F840002071C4E9023200204FF010
:10D7F000FF32C7F804D088B0626584ED047B48F836
:10D8000006102076C4F81C9004F1100A6A463448C9
:10D8100050613048C2E90601042142F8101F2E4829
:10D820004FF404512EF0D1FB2E48CBF80040D4F831
:10D830001CB0D4F810E0DBF81030DAF804C0D7F8E8
:10D8400004D0D0E9022113EB020A41EBE373D64581
:10D850007CEB03030DDB006858F8063098420CD1CE
:10D86000DBF80C309A1841EBE37196457CEB010133
:10D8700003DA052120462EF032FC204600211A4C06
:10D880002EF02DFC582303FB05452969D9F80050DB
:10D890000D4435F05DFE4FF47A72A0FB020302FBEB
:10D8A0000131C30B43EA4143E91A21EAE17140F235
:10D8B000E7304FF47A72002300EBC1304914F8F7D7
:10D8C0002BFE203602460B46A0192CF051FF60E7D4
:10D8D000AFAB0600EFAD060024490600FFAB060023
:10D8E000E1AB06006000002088230020E8710020E2
:10D8F0002DE9F0478AB000AF0446FEF719FF002873
:10D9000000F0D1802046FEF713FF954DD0F804803B
:10D9100004460A2642F20F7A2B6898451DD05345DB
:10D920001BD0EA69D27DC2B12A7E032A15D1E9460D
:10D9300088B06A468B4951618B498C48C2E906130D
:10D94000042342F8103F4FF404512EF03EFB022313
:10D95000CD462B762846FFF789FC013E05F1580598
:10D96000DAD1834D6168286888B96C4688B06A4608
:10D97000804B5361804BC2E90631042342F8103FCB
:10D980004FF4045179482EF020FBA54619E0C369F5
:10D99000227A1E7E964203D0426D013208BF416555
:10D9A00001686268914213D1237A63B1734B7B6142
:10D9B00002236E483B6107F110024FF482512EF0B2
:10D9C00004FB002069E06C4688B06A466C4BD0E7E7
:10D9D0001968D0E904238A1843EBE173D4E90461A0
:10D9E000B2428B4102DA04212EF079FB2B68002B26
:10D9F000E7D01868237A61681BBB624A167866B163
:10DA0000012E05D15669B14202D1167E002E48D1B1
:10DA10000133282B02F12802F0D16C468CB06A4603
:10DA2000594B5361544B1162C2E90630574B536254
:10DA300040F203531385564B42F8103F4FF45451B4
:10DA4000A0E7544B6E468CB06A46DFF858C1C2F866
:10DA500014C0C2E90813DFF820C140F20353138554
:10DA60004B4BC2E906C04FF4545142F8103F3F48B7
:10DA70002EF0ABFA01232146B5463B7007F10800B2
:10DA80002EF0E9F93846FFF739FC217A2868C1F110
:10DA90000301C9B22EF023FB02202837BD46BDE8A2
:10DAA000F0873A4BCEE7204601F0DCFB0028F4D0AB
:10DAB000204601F0D7FB837A05469BB14368E03BE3
:10DAC000072B02D80378072B0CD0334BD5E904126F
:10DAD000D3E902408C429041BEBFC3E902124FF02D
:10DAE00000401860224B1B68002B3FF46AAF696846
:10DAF000A1F1E002072A3FF664AF2A78072A7FF4F3
:10DB000060AFDA69527D12B1187E0028C5D0AC7AB8
:10DB10001868204A1D4B002C18BF13466C468CB069
:10DB20006A461E4E5661C2E908131D4E40F2035369
:10DB30001385174BC2E906604FF4545142F8103F69
:10DB40000A482EF042FAA546022407F108003C706C
:10DB500029462EF0D2FB3846FFF7D0FB9CE700BFEA
:10DB60008823002044AC060080AE0600244906004D
:10DB7000E871002074AC0600A1AE0600A1AC06005E
:10DB8000E8AC0600481D002058AD06008DAD06002B
:10DB9000060000017EAD06006000002037AD0600E3
:10DBA00039AE06001AAD0600F8B50D6800AF0446A0
:10DBB0000E4628464149F8F719FE98B920726C467E
:10DBC00088B06A463E4B53613E4B9361032342F853
:10DBD000103F4FF4C8513C482EF097FA0120A5465B
:10DBE000BD46F8BD39492846F8F700FE30B9012393
:10DBF00023726C4688B06A46354BE4E735492846BF
:10DC0000F8F7F4FD30B9022323726C4688B06A46F7
:10DC1000314BD8E731492846F8F7E8FD78B9736801
:10DC200063606C4688B06A462D4951612549C2E956
:10DC30000613042342F8103F4FF40451CBE729495F
:10DC40002846F8F7D3FD30B9736823606C4688B076
:10DC50006A462549E9E725492846F8F7C7FD30B95E
:10DC60000123A3736C4688B06A46214BABE7214978
:10DC70002846F8F7BBFD30B90123E3736C4688B042
:10DC80006A461D4B9FE71D492846F8F7AFFD30B99E
:10DC90000223A3736C4688B06A46194B93E719496F
:10DCA0002846F8F7A3FD30B90223E3736C4688B029
:10DCB0006A46154B87E7002092E700BFC1AE060019
:10DCC000CBAE0600E5B0060024490600E3AE060030
:10DCD000EFAE060009AF060017AF060033AF06002F
:10DCE00042AF06005DAF06006DAF060089AF0600CB
:10DCF0009AAF0600B0AF0600C1AF0600D7AF06006E
:10DD0000E8AF0600FEAF06000FB006002DE9F84FA1
:10DD1000D0F804900569D9F808302B6100AF0024D1
:10DD2000E84688B06B81AC816A46214B5361214E35
:10DD30009661032342F8103F1F48DFF884B04FF488
:10DD4000C8512EF0E2F909F10C0AC546D9F808309D
:10DD5000A34224D951462846FFF726FF04F10108C3
:10DD600008BBDAF800005946F8F740FDD8B91FFAA9
:10DD700088F36B81D9F808202C61D21A6C4688B0E0
:10DD8000AA816A460D49D3610423C2E905160A48EF
:10DD900042F8103F4FF404512EF0B7F9A546002089
:10DDA000BD46BDE8F88F44460AF10C0ACEE700BF35
:10DDB00025B00600D1B006002449060065B0060073
:10DDC0004DB0060082B02DE9F04F89B002AF0D468C
:10DDD0006C4607F140018AB081E80C000646D7F88E
:10DDE00050A0B7F84A10B7F84C3002AA4248506128
:10DDF000424813620523C2E9060142F8103F404839
:10DE00004FF424512EF081F9B7F84A900C23A5461F
:10DE100003FB0955FC184FF0000BB7F84A30B7F870
:10DE20004C201344994505DB1C37BD46BDE8F04F37
:10DE300002B07047294607F14000FFF7B5FE78BBF6
:10DE400095E8070097F84E30012B84E807002BD0A7
:10DE5000022B2CD097F84F30012B2BD0022B2CD03B
:10DE600097F84880A7F84EB0B8F1010F28D0B8F164
:10DE7000020F28D0B8F1000F2BD1C7E904127B6C38
:10DE800001930123009394E80E00304600F054FC07
:10DE90003B6CCDE9008394E80E00304600F04CFC6A
:10DEA00009F101090C35B8E7DAF80410D2E7DAF81D
:10DEB0000810CFE7DAF80420D2E7DAF80820CFE735
:10DEC000C7E90412E4E73B6CC7E90412CDE900B3EB
:10DED000E1E7C7F804D088B002AA0A4B0848C2E9B3
:10DEE0000538032342F8103F4FF4C2512EF00DF9CC
:10DEF000D7F804D0D4E700BF83B00600FCB006001A
:10DF000024490600BAB0060082B0B0B500AF07F1F0
:10DF1000100181E80C006D468AB0796943680446B7
:10DF20006A460C4850610C4813620523C2E9060199
:10DF300042F8103F00234FF42451084806F034FC07
:10DF4000AD46207901F024F8BD46BDE8B04002B0EE
:10DF5000704700BFCDB20600E6B2060024490600B5
:10DF600082B0B0B500AF07F1100181E80C006D463A
:10DF70008AB07969436804466A460C4850610C4887
:10DF800013620523C2E9060142F8103F00234FF453
:10DF90002451084806F008FCAD46207901F012F83B
:10DFA000BD46BDE8B04002B0704700BFCDB206002C
:10DFB00000B306002449060082B098B500AF07F10F
:10DFC000100181E80C004368012B09D0022B0BD013
:10DFD00063B900F00DFEBD46BDE8984002B0704741
:10DFE000002000F0D7FDF6E70120FAE76C4688B084
:10DFF0006A460849C2E90513032342F8103F064860
:10E0000000234FF4C25106F0CFFB6FF08500A54608
:10E01000E1E700BF2BB306002449060082B0B0B58B
:10E0200000AF07F1100181E80C006D468AB07969F4
:10E03000436804466A461648506116481362052331
:10E04000C2E9060142F8103F002313484FF424515F
:10E0500006F0AAFBAD4620682DF06AFE43681B78E7
:10E06000012B0AD0022B0CD07BB9207900F090FF55
:10E07000BD46BDE8B04002B07047207900F0A2FF75
:10E08000F6E720792EF017F9F2E76FF08500EFE759
:10E09000CDB206004EB306002449060082B080B51A
:10E0A00000AF07F1080181E80C008AB0F968436805
:10E0B0006A460A4850610A4813620523C2E906010C
:10E0C00042F8103F074800234FF4245106F06CFB40
:10E0D0000020BD46BDE8804002B07047CDB20600CA
:10E0E00069B306002449060082B0B0B500AF07F15D
:10E0F000100181E80C006D468AB0796943680446D6
:10E100006A460E4850610E4813620523C2E90601B3
:10E1100042F8103F00234FF424510A4806F044FB14
:10E12000AD4620682DF004FE616801222EF05AF8F9
:10E130000020BD46BDE8B04002B07047AAA9060065
:10E14000A4B306002449060082B0B0B500AF07F1C1
:10E15000100181E80C006D468AB079694368044675
:10E160006A460E4850610E4813620523C2E9060153
:10E1700042F8103F00234FF424510A4806F014FBE4
:10E18000AD4620682DF0D4FD616800222EF02AF8FB
:10E190000020BD46BDE8B04002B07047AAA9060005
:10E1A000BEB306002449060008B5034600690349CA
:10E1B000036335F041F8002008BD00BF39E30200D9
:10E1C00070B54FF47A76A2FB064506FB0355E40BC7
:10E1D00044EA4544A0424FEAE5354FF00006AE411F
:10E1E0002DED028BB0EE408A15DBA0B199B11A4338
:10E1F00016D007EE100A07EE904AB8EEC70AF8EEFE
:10E20000E77A07EE101A87EE800AF8EE470AFBF766
:10E210009FFD28EE008AB0EE480ABDEC028B70BD6F
:10E220009FED018AF7E700BF000000002DE9F047ED
:10E230002DED028B8046B1F904009FED3A8A00AFC4
:10E240000D4640B981ED008AB0EE480ABD46BDECEE
:10E25000028BBDE8F087D1E9026456EA040CB8F8F5
:10E26000041009D0891944F10004561A63EB040420
:10E27000002CBCBF0026344607EE900A98F809101F
:10E28000B8F80600B8EEE70A32462346FFF798FFD3
:10E29000EA468AB0E946244BC9F8143070EE087A91
:10E2A000224BC9F8183017EE900AF8F78DF84A4655
:10E2B0000623C9E9080142F8103F00231C484FF427
:10E2C000445106F071FA56EA0403D54626D0B5F952
:10E2D000043098F80910B8F8060000EE103A3246FB
:10E2E0002346B8EEC00AFFF76BFF98F808309FEDA1
:10E2F000117A07EE903AF8EEE77A27EE800AC0EE40
:10E30000077A95ED007A77EE877ABDEEE70AB8EEE8
:10E31000C00A77EEC07AC5ED007A97E7DFED017AA3
:10E32000EFE700BF00000000D9B3060018B40600F4
:10E330002449060000007A442DE9F0412DED028BBE
:10E34000076B84B07E68044635F002F90D4602463C
:10E350000B46804604F138013046FFF767FF2B4635
:10E36000424604F148013046F0EE408AFFF75EFF76
:10E37000FDEEE87AB0EE408A17EE903AFDEEC07AF4
:10E380001BB217EE902A15B2EBB1DFED2F7A32886F
:10E39000F4EEE78AF1EE10FA4CD9DFED2C7AF4EEC8
:10E3A000E78AF1EE10FA47F6FF7158BF0B460020DE
:10E3B0000021CDE90201B5FA85F1490900913846FD
:10E3C000022125F043FCDDB1DFED1F7A7288B4EE47
:10E3D000E78AF1EE10FA2FD9DFED1C7AB4EEE78A66
:10E3E000F1EE10FA47F6FF7348BF2B4600200021DC
:10E3F000CDE90201012100913846022125F026FCD9
:10E40000B4F93C3013B9B4F94C30BBB1307AC00325
:10E410004FF47A72002300F2E7300021F8F77CF81D
:10E4200002460B46204604B0BDEC028BBDE8F0412D
:10E430002CF09EB9064BBAE7054BD7E704B0BDEC0C
:10E44000028BBDE8F08100BF000000C700FEFF4660
:10E450000080FFFF2DE9F04F83B000AFD0F810909F
:10E46000C7F804D08AB080460E4615466C46DFF8E1
:10E47000C8B0226222462D4B63614FF0050AC4E901
:10E4800006B142F810AF2A483A6000234FF42451F5
:10E4900006F08AF9B9F83C30D7F804D01E44B9F830
:10E4A0004C301D4436B22DB2A9F83C60A9F84C504E
:10E4B0008AB0204BC4F810A0C4E9053BC4E9076545
:10E4C00000233A681A484FF4245106F06DF9D8F841
:10E4D0001040D7F804D0D8F8045004F138002DF0DB
:10E4E000A8FE04F148002DF0A4FEB4F93C306BB94D
:10E4F000B4F94C3053B9204634F0ACFE0023A36489
:10E50000A36300200C37BD46BDE8F08F287AC00316
:10E510004FF47A72002300F2E7300021F7F7FCFF96
:10E5200002460B4620462CF023F9EAE7F2B3060038
:10E530002449060007B4060060B4060082B0F8B5AE
:10E5400000AF07F118010446006881E80C002DF0C7
:10E55000EFFB6E468AB0F969636805466A460F4864
:10E5600050610F4813620523C2E9060142F8103FCB
:10E5700000230C484FF4245106F016F961684A4212
:10E58000090C4942B54612B209B22846FFF762FFAC
:10E590000020BD46BDE8F84002B07047AAA90600B9
:10E5A00045B406002449060082B0F8B500AF07F173
:10E5B00018010446006881E80C002DF0B9FB6E4696
:10E5C0008AB0F969636805466A460E4850610E488C
:10E5D00013620523C2E9060142F8103F00230B48ED
:10E5E0004FF4245106F0E0F86168B5460AB22846B7
:10E5F0000914FFF72FFF0020BD46BDE8F84002B028
:10E60000704700BFAAA906002BB4060024490600E3
:10E610002DE9F04192B0182206AF0021B81835F06C
:10E6200068F93E4D3E4C0022002307F118012846B0
:10E630002BF0F0FD804600286CD16E468CB0D7E9F7
:10E640000801BB6A06AADFF8ECC0536240F201334E
:10E650001385344BC2E905C4C2E9070142F8103FF3
:10E66000314843464FF4545106F09EF81822B546FF
:10E670004146384635F03DF9BB697B6034F068FFB0
:10E680004FF47A72A0FB020302FB01313B7F3B7423
:10E69000C00B97F82C3040EA4140C90B13F001023F
:10E6A000C7E9020118BF0122049207F108030FCB4A
:10E6B0008DE80F0007F12000D7E90023FDF74CFC9F
:10E6C000FB6A6E4688B0C3F35E0306AA1749D3619E
:10E6D0000423C2E9051442F8103F002312484FF406
:10E6E000045106F061F8FB6A012BB5469BD9C3F3D0
:10E6F0005E044FF4004540F2E73000214FF47A7297
:10E700000023E5FB0401F7F707FF02460B46084824
:10E710002CF02EF83037BD46BDE8F081701800208F
:10E72000E8B406000600000124490600BCB4060057
:10E73000700000209DB4060030B58BB001AC84E8B9
:10E740000E0042680492027C8DF8142094E80700C1
:10E7500006AD85E80B000F9A9DF8383043EA420376
:10E76000099309480022002304A92BF0FDFC00288E
:10E7700004DB064834F06CFD10B100200BB030BD56
:10E780000248FFF745FFF8E77018002070000020EE
:10E7900002490348012207F045BE00BFA4B0002093
:10E7A00004B506002DE9F843002500AF06460560D4
:10E7B00001F0A8F9DFF8B480044688B303F0F0FC58
:10E7C000D8B1244CE94688B023786A462249D361FF
:10E7D0000423C2E90518214842F8103F4FF40451C0
:10E7E0002DF03AFD2378012BCD4615D028467060D8
:10E7F00030463370BD46BDE8F8836C4688B06A4643
:10E80000174B1648C2E90538032342F8103F4FF46E
:10E81000C8512DF021FDA54601F082FB0123E6E75A
:10E8200003F0BEFC88B16D4688B06A460D4B0B48BC
:10E83000C2E90538032342F8103F4FF4C8512DF0C8
:10E840000BFD2346AD462046D1E76C4688B06A46AC
:10E85000054BD6E7A4B0002018B5060024490600F1
:10E8600049B5060060B5060077B5060032B7060068
:10E8700037B508490848094D6C4634F0DDFC2046A0
:10E88000FFF790FF94E8030085E80300002003B041
:10E8900030BD00BF91E70200A8270020807400204F
:10E8A00090B585B000AF07F11004C7E9002304E973
:10E8B00003003B783A7A934219D1D3B1012B07D1A7
:10E8C000F8687B68C31A584258411437BD4690BD5A
:10E8D0006C4688B06A4608490848C2E90513032314
:10E8E00042F8103F4FF4C2512DF0B6FCA54600206F
:10E8F000EBE70120E9E700BF9DB5060024490600CB
:10E9000082B00DF1080C0CE9030019469DF80030A7
:10E9100010461BB1012B05D0054A00E0054A02B0A4
:10E920002CF076BD019B044A02B02CF071BD00BFF3
:10E93000B9B50600CED10600B2B5060090B583B0D9
:10E9400000AF07F1080303E903003B78ABB1012BEB
:10E9500004D1786801300C37BD4690BD6C4688B054
:10E960006A4607490748C2E90513032342F8103FE6
:10E970004FF4C2512DF070FCA5460020EBE700BF1C
:10E980009DB5060024490600034A034692E80300A9
:10E9900083E803001846704780740020B0B500AFCC
:10E9A0006D4688B004466A462E4B53612E4BC2E931
:10E9B0000630042342F8103F2C484FF404512DF048
:10E9C0004BFC072CAD4607D00C2C3CD088B06A46D7
:10E9D000274BC2E9053409E0264B1B7893B1012B84
:10E9E00025D088B06A462449C2E90513032342F8BA
:10E9F000103F1E484FF4C2512DF02EFC6FF08504DD
:10EA0000AD4611E02DF0ADFD044668B188B06A4610
:10EA10001A4B1648C2E90534032342F8103F4FF45D
:10EA2000C2512DF019FCAD462046BD46B0BDFEF7E3
:10EA300095FB013001F04EFD04460028F4D088B06B
:10EA40006A460F4BE5E70B4B1B783BB1012BC8D156
:10EA5000FEF788FB013001F089FDEDE72DF089FD1F
:10EA6000D2E700BFC1B5060018B70600244906006A
:10EA70002FB60600807400200FB60600D7B506003A
:10EA8000F3B50600B0B51D4B1B7800AF9BB1012B51
:10EA900027D06C4688B06A4619491A48C2E905135E
:10EAA000032342F8103F4FF4C2512DF0D5FBA54689
:10EAB0006FF0850412E02DF064FD044670B16D46E0
:10EAC00088B06A46104B0F48C2E90534032342F868
:10EAD000103F4FF4C2512DF0BFFBAD462046BD465E
:10EAE000B0BDFEF743FB013001F08CFD0446002869
:10EAF000F4D06D4688B06A46044BE4E78074002089
:10EB00000FB6060024490600D7B50600F3B5060087
:10EB1000F0B589B000AF3D1D1A4C2846FFF742FE04
:10EB200094E80C0095E80300FFF7BAFE30BB2DF027
:10EB300096FB95E8030007F114050A232A4684E8AA
:10EB400003006E46FFF7DCFE88B06B460E4A0F48A6
:10EB5000C3E905254FF400729A831A460C4B42F81C
:10EB6000103F4FF4E6512DF077FB94E8030007F1D6
:10EB70000C03B54683E8030000F0A8F82437BD462F
:10EB8000F0BD00BF8074002049B60600244906008D
:10EB900003000001B0B500AF6D4688B004466A4678
:10EBA0000E4B53610E4BC2E90630042342F8103F6E
:10EBB0000C484FF404512DF04FFB0B4B1A78A24236
:10EBC000AD4608D01C704FF46C22002307482BF090
:10EBD00003FEFFF79DFF0020BD46B0BD5EB60600F8
:10EBE00049B7060024490600A4B00020A827002049
:10EBF000034B1878B0FA80F04009FFF7CBBF00BF95
:10EC0000A4B000202DE9F84300AF6D468AB09046CD
:10EC100006460C4699466A46244B5361244BC2E98A
:10EC2000063040F201331384224B42F8103F224851
:10EC30004FF414512DF010FB2049AD460022304610
:10EC40002FF047F820B900242046BD46BDE8F883E0
:10EC5000012C12D088B06A46194B1748C2E9053416
:10EC60000123D361042342F8103F4FF401512DF0EA
:10EC7000F3FA6FF01504AD46E6E72246114948461F
:10EC8000C047041E0EDC88B06A460F4B0A48C2E932
:10EC90000534032342F8103F4FF4C2512DF0DCFA43
:10ECA000AD46D1E7FFF734FFCDE700BF81B60600E0
:10ECB00003B706000400000124490600AAAD0600BF
:10ECC0009FB60600A4B00020CAB606007FB56B460A
:10ECD00083E8030093E80300002206AB03E9030086
:10ECE000039202A8034A02922DF09FF807B05DF844
:10ECF00004FB00BF844F06002DE9F04100AF00F097
:10ED0000B1FA044600283FD0A57A00886368002D38
:10ED100000F0A780A3F1E002072A6A4D02D8C2B230
:10ED2000072A49D043EA00402DF010F9002843D0CB
:10ED30006E468AB0218863686A466348C2E9071351
:10ED40000523C2E9050542F8103F604800234FF44F
:10ED5000245105F029FD20886368B54643EA004048
:10ED60002DF0E5F8002813DA88B06A46584BD061D8
:10ED7000C2E90535042342F8103F00234FF4045143
:10ED8000524805F011FDB5460020BD46BDE8F081B2
:10ED90002088FFF703FE00280EDA88B06A464D4B44
:10EDA000C2E90530032342F8103F484800234FF4DE
:10EDB000C25105F0F9FCB5466E468CB0B4F800C0FF
:10EDC0006068217A637A6A46DFF818E1C2E90913BC
:10EDD0000723C2E905E5C2E907C042F8103F3B48F6
:10EDE00000234FF4645105F0DFFC20886368B546CA
:10EDF00043EA00402DF08CF800280BDA88B06A4610
:10EE0000354BC2E90535032342F8103F00234FF488
:10EE1000C851B5E7607A2DF059F80546207AFDF71C
:10EE200083FF2388072B18D0002D01DC002814DD78
:10EE30000720FFF7B3FD00280FDA6D4688B06A4659
:10EE4000264BC2E90530032342F8103F1F48002338
:10EE50004FF4C25105F0A8FCAD462088FFF79EFD97
:10EE600092E76E468CB094F808C0617A6A46DFF883
:10EE70007880DFF870E0C2F814E0C2E9083C0723AC
:10EE8000C2E90680916242F8103F10482B464FF4C9
:10EE9000645105F089FC20886368B54643EA004068
:10EEA0002DF045F8002805DA88B06A460C4BC2E917
:10EEB0000538A8E7607A2DF01AF80546FDF766FFD9
:10EEC000AFE700BF21B906007DB706002449060060
:10EED000CDB70600F4B706007CB8060098B8060067
:10EEE000E5B806002DB8060003B90600F0B585B0F8
:10EEF0006C4600AF8AB006460D466A461D4B53610C
:10EF00001D4B1162C2E90630052342F8103F1B4831
:10EF100000234FF4245105F047FCA5463E707D7058
:10EF200034F016FB4FF47A72A0FB020302FB0131AE
:10EF3000C00B40EA4140C90BC7E9020107F11003C9
:10EF400013E90F0000F05CF9051E0EDA88B06A467E
:10EF50000B4BC2E90535032342F8103F0748002355
:10EF60004FF4C45105F020FCA54628461437BD4691
:10EF7000F0BD00BF3EB9060005BB060024490600EF
:10EF800063B90600014B19682DF07FB9B8750020F0
:10EF9000072810B40CD80A4C0121226801FA00F3AA
:10EFA00013439A42236008D05DF8044BFFF79EBFDD
:10EFB0006FF015005DF8044B70470020FAE700BFC2
:10EFC000B8750020072810B413D818B900205DF8D0
:10EFD000044B7047084C0122216802FA00F321EA31
:10EFE000030219422260F1D05DF8044B0021FFF7C3
:10EFF0007DBF6FF01500EAE7B8750020B0B54B296A
:10F0000082B0054600AF0C4616D8072814D8381D24
:10F01000FDF730F9002813DA6C4688B06A462049BB
:10F020000323C2E9051042F8103F1E4800234FF4A5
:10F03000C45105F0B9FBA54600200837BD46B0BD58
:10F04000844210DB6D4688B06A46174BC2E905342E
:10F05000032342F8103F00234FF4C451114805F038
:10F06000A3FBAD46E8E77B6853F824304B2B0DD962
:10F070006D4688B06A460D49D3610423C2E9051480
:10F0800042F8103F00234FF40251E7E70C225343AC
:10F090004FF4647202FB0530054B1844CDE700BF06
:10F0A0008CB9060024490600D8B906000BBA060040
:10F0B000904F06002DE9F0430D468DB0814606AF16
:10F0C000D1B2284614469846FFF798FFD7E90E2399
:10F0D00087F81090E9468CB0C7E90223C7E90054CD
:10F0E0000368064606AA12495161C2E9084311495C
:10F0F00040F203531385104BC2E9061542F8103F46
:10F100000E4800234FF4545105F04EFBCD4607F155
:10F110001803CDF8108013E90F008DE80F0030467A
:10F12000D7E90023FCF718FF1C37BD46BDE8F08384
:10F1300041BA0600E5BA06000600000124490600AF
:10F140002DE9F0472DED028B82B002AF97ED0A8BCF
:10F15000DFF8A8A081460D4690461AB1224B1B68E5
:10F160004AF821300726F4B25AF8251020462DF02F
:10F170008CF8D0B121468DED008B43462A46484697
:10F18000FFF798FF041E15DD6C4688B002AA174BE6
:10F190005361174B9361032342F8103F1548002336
:10F1A0004FF4C85105F000FBA546013EDBD26FF0DD
:10F1B000850412E011D06D4688B002AA0E4B53614F
:10F1C0000B4BC2E90634042342F8103F09480023E0
:10F1D0004FF4045105F0E8FAAD462046BD46BDECBB
:10F1E000028BBDE8F08700BFB875002071BA060039
:10F1F000C3BA060024490600A3BA0600887400209A
:10F2000010B58AB06C4684E80F0000230593064BC6
:10F21000049394E80F000AAC04E90F0004A82CF052
:10F2200004FE0AB010BD00BF106C060084B030B5FB
:10F2300089B00CAC84E80F00002301930CAD084B9F
:10F2400000930FCD02AC0FC495E8030084E80300DF
:10F2500068462CF0EAFD09B0BDE8304004B07047C4
:10F26000186C06000268034B9A420CBF083000205D
:10F27000704700BF186C060007B56B4683E80300B3
:10F2800093E80300FFF75AFB024B185C03B05DF8EC
:10F2900004FB00BFA5B0002013B56B4683E8060051
:10F2A000044693E80300FFF749FB044B1C54044851
:10F2B00002B0BDE810402BF0F3B900BFA5B00020AC
:10F2C000F007002090B583B000AFC7E900120478C2
:10F2D000D7E900122046FFF7DFFF8AB03B786A4685
:10F2E0000849516108491462C2E90613052342F82E
:10F2F000103F064800234FF4245105F055FA0C370F
:10F30000BD4690BDB1BB0600E7BB06002449060020
:10F310007FB56B4683E8030093E80300002206AB49
:10F3200003E90300039202A8034A02922CF07DFD38
:10F3300007B05DF804FB00BF206C06000268034BB9
:10F340009A420CBF08300020704700BF206C0600B6
:10F3500082B098B500AF07F1100181E80C00436856
:10F36000052B1DD8DFE803F003070E11151800F078
:10F37000B5FD002001E000F049FEBD46BDE8984023
:10F3800002B0704700F06AFEF7E7007A00F0E2FD95
:10F39000F3E700F015FEECE7007A00F087FEECE7FB
:10F3A0006C4688B06A460849C2E90513032342F84F
:10F3B000103F064800234FF4C25105F0F5F96FF0F5
:10F3C0008500A546D9E700BF28BC060024490600F1
:10F3D000074B1A78074B82B0162102FB01330193C9
:10F3E0008DF8002002AB13E9030002B0FFF790BFD5
:10F3F000B3B00020B4B0002002490348012207F056
:10F4000011B800BFB3B000203FBC0600B0B500206B
:10F4100000AF0AF073FE041E14DA14F1780F11D055
:10F420006D4688B06A460C4B0C48C2E9053403238C
:10F4300042F8103F4FF4C2512CF092FFAD462046E7
:10F44000BD46B0BD064807F07DF80649064833F0D2
:10F45000F3FE0024F3E700BF52BC06002449060077
:10F460004C080020F9F30200D827002070B503787B
:10F470008AB004460E4607AD032B20D8DFE803F020
:10F4800002191B1D11492846F7F7BAF9059563784B
:10F490000493A3780393E378029323790193637928
:10F4A0000093A3790A4A1E2130462BF0B1FF0AB01F
:10F4B00070BD0849E7E70849E5E70849E3E7084A76
:10F4C0000A2128462BF0A4FFE0E700BF3296060091
:10F4D0005496060039960600409606004A960600A5
:10F4E000FE9F060080B588B000AF30F064FC39465E
:10F4F000FFF7BCFF8AB06A46094B5361094B0A48C3
:10F50000C2E9063740F201331384084B42F8103F3A
:10F510004FF414512CF024FF2037BD4680BD00BFAE
:10F5200068BC06006DC20600244906000400000104
:10F53000F0B589B000AF0D46144630F03CFC3946BA
:10F54000FFF794FFBCB96C468AB06A46154B53610D
:10F55000154B1562C2E9063740F201339384134B11
:10F5600042F8103F12484FF434512CF0F9FEA546F2
:10F570002437BD46F0BD6E468AB06B460D4A0C4836
:10F58000C3E905274FF400729A841A46C3E9075469
:10F59000064B42F8103F4FF431512CF0E1FEB546D6
:10F5A000E6E700BF82BC060048C206000500000175
:10F5B00024490600A4BC0600F0B589B000AF0E4691
:10F5C00015461C4630F0F7FB3946FFF74FFF8CB06D
:10F5D00068460B4B43610B4B8462C0E90637024619
:10F5E00040F201338385084BC0E908654FF474513C
:10F5F00042F8103F05482CF0B3FE2437BD46F0BD5D
:10F60000C8BC060037C206000700000124490600F6
:10F610002DE9F04393B000AF07F104098846054691
:10F6200030F0C9FB4946FFF721FF6C468AB06A46B5
:10F63000294B5361294EC2F8208040F20133938454
:10F64000274B2848C2E906694FF4345142F8103F6D
:10F650002CF086FE07F12401A54628460CF0AAFFEF
:10F6600097F82530012B12D088B06A461E49D36125
:10F670000423C2E905161B4842F8103F4FF4045119
:10F680002CF06EFEA5464C37BD46BDE8F08317480A
:10F690002BF006F8284630F08EFB154B19780F2218
:10F6A000162313FB0123134919442CF056FE00289E
:10F6B000E9D188B06A46104B0A48C2E905360323EF
:10F6C00042F8103F4FF4C8512CF04AFE0B48A546B3
:10F6D0002AF0E6FFD7E700BFF2BC06002AC2060008
:10F6E00005000001244906001BBD06006408002037
:10F6F000B3B00020B4B0002034BD06007408002070
:10F700002DE9F04F8BB06E4600AF8AB090460546AB
:10F710000C4699466A466C4B53616C4B40F2013B78
:10F72000C2E906306A4BA2F820B06A4842F8103F9E
:10F730004FF414512CF014FE6749B5463A4628465A
:10F740002EF0C7FA002878D03868002875D00A2231
:10F75000391D2BF0FFFE7B681B78A3B188B03B6896
:10F760006A465E49C2E905134FF4007393835C4B0C
:10F7700042F8103F4FF4E45156482CF0F1FDB546E5
:10F780006FF0150437E0162C0CD088B06A46554B44
:10F79000C2E905341623D361042342F8103F4FF425
:10F7A0000151E9E7C5B2052D0CD988B06A464E4B28
:10F7B000C2E905350623D361042342F8103F4FF414
:10F7C0000251D9E7494B04FB05FA224603EB0A0133
:10F7D0004846C047041E454B12DC88B06A46444B7D
:10F7E0003C48C2E90534032342F8103F4FF4C251AC
:10F7F0002CF0B6FDB54620462C37BD46BDE8F08F4F
:10F8000007F108040AF10F0021461844FFF72EFE05
:10F810008AB06A46374B53612C4B1562C2E90634F5
:10F82000354BA2F824B02B4842F8103F4FF4345126
:10F830002CF096FDB5460024DDE730493A462846CF
:10F840002EF047FAC8B13B68BBB9012C98D12246CB
:10F850002B494846C047041EEDDC6D4688B06A4619
:10F86000284B1C48C2E90534032342F8103F4FF4EB
:10F87000C2512CF075FDAD46BDE723493A462846F6
:10F880002EF027FA0028D6D038680028D3D0072CCD
:10F890007FF476AF34F0E0F958B11C4BFB610223E2
:10F8A0000C48BB6107F118024FF482512CF058FD4F
:10F8B000C1E7224616494846C047041EBBDC6D46D8
:10F8C00088B06A46134BCCE754BD0600FAC1060067
:10F8D00004000001244906006DBD060076BD060047
:10F8E0000300000190BD0600BABD0600B4B00020C0
:10F8F000F0BD060028BE06000500000143BC06005E
:10F90000B3B000204DBE060084BE060099BE0600BE
:10F91000ACB00020C6BE060008B5074B07481978F2
:10F920000F22162313FB0123184405492CF015FD63
:10F93000B0FA80F0400908BDB3B00020B4B0002098
:10F9400032E3060038B50546FFF7E6FF90B90A4BEB
:10F950001A7816240F2314FB0234084B28461C4443
:10F9600030F029FA014620462CF0F7FCB0FA80F07E
:10F97000400938BD0120FCE7B3B00020B4B000203E
:10F98000F0B58BB000AF391D04460CF013FEFFF745
:10F99000C3FF1C4A1C4B7E796D468AB0002818BFF5
:10F9A00013466A461949516113621949194840F2D0
:10F9B00002439384184BC2E9061642F8103F4FF4F5
:10F9C00034512CF0CDFC7B79012BAD4603D00020C7
:10F9D0002C37BD46F0BD2046FFF7B4FF0028F6D116
:10F9E0000E4B88B01B786A460D490A48C2E90513D8
:10F9F000032342F8103F4FF4C4512CF0B1FC062011
:10FA0000AD46E5E701BF060005BF060008BF0600DA
:10FA100059C206002449060005000001B3B00020C9
:10FA20001EBF06002DE9F04790B002AF0C4681469C
:10FA300007F1180A4FF016085146204619FB08F640
:10FA4000FFF714FD194D216806F10F025319A95053
:10FA5000A2889A80A2799A713C1DCDF80090144B2F
:10FA600011220021204634F0DDF8E9468AB002AACE
:10FA7000104B5361104BC2F820A0C2E906340F4B63
:10FA800053620F4B42F8103F0E484FF444512CF094
:10FA900067FC4246CD46A919204606F0C3FC0A4839
:10FAA0002AF0FEFD3837BD46BDE8F087B4B000202F
:10FAB0004CBF06005CBF06003AC306000103020407
:10FAC00005000002244906007408002038B50F2301
:10FAD000162414FB0034094B09491C4405462046F2
:10FAE0002CF03BFC48B1214600200AF019F82846CA
:10FAF0000349BDE83840FFF795BF38BDB4B00020DA
:10FB000032E3060010B5124B12491A7816240F235F
:10FB100014FB0234104B1C448AB020462CF01DFC10
:10FB200010B900200AB010BD214600200CF08CFC5A
:10FB300004460028F5D001A90CF03CFD204630F029
:10FB400024F89DF82400831E58425841EAE700BF7C
:10FB5000B3B0002032E30600B4B00020F0B58DB0A1
:10FB600002AFFFF7D9FE38BBFFF7CCFF80F00103EF
:10FB70005B00DCB2384E6D468AB0337802AA374952
:10FB8000516137491462C2E90613052342F8103F58
:10FB900034484FF424512CF0E3FB337804EB031387
:10FBA000112BAD460ADC022B44D0102B28D00024A8
:10FBB00020462C37BD46F0BD0224DBE7202B1FD0AA
:10FBC000122BF4D10BF0FAF9002333700446F8B984
:10FBD000DFF8A0E0BEE80F00BC46ACE80F00DEF89E
:10FBE00000302149CCF800300322009423463846E7
:10FBF0000BF0B2F90446D0B188B002AA1B4B0AE060
:10FC00000BF0DCF90023337004460028CFD06D469A
:10FC100088B002AA164B1348C2E90534032342F800
:10FC2000103F4FF4C2512CF09BFBAD46C0E70223BE
:10FC30003370BCE7DFF83CC0BCE80F0007F11404E8
:10FC40000FC4DCF80030236000230749009303222F
:10FC500007F11400CCE700BF38B1002082BF0600D6
:10FC600027C306002449060084080020C4BF0600FC
:10FC7000A0BF0600584A06002DE9F043054634F0BF
:10FC80003FF893B0444B6C4600AF88B01B58884691
:10FC90006A46424E424951614FF00409C2E9066387
:10FCA000404842F8109F4FF404512CF059FB07F1E3
:10FCB0002401A54628460CF07DFC97F82530012B41
:10FCC00011D088B06A463849D361C2E90516354873
:10FCD00042F8109F4FF404512CF042FBA5464C37DC
:10FCE000BD46BDE8F083284630F065F8391DFFF7C2
:10FCF000BDFB2E4B00221A70391DB8F1000F15D034
:10FD00008AB06A462A4BC2F81C80C2E905314FF41A
:10FD100000731384274B42F8103F4FF412512148CF
:10FD20002CF01EFBA546FFF719FFD8E78AB06A46FC
:10FD3000214BD161C2E9053640F2013313841D4BDA
:10FD400042F8103F4FF4145116482CF009FBA54619
:10FD5000FFF704FF284630F02EF8184B19780F22D1
:10FD6000162313FB0123164919442CF0F6FA002838
:10FD7000B5D188B06A46134B0A48C2E90536032359
:10FD800042F8103F4FF4C8512CF0EAFA0E48A5464D
:10FD90002AF086FCA3E700BF0800000020C206008E
:10FDA000E9BF0600244906001BBD060038B100204B
:10FDB00002C00600040000011FC00600B3B000200E
:10FDC000B4B0002030C00600740800202DE9F041D6
:10FDD00092B000AF05462FF0EEFF3E1D31460446BF
:10FDE000FFF744FB07F1240128460CF0E3FB97F8EA
:10FDF0002530012B14D06C4688B06A461A495161EF
:10FE00001A491B48C2E90613042342F8103F4FF475
:10FE100004512CF0A5FAA5464837BD46BDE8F0814F
:10FE20002846FFF78FFD0546B0B9E84688B06A4618
:10FE3000104B0F48C2E905364FF4007393830E4B05
:10FE400042F8103F4FF4E2512CF08AFA2146C546A1
:10FE5000284609F065FEDFE7084B21461878FFF7D2
:10FE6000E1FDFFF77BFED7E71BBD060079C2060068
:10FE7000244906004DC0060003000001B3B0002075
:10FE8000B0B5104800AF0CF0B9FA0F480CF004FE02
:10FE90000E480CF01BFE6D4688B06A460C4B536151
:10FEA0000C4B936100240423D4614FF4045142F8B5
:10FEB000103F09482CF054FAAD46FFF74FFE20469C
:10FEC000BD46B0BD2C08002010080020000800200E
:10FED00083C0060012C206002449060098B500AF90
:10FEE0006C4688B06A460A4B53610A4B9361032300
:10FEF00042F8103F4FF4C85107482CF031FA074B35
:10FF0000A5461878FFF7E2FDFFF728FEBD4698BD2D
:10FF100091C0060013C3060024490600B3B00020B8
:10FF2000014B1878704700BFB3B0002070B5084D82
:10FF300006460024294630462CF00FFA30B1013431
:10FF4000062C05F11605F5D16FF01204204670BDA0
:10FF5000C3B00020B0B5052800AF044622D86D46D6
:10FF600088B06A46114B5361114BC2E90630042335
:10FF700042F8103F0F484FF404512CF0F1F90E4BAA
:10FF80001A78A242AD460AD04FF46C221C700B487E
:10FF900000232AF021FCFFF7E1FDFFF719FA00200A
:10FFA000BD46B0BD6FF02100FAE700BFABC0060050
:10FFB000E7C2060024490600B3B00020D82700207D
:10FFC00098B500AF6C4688B06A460D4B53610D4B37
:10FFD0009361032342F8103F0B484FF4C8512CF0B3
:10FFE000BFF9A5460024E0B20134FFF76FFD062CEF
:10FFF000F9D10020FFF7AEFFFFF7B0FDBD4698BD79
:020000023000CC
:10000000BAC00600FBC206002449060098B500AF3E
:100010006C4688B06A460D4B53610D4B93610323C8
:1000200042F8103F4FF4C8510A482CF099F90A4B96
:10003000187806230130B0FBF3F203FB1200A5464B
:10004000C0B2FFF787FFBD4698BD00BFD8C006000D
:10005000D5C2060024490600B3B0002098B500AF11
:100060006C4688B06A460D4B53610D4B9361032378
:1000700042F8103F4FF4C8510A482CF071F90A4B6E
:10008000187806230530B0FBF3F203FB1200A546F7
:10009000C0B2FFF75FFFBD4698BD00BFD8C00600E5
:1000A000C3C2060024490600B3B000202DE9F04188
:1000B000052800AF054631D80F23162414FB003461
:1000C000184B19491C4420462CF047F928B96FF009
:1000D00012042046BD46BDE8F081214600200CF008
:1000E000B3F906460028F2D013212FF066FEE84649
:1000F0008AB004466A460D4B53610D4B1062C2E94B
:100100000635052342F8103F0A484FF424512CF0DD
:1001100027F93046C5462FF038FDDAE76FF02104A5
:10012000D7E700BFB4B0002032E30600DDC0060010
:10013000ABC206002449060030B5124B12491A78AA
:1001400016250F2315FB0235104B1D4487B028469A
:100150002CF003F9044660B90D4B05930D480223BA
:1001600004AA4FF4845104932CF0FAF8204607B007
:1001700030BD294600200CF067F904460028F5D16F
:10018000054BEAE7B3B0002032E30600B4B000202C
:1001900002C106002449060035C106002DE9F04FD2
:1001A000364EDFF8F49093B0014602AF0446304675
:1001B0002CF0D3F838B307F1200841463046FFF75A
:1001C00055F9EA468AB002AA2D4BDFF8D0B02D4887
:1001D000C2E905390023C2E9073840F2024393849B
:1001E0004FF4345142F810BF2CF0BAF82649D546E6
:1001F00030462CF0B2F80546B8B16FF00B0044372A
:10020000BD46BDE8F08F6C4688B002AA1F4BD06196
:10021000C2E90539042342F8103F1A484FF404514B
:100220002CF09EF8A5460020E9E739462046FFF766
:100230001DF98AB002AA164B1248C2E9053940F2EC
:100240000133C2E9077593844FF4345142F810BF6B
:100250002CF086F823683360A388B380D546A37951
:10026000B37129460B4B00952022404633F0DAFC4F
:1002700007222146404606F0D5F8D4E7ACB000206E
:1002800062C106002449060032E3060088C1060068
:10029000B9C10600DEC106008FC2060005000001DC
:1002A0001FB5C2240294044C0194BDF81840009478
:1002B00030F05EFE04B010BDE4C4060007B5064B86
:1002C00000930649064805234FF440722AF0EEF9E0
:1002D000002003B05DF804FB3C6C060020B5002054
:1002E000082800202DE9F047224D234EDFF89480A6
:1002F0008AB000AF002200233946284629F08AFF41
:10030000824618B12837BD46BDE8F087FFF714FFD5
:1003100004460028F6D01822514607F1100033F0A9
:10032000E8FA0F2307F110012046BB83C7E90567F0
:100330000FF08EFA431C07D1022120462FF0C9FC92
:1003400020462FF022FCD5E70028F9D0E94688B0F6
:100350006A460A4BC2F81480C2E90630042342F808
:10036000103F074853464FF4045104F01DFACD46A0
:10037000E6E700BFD0180020A86C0600C6C406003F
:10038000244906004EC306002DE9F047224D234EB6
:10039000DFF8948088B000AF002200233946284659
:1003A00029F038FF824618B12037BD46BDE8F087F6
:1003B000FFF7C2FE04460028F6D01822514607F186
:1003C000080033F096FA062307F108012046BB82A5
:1003D000C7E903670FF03CFA431C07D1022120460E
:1003E0002FF077FC20462FF0D0FBD5E70028F9D07E
:1003F000E94688B06A460A4BC2F81480C2E9063062
:10040000042342F8103F074853464FF4045104F0C8
:10041000CBF9CD46E6E700BFA0180020F86C060037
:10042000A8C40600244906004EC306002DE9F04783
:10043000234D244EDFF898808AB000AF07F10409FD
:10044000002200234946284629F0E4FE824618B1DE
:100450002837BD46BDE8F087FFF76EFE044600284A
:10046000F6D01822514607F1100033F042FA092362
:1004700007F110012046BB83C7E905690FF0E8F9D1
:10048000431C07D1022120462FF023FC20462FF0E9
:100490007CFBD3E70028F9D0E94688B06A460A4BCE
:1004A000C2F81480C2E90630042342F8103F07481E
:1004B00053464FF4045104F077F9CD46E6E700BF08
:1004C00000190020486D06008DC40600244906006E
:1004D0004EC30600B0B586B0054600AF40F6CD422B
:1004E000014600231B4829F03FFE044668B310F183
:1004F0000B0F19D1184B7B6102233B611748002376
:1005000007F110024FF4845104F04EF90022002349
:100510003946104829F07EFE2846FFF7DBFF0446E7
:1005200020461837BD46B0BD6D4688B06A460C4BB4
:10053000C2E90530032342F8103F084800234FF476
:10054000C45104F031F9AD46EAE70649064832F0F5
:100550005CFEE5E7D018002065C3060024490600CC
:10056000ABC30600BC08002008280020B0B586B048
:10057000054600AF40F6CD42014600231B4829F056
:10058000F3FD044668B310F10B0F19D1184B7B61D2
:1005900002233B611748002307F110024FF48451F6
:1005A00004F002F9002200233946104829F032FEF7
:1005B0002846FFF7DBFF044620461837BD46B0BD8E
:1005C0006D4688B06A460C4BC2E90530032342F8F9
:1005D000103F084800234FF4C45104F0E5F8AD463D
:1005E000EAE70649064832F010FEE5E7A0180020C9
:1005F000D8C30600244906001EC40600AC0800202B
:1006000008280020B0B586B0054600AF40F6CD42C0
:10061000014600231B4829F0A7FD044668B310F1EA
:100620000B0F19D1184B7B6102233B611748002344
:1006300007F110024FF4845104F0B6F800220023B1
:100640003946104829F0E6FD2846FFF7DBFF04464F
:1006500020461837BD46B0BD6D4688B06A460C4B83
:10066000C2E90530032342F8103F084800234FF445
:10067000C45104F099F8AD46EAE70649064832F05D
:10068000C4FDE5E700190020D8C306002449060090
:100690004BC406009C0800200828002082B08DE88A
:1006A0000C0043680E2B04D1034B02B0187802F003
:1006B000D1BA002002B070473AB1002082B0B0B584
:1006C00082B000AF07F118016D468AB081E80C00D6
:1006D0000446D0E901136A4631485061314813623B
:1006E0000523C2E9060142F8103F00232E484FF4CB
:1006F000245104F059F86368AD460F2B4CD8DFE85D
:1007000003F0081013161A1D2124282B2F3B3F3706
:10071000324202F0BDFA0837BD46BDE8B04002B033
:10072000704702F071F9F6E702F0B4F9F3E701203F
:1007300002F024FBEFE74FF0FF30F9E7012002F071
:1007400031FBE8E74FF0FF30F9E7012002F03EFB14
:10075000E1E74FF0FF30F9E7012002F04BFBDAE769
:100760004FF0FF30F9E7002002F066FA0F4B1870E7
:10077000A06802F06FFACEE701202BF00AFFCAE76B
:100780004FF0FF30F9E723896289BA805BBAFB80BA
:10079000786802F087FABEE76FF08500BBE700BF1C
:1007A000A6C506005BC60600244906003AB1002033
:1007B00082B0B0B582B000AF07F1180181E80C003B
:1007C000436804460C2B3CD8DFE803F0073B3B4F63
:1007D00053565A3D4C3B3B645D00381D02F004F912
:1007E0000546B0B16C4688B06A462C4BC2E905306C
:1007F000032342F8103F2A4800234FF4C25103F06C
:10080000D3FFA54628460837BD46BDE8B04002B034
:1008100070473B7901336360D4E901136C468AB0B9
:100820006A4620485061204813620523C2E9060148
:1008300042F8103F1A4800234FF4245103F0B4FF4C
:10084000A5460025DEE7012002F07CFA0F23636055
:10085000C0F307431B0203EB0043786003EB106017
:10086000A060D9E74FF0FF30EEE7012002F032FA46
:10087000ECE74FF0FF30F9E7012002F047FAE5E737
:100880004FF0FF30F9E70D2343604FF0FF3002F0E7
:10089000D3F9E5E70D2343600120F8E7CAC5060058
:1008A00024490600F5C5060022C6060082B098B5A8
:1008B00000AF07F1100181E80C004368062B20D837
:1008C000DFE803F0040B0E11171A1D0002F0ACFB59
:1008D000BD46BDE8984002B0704702F0B1FBF7E7B3
:1008E00002F0B6FBF4E7012002F01CFC02F0BAFBB8
:1008F000EEE74FF0FF30F7E702F022FCF6E7007A70
:10090000F4E76C4688B06A460749C2E90513032339
:1009100042F8103F054800234FF4C25103F044FF52
:100920006FF08500A546D3E78DC606002449060072
:1009300082B098B500AF07F1100181E80C00436860
:10094000023B0446032B1BD8DFE803F00220272CD0
:1009500002F0E2FA6060D4E901136C468AB06A469C
:1009600013485061134813620523C2E9060142F897
:10097000103F114800234FF4245103F015FFA54602
:100980000020BD46BDE8984002B070470623436092
:10099000012002F0C7FBA060DDE7062343604FF0B3
:1009A000FF30F6E70623436002F0CAFBF3E700BF1F
:1009B000ABC60600D6C60600244906001FB50023B4
:1009C000CDE90233044B8DF80C0001A801932BF004
:1009D0002CFA05B05DF804FB486E060008B502F07D
:1009E000CFFBBDE80840014932F00FBCE809002008
:1009F00007B5084832F0BDF948B14FF4F0120023B2
:100A0000CDE900230448002200232AF029FC03B08A
:100A10005DF804FB44450600D816002008B5FBF736
:100A200061FE10B96FF0850008BDFBF71DFA38B103
:100A30000138C0B20128F5D8034832F0DCFD01E0EE
:100A4000FFF7D6FF0020EFE7D816002080B50C4B4B
:100A500000AF88B01B686A460A49C2E905134FF423
:100A600000739383084B42F8103F084800234FF46B
:100A7000E25103F099FE6FF01200BD4680BD00BF49
:100A8000444506004EC70600030000012449060045
:100A900008B5064832F06DF918B9BDE80840FFF70F
:100AA000D5BFFFF7A5FF002008BD00BF44450600E5
:100AB000F0B583B000AF244DAE682D21F368284611
:100AC0009847044620B36D4688B06A461F4B536171
:100AD0001F4BC2E90634042342F8103F1D4800238F
:100AE0004FF4045103F060FEAD466D4688B06A468F
:100AF000194B5361194BC2E90634042342F8103FE5
:100B0000144800234FF4045103F04EFEAD4617E0A5
:100B10002D2133693A4628469847044620B16D4650
:100B200088B06A460E4BD2E70E4B38681A7882427C
:100B300006D0C0B21870FFF741FF04460028D4D198
:100B40000C37BD46F0BD00BF444506006FC7060028
:100B5000ECC7060024490600C4C70600FFC706000C
:100B600096C706003BB10020014B1878704700BFC4
:100B70003BB100201FB50023CDE90233044B8DF8B3
:100B80000C0001A801932BF050F905B05DF804FBAF
:100B9000506E06001FB50023CDE90233044B8DF8DB
:100BA0000C0001A801932BF040F905B05DF804FB9F
:100BB000546E06000268034B9A420CBF08300020B6
:100BC000704700BF546E060013B500241049114849
:100BD000009405234FF4007229F068FD0E490F4878
:100BE000009405234FF4007229F060FD0C490D4874
:100BF000009405234FF4007229F058FD0A480BF0C9
:100C0000FDFB0A4805F09EFC204602B010BD00BF67
:100C100020BC0020C02A002020BA0020D8290020B3
:100C200020B80020F0280020400A0020180A0020E8
:100C300008B5FBF715FB10B1024829F031FD002083
:100C400008BD00BF600A002098B500AF89B16C46AE
:100C500088B06A460C4B53610C4B9361032342F8F6
:100C6000103F0B484FF4C8512BF03AFCA546BD4647
:100C700098BD012804D86C4688B06A46054BEAE75F
:100C8000054829F00DFDF2E74FC8060069D00600BF
:100C9000244906009CC80600600A0020B0B5234B1A
:100CA00086B01A7800AF0ABB214A5268002A32D1B6
:100CB000204D01221A700FCD3C1D0FC42B681E4918
:100CC0002360381D0AF01AFC041E29DA6D4688B02C
:100CD0006A461A4B1A48C2E90534032342F8103F0A
:100CE0004FF4C2512BF0FCFBAD4610E06C4688B0CF
:100CF0006A46144B5361144B9361032342F8103F2F
:100D00000F484FF4C8512BF0EBFBA54600242046BA
:100D10001837BD46B0BD6C4688B06A460B4BE9E754
:100D20006C4688B06A460A4BE4E700BF3CB100203D
:100D3000BC7500206C4A0600CD1B030044C90600A8
:100D400024490600F0C80600E1D006000DC90600DF
:100D500066C9060070B503788AB004460E4607AD32
:100D6000032B20D8DFE803F002191B1D1149284688
:100D7000F5F746FD059563780493A3780393E3782C
:100D800002932379019363790093A3790A4A1E2180
:100D900030462AF03DFB0AB070BD0849E7E7084934
:100DA000E5E70849E3E7084A0A2128462AF030FB2C
:100DB000E0E700BF3296060054960600399606001A
:100DC000409606004A960600FE9F06002DE9F04375
:100DD000164D174EDFF8608089B002AF0022002365
:100DE000394628463C4629F015FA18B11C37BD464D
:100DF000BDE8F083E94688B07B6802AAD36104238A
:100E0000C2E905680B4842F8103F4FF404512BF03B
:100E100067FB07F1180313E90300CD468DE80300D3
:100E200094E80F00FBF768FCD8E700BF101800201B
:100E300088C906002449060081D106002DE9F04149
:100E4000244E254D8CB004AF00220023391D3046BE
:100E500029F0E0F9044678B995F80080B8F1020F5E
:100E60000ED01E4BFB610223BB611D4807F1180227
:100E70004FF482512BF034FB2037BD46BDE8F081A2
:100E8000B5F886301BB9174BC7E90683EDE76868EC
:100E90002EF046FF0128EFD9B5F88610CDE90144C0
:100EA00001230093686843463A1D0FF0CDF90028EE
:100EB000CAD06C4688B004AA0B4BC2E905300323A4
:100EC00042F8103F06484FF4C2512BF009FBA546EB
:100ED000BAE700BF30190020BC750020B5C9060074
:100EE00024490600CAC90600E0C9060084B0F0B56E
:100EF00089B002AF07F130046D4688B084E80F0076
:100F000002AA284B53610326274B9361274842F8D6
:100F1000106F4FF4C8512BF0E3FAAD462448214638
:100F200040F6CD42002329F01FF90446002833D0B3
:100F300010F10B0F22D11F4B7B6102231B483B6139
:100F400007F110024FF484512BF0CAFA002200235B
:100F50003946174829F05EF9D7E9100107F1300347
:100F600000908DF804100FCBFFF7C0FF0446204619
:100F70001C37BD46BDE8F04004B0704788B002AAF7
:100F80000D4B4FF4C451C2E9053042F8106F0748C9
:100F90002BF0A6FAAD46EAE70849094832F035F9E0
:100FA000E5E700BFD8C0060027D1060024490600A7
:100FB00090190020D8C3060016CA0600300A002087
:100FC000C02A002090B5184C87B004AFFBF758F941
:100FD0002378022B24D1B4F88230F87103B360680F
:100FE0002EF09EFE01281BD90023B4F88210CDE913
:100FF0000133012300936068FA1D0FF025F90028E2
:101000000EDA6C4688B004AA084BC2E90530032307
:1010100042F8103F06484FF4C2512BF061FAA54642
:101020000C37BD4690BD00BFBC7500203CCA060011
:10103000244906002DE9F04190B06C4604AF88B019
:1010400004AA284B5361284B9361032342F8103FB5
:101050002648274D274E4FF4C8512BF041FAA5469C
:10106000254C002200233946284629F0D3F818B130
:101070003037BD46BDE8F0813B78A822534304EBEE
:10108000030CE35C022B0BD01C4BFB6202231748C2
:10109000BB6207F128024FF482512BF021FAE0E7FE
:1010A000BCF8801011B9164AFA62F0E7CDE90100E8
:1010B00001230093DCF8040014237A1C0FF0C4F819
:1010C0000028CED0E84688B004AA0323C2E9056010
:1010D0004FF4C25142F8103F04482BF001FAC546C4
:1010E000BFE700BFD8C0060048D10600244906006B
:1010F0009019002097CA0600BC750020B5C90600EB
:1011000079CA0600F0B5224E224D8DB004AF002200
:101110000023391D304629F07DF8044668B92B7844
:10112000022B0DD01C4BFB6102231C48BB6107F155
:1011300018024FF482512BF0D3F92437BD46F0BD8D
:10114000B5F8842012B9164AFA61EEE768682EF005
:10115000E7FD0128F1D9B5F88410CDE90144012358
:10116000009304236868FA180FF06EF80028CED0B8
:101170006C4688B004AA0B4BC2E90530032342F841
:10118000103F06484FF4C2512BF0AAF9A546BEE71E
:1011900060190020BC750020B5C90600244906006E
:1011A000CAC90600CCCA0600F0B589B000AF6D46CA
:1011B00088B0B8806A46234B53610326224B936163
:1011C000224842F8106F4FF4C8512BF089F9AD4610
:1011D0001F4840F6CD420023391D28F0C5FF0446C4
:1011E00050B310F10B0F19D11A4BFB6102231748B2
:1011F000BB6107F118024FF484512BF071F9002202
:10120000002307F10801124829F004F87868FFF775
:10121000CBFF044620462437BD46F0BD88B06A4661
:101220000D4B4FF4C451C2E9053042F8106F074826
:101230002BF056F9AD46EDE70849094831F0E5FFD6
:10124000E8E700BFD8C00600F0D006002449060039
:1012500030190020D8C3060016CA0600F80900207D
:10126000F0280020F0B589B000AF6D4688B07860F6
:101270006A46234B53610326224B9361224842F86E
:10128000106F4FF4C8512BF02BF9AD461F4840F6B4
:10129000CD420023391D28F067FF044650B310F1FA
:1012A0000B0F19D11A4BFB6102231748BB6107F1E1
:1012B00018024FF484512BF013F90022002307F198
:1012C0000801124828F0A6FF7868FFF7CBFF044614
:1012D00020462437BD46F0BD88B06A460D4B4FF41A
:1012E000C451C2E9053042F8106F07482BF0F8F8F6
:1012F000AD46EDE70849094831F087FFE8E700BF50
:10130000D8C006000BD10600244906006019002051
:10131000D8C3060016CA0600080A0020D8290020F3
:10132000034B5B68834214BF6FF0150000207047C9
:10133000BC75002008B5FFF7F3FF031EA3BF0348E9
:10134000A82202FB0300002008BD00BFBC750020DE
:101350002DE9F04387B0DFF84C8100AF0546164613
:101360000C46C1B96D4688B06A46454B4548C2E94E
:101370000538032342F8103F4FF4C8512BF0B0F862
:101380001822AD462146304632F0B3FA00201C3711
:10139000BD46BDE8F0836C4688B00B8A6A463A4980
:1013A000D3610423C2E90518364842F8103F4FF4D0
:1013B00004512BF095F82846A546FFF7BBFF0446DD
:1013C00058B9324B7B6102232E483B6107F1100272
:1013D0004FF482512BF084F8D8E72D4BD0F808C099
:1013E0003A4603F11009BE4618685968164603C606
:1013F00008334B453246F7D11B783370714660464F
:101400002DF059FF814680B16C4688B06A46214B69
:101410001C48C2E90538032342F8103F4FF4C85175
:101420002BF05EF80120A546B1E76E4688B06A460B
:10143000194B1448C2E905384FF003084FF4C8515E
:1014400042F8108F2BF04CF8144BC4F80890B546B6
:10145000E36084F8188004F1080128460EF012FBBE
:10146000002893D088B06A460D4B4FF4C251C2E9B0
:10147000053042F8108F03482BF032F8B54685E767
:1014800003CB06002449060019CB060033CB060027
:10149000804A06005CCB060074CB0600A91403004A
:1014A0008CCB0600F0CF06002DE9F0479AB08046BD
:1014B00000AF91460D46A1B96C4688B06A46BD4B57
:1014C0005361BD4B9361032342F8103FBB484FF477
:1014D000C8512BF005F8A54600206837BD46BDE889
:1014E000F087CB685BB9B64B7B660223B3483B669B
:1014F00007F160024FF482512AF0F2FFECE7FFF7A8
:1015000019FF044608B9AF4BEEE7EA4688B00B8AEC
:101510006A46A94EAC495161C2E90663042342F808
:10152000103FA6484FF404512AF0DAFF99F8103022
:10153000032BD54662D1EB68D3F80090A34B3A4613
:1015400003F1100ABE46186859689446ACE80300D7
:10155000083353456246F6D11B788CF8003071464B
:1015600048462DF0A8FE00285FD1E94688B06A46BB
:10157000974B9248C2E90536032642F8106F4FF4A4
:10158000C8512AF0ADFF04F168036363E38A238640
:10159000CD4628462FF003FD8E4B23620122A08505
:1015A000228704F13C03BFF35B8F53E8001F43E83D
:1015B00000200028F9D1BFF35B8F04F120014046E1
:1015C0000EF09EFE10F1780F0AD050B388B06A4634
:1015D000814B4FF4C251C2E9053042F8106F09E067
:1015E00088B06A467D4B53617D4B936142F8106F22
:1015F0004FF4C85171482AF073FFCD46B4F8860005
:1016000060B1B4F8840048B1B4F8800030B1A08D66
:1016100020B1B4F88200003818BF012080F001002A
:101620005BE788B06A466F4BDDE76F4B07F114024A
:1016300003F110089646186859689446ACE8030010
:10164000083343456246F6D11B788CF8003071466A
:1016500048462DF030FE8046C8B9E94688B06A4653
:10166000624B5648C2E90536032342F8103F4FF457
:10167000C8512AF035FFC4F808802B8A0233CD46C2
:10168000238228462FF08BFCA4F88000B6E7EB6895
:10169000D3F800E0564B07F1280203F110099046F9
:1016A000186859689446ACE8030008334B45624615
:1016B000F6D11B788CF80030414670462DF0FBFDCA
:1016C000B8B9E84688B06A464A4B3C48C2E9053694
:1016D000032342F8103F4FF4C8512AF001FF284677
:1016E000C5462FF05CFCA4F88200434828F0D8FFE0
:1016F00084E7EB68D3F800E0404B07F13C0203F1CC
:1017000010099046186859689446ACE803000833FD
:101710004B456246F6D11B788CF800304146704646
:101720002DF0C9FDA0B9E84688B06A46344B23487D
:10173000C2E90536032342F8103F4FF4C8512AF09E
:10174000CFFE2846C5462FF02AFCA4F8840055E7B2
:10175000EB68D3F800E02B4B07F1500203F11009BE
:101760009046186859689446ACE8030008334B4526
:101770006246F6D11B788CF80030414670462DF059
:101780009AFD00287FF43AAFE84688B06A461E4BBF
:101790000A48C2E90536032342F8103F4FF4C85106
:1017A0002AF09EFE2846C5462FF0F9FBA4F88600D5
:1017B00024E700BF03CB0600CECF06002449060075
:1017C000CFCB060033CB060019CB0600914A0600AA
:1017D000FACB06000D180300F993060022CC060090
:1017E0009CCF06003BCC0600A24A06004CCC06006B
:1017F000B34A06006ACC0600600A0020C44A06000C
:1018000092CC0600D54A0600AECC06002DE9F04F7A
:1018100089B000AF81460E4614461946FFF78AFD8F
:10182000054660B94B4BFB6102234B48BB6107F196
:1018300018024FF482512AF053FE012013E0DFF822
:1018400028A1A4B96D4688B06A46444B4248C2E913
:10185000053A032342F8103F4FF4C8512AF040FEE6
:101860002046AD46B4812437BD46BDE8F08F6E46B4
:101870008AB06A463A4B3848C2E9053A0523C2E9BC
:10188000074142F8103F4FF424512AF029FE354B0E
:101890003148B54605F18708661E4FF0040B0F343A
:1018A00016F8012F18F8011FC7F804D04A4088F82D
:1018B0001020317888F8001088B06A46C2E9053AED
:1018C000D16142F810BF4FF404512AF009FEA6423C
:1018D000D7F804D02048234BE2D1DFF890A0DFF8FE
:1018E00090B0983500264FF0010800242B78E34093
:1018F000DB0726D515F8101C08FA04F319424846F0
:1019000014BF01210021FFF70BFDA2193872FA6004
:10191000397431F01DFE4FF47A72A0FB020302FB12
:101920000131C00B40EA4140C90BC7E90601002262
:10193000002307F10801504628F016FC584628F00D
:10194000AFFE0134082CD1D10836802E05F10105F7
:10195000CBD172E733CB060024490600C9CC060080
:10196000DCCC060001CD0600B4CF06001018002024
:10197000700A00202DE9F04F87B0044600AF002820
:101980005AD12F4D2B78002B56D06E4688B06A4620
:101990002C4B53612C4BC2E9063004232B4842F8F0
:1019A000103F4FF404512AF09BFD6868B54610B112
:1019B0002EF0EBF86C600024DFF89480DFF894A040
:1019C000DFF894B02C70A146002698F80030F34060
:1019D000DB071CD5331987F800907B6087F80890E7
:1019E00031F0B6FD4FF47A72A0FB020302FB013125
:1019F000C00B40EA4140C90BC7E9040100220023A3
:101A00003946504628F0B0FB584628F049FE0136CA
:101A1000082EDAD10834802C08F10108D4D10C4802
:101A20002022002131F065FF0020C5E92000A885B3
:101A30001C37BD46BDE8F08F6FF01500F8E700BF1A
:101A4000BC7500200ECD060069D1060024490600B1
:101A50004476002010180020700A002070B5FEF7B0
:101A60009DFB041E0ADBA825064E6543735D2BB95A
:101A7000FFF780FF01237355204670BD6FF00B0404
:101A8000FAE700BFBC7500202DE9F04387B06C4633
:101A900000AF88B080466A463F4BDFF82C91536117
:101AA0000326C2F818903D4842F8106F4FF4C85111
:101AB0002AF016FD4046A546FFF7D0FF051E11DAB5
:101AC00088B06A46364BC2E9053542F8106F4FF4CC
:101AD000C65132482AF004FDA54600201C37BD46F9
:101AE000BDE8F08388B06A462E4B53612E4B93615C
:101AF0002A4842F8106F4FF4C8512AF0F1FC2B4BE2
:101B00000022A5461A7009F079FD002839DB88B05B
:101B10006A46274B2148C2E905394FF4C85142F8BB
:101B2000106F2AF0DDFC234B4FF00612C7E90023AB
:101B3000214B0FCB07F1080686E80F001F4BA822A8
:101B400002FB0533A5463A46314640460AF094FD6D
:101B50000028C2DA88B06A46194BC2E9053042F261
:101B60000D03D361042342F8103F4FF401510B4899
:101B70002AF0B6FC2846A546FFF7FCFEFFF78EF8D4
:101B8000ABE788B06A460F4B4FF4C251C2E905304B
:101B900042F8106F9DE700BF32CD060024490600D1
:101BA0004ECD060079CD060088D006003CB100205D
:101BB0009ACD06001E009001E84A0600C07500207C
:101BC000D5CD0600B8CD060096D006002DE9F0432D
:101BD00089B000AF1E468846394614460546E94698
:101BE000FFF7B8F88CB0B3886A4612495161C2E970
:101BF00008431149C2F8288040F2013393850F4B06
:101C00000F48C2E9061742F8103F4FF474512AF00A
:101C100067FCCD4644B90B492A46304606F0CEFD56
:101C20002437BD46BDE8F083012CF9D12846FFF7E3
:101C30002BFFF5E707CE0600C6D00600070000011F
:101C400024490600491C03002DE9F04FA5B06C465D
:101C500000AF8AB00E464378017805466A46DFF841
:101C60003C811362464850610523C2E9068145481C
:101C700042F8103F4FF424512AF032FC2B78063BF7
:101C8000012BA5460ED86C7814F00F0475D03E4B8E
:101C9000FB6702233B48BB6707F178024FF4825190
:101CA0002AF01EFC012064E0696810222144381DDE
:101CB0002DF02FFB78B902233248C7F87CB0BB6700
:101CC00007F178024FF482512AF00AFC10346B7845
:101CD0009C42E9DBE6E72D4B07F1180203F1100AFD
:101CE0009646186859689446ACE803000833534593
:101CF0006246F6D11B788CF800307146381D2DF005
:101D0000DAFA98B307F1400925224946381D06F052
:101D1000C1FC07F12C021D4B944618685968964681
:101D2000AEE80300083353457246F6D11B788EF8AF
:101D3000003007F168012522604606F0ABFCEA4658
:101D40008AB06A46124BC2F81C90C2E90538114BA2
:101D5000536207F16801104B11620A4842F8103FC4
:101D60004FF444512AF0BCFBD546AFE73046FFF7AD
:101D70008BFE9437BD46BDE8F08FDFF824B0A6E7B0
:101D800041CE0600244906005ACE0600804A0600CD
:101D90007BCE06000103020405000002AED006005F
:101DA00067CE0600F0B589B000AF0D4604462EF0B0
:101DB00002F83946FEF7CEFF6E468AB06A46104BEF
:101DC0005361104B1562C2E9063740F20133938428
:101DD0000D4B42F8103F4FF434510C482AF080FB71
:101DE0004FF00000B546FEF7D5FE20462AF08CFBEA
:101DF000002801DBFEF752FF2437BD46F0BD00BFCF
:101E0000A5CE06004ED006000500000124490600BC
:101E100008B5FFF785FA002805DBA8235843024BD5
:101E200002221A54002008BDBC7500202DE9F041A3
:101E30009CB000AF3E1D04460D462DF0BCFF314660
:101E4000FEF788FF07F1240120460AF0B3FB97F85C
:101E50002530A3B16C4688B06A4655495161554951
:101E60005548C2E90613042342F8103F4FF40451C9
:101E70002AF036FBA5467037BD46BDE8F081C5B1F6
:101E8000E8468AB06A464D4BD561C2E905364FF443
:101E9000007313844A4B42F8103F4FF411514648E7
:101EA0002AF01EFB2046C5462AF02EFBFEF7F6FE62
:101EB000E1E76D468AB06A46424B53613D4B3E486E
:101EC000C2E9063640F2013313843D4B42F8103F1D
:101ED0004FF414512AF004FB2046AD46FFF798FF5B
:101EE00020462DF01DFF88B06A46374B374E5361B0
:101EF0000423C2E906604FF404512F4842F8103F12
:101F00002AF0EEFA2046AD46FFF714FA78B9304BC6
:101F1000FB6502232848BB6507F158024FF4825144
:101F20002AF0DEFA4FF00100FEF734FEA3E7838DBE
:101F3000F3B9284A8260284AC260012202824FF621
:101F4000FF72C282037600F1080140680DF09AFD2D
:101F500070B188B06A46214BC2E90530032342F8CC
:101F6000103F15484FF4C2512AF0BAFAAD46D9E7EE
:101F700007F1480120460AF01DFB7B6EB7F85C00B4
:101F8000B7F85E105B786C468AB06A46144D5362AF
:101F90000623C2E90701C2E905564FF4445142F84D
:101FA000103F05482AF09CFAA546FEF777FEB9E7F0
:101FB0001BBD060036D006002449060002C00600FC
:101FC00004000001C6CE0600D8CE060015D00600DB
:101FD00033CB0600ACD106005113030000CF06003E
:101FE00018CF060082B0F0B58FB002AF0C4607F1F3
:101FF000480181E80C0007F10F060023C7F80F30F5
:10200000C7F813303372FB6C3B7197F858307B7113
:1020100097F86030BB716368C7F807302168A36820
:10202000C7F80B3005460922304629F067FE08281C
:1020300012D923686C468AB002AA1949D661C2E94E
:102040000513184B1362184B42F8103F17484FF412
:1020500021512AF045FAA5463D763C1D07F11903AA
:1020600007F11405224603CAAA42186059601446B3
:1020700003F10803F6D11068186007F1300313E983
:10208000030007F1180300908DF804100FCBFEF742
:102090002DFF3437BD46BDE8F04002B0704700BFA9
:1020A00056CF060000020103040000022449060086
:1020B0007FB5084B0593022304930748002304AA25
:1020C0004FF4825102F070FB6FF0150007B05DF81D
:1020D00004FB00BFBDD106002449060008B5044832
:1020E00003F07AFB18B1BDE80840FFF7E1BF08BD77
:1020F00061210300014B1878704700BFC215002012
:10210000B0B5134C00AF6D4688B023786A461149CC
:1021100051611149C2E90613042342F8103F0F48E8
:1021200000234FF4045102F03FFB23780B2BAD4604
:102130004FF0010008D8984010F4CD6F06D110F48C
:10214000016F0CBF01200020BD46B0BD0220FBE79F
:10215000C2150020D2D10600E0D1060024490600B5
:102160000A2810B514D00B4C2070FFF7C9FF0228C5
:10217000094A0BD121781378032908BF43F00103E2
:102180001370BDE81040054828F08ABA0023F7E72D
:1021900010BD00BFC21500203DB10020800A002004
:1021A00008B5FFF7ADFF022806BF034B18780020E3
:1021B00000F0010008BD00BF3DB1002038B5044665
:1021C0000D46FFF797FF0B280BD8DFE800F01E1E27
:1021D0000A0A1E060A0A0A0A0A1EBDE8384003F067
:1021E000C3BA4FF476720023094828F07DF90948F4
:1021F0002146006800232A4605F092FD044610B1EE
:10220000034828F04BF9204638BD6FF01204FAE776
:10221000C019002064760020014828F03FB900BFB3
:10222000C01900207FB5084B05930223049307488B
:10223000002304AA4FF4825102F0B6FA6FF01500A1
:1022400007B05DF804FB00BFF7D106002449060083
:1022500010B50A480A4C27F0C3FC206018B9BDE845
:102260001040FFF7DFBF074B0749C22205F042FDD0
:1022700020682CF066FF002010BD00BF13D20600BE
:10228000647600205C6E060084D2060090B583B0B0
:10229000498801F47F40B0F5007F00AF16D0B0F55B
:1022A000407F10D06C4688B06A461E4B5361090AC5
:1022B0000323916142F8103F1B4800234FF4C251A1
:1022C00002F072FAA5466FF0850022E0C9B201293A
:1022D00022D11168022912D06C4688B06A46134B8D
:1022E000C2E90531032342F8103F0F4800234FF4A1
:1022F000C25102F059FA6FF01500A54609E000241A
:1023000018683C607C600130D7E90012FCF7DAFF06
:1023100020460C37BD4690BD6C4688B06A46044BDB
:10232000DEE700BF5FD206002449060019D206008E
:1023300040D20600B0B549881D4601F47F43B3F58D
:10234000807F00AF144618D0B3F5407F12D06C46A2
:1023500088B06A461C4B5361090201F47F010323D4
:10236000916142F8103F194800234FF4C25102F026
:102370001BFAA5466FF085001DE0C9B2012914D0F3
:1023800002291AD06C4688B06A46114BC2E9053161
:10239000032342F8103F0D4800234FF4C25102F0CE
:1023A00003FA6FF01500A54605E0FAF7D7FE1023F3
:1023B000236028600020BD46B0BDFAF7D3FE072396
:1023C00028602360F6E700BF5FD2060024490600BC
:1023D00040D206000246110E07EE101ADFED446AE5
:1023E0009FED446AB8EEC77AC2F30742C7EE267A79
:1023F00080B23C23B0FBF3F3DBB286B007EE102AC9
:10240000B8EEC77A062287EE265AB3FBF2F107EE42
:10241000100AB8EEC77AC7EE066A07EE103AF8EE71
:10242000C75AB1EE087A56EE875A02FB1133DBB277
:10243000B7EE006AF0EE466A45EE656A013B76EE5D
:10244000655A36EE457A05EEC56A27EE277A66EEBE
:10245000A76A26EE276A042B04D8DFE803F0072DCD
:1024600032394200F0EE676AF0EE467A9FED226A5A
:1024700066EE866A67EE867AFCEEE66A0023FCEE7C
:10248000E77A27EE067ACDED006A184663F3070077
:102490009DF80030CDED017AFCEEC77A63F30F2092
:1024A0009DF80430CDED027A63F317409DF80830B3
:1024B00063F31F6006B07047F0EE476AB0EE467AED
:1024C000D4E7B0EE666AF0EE476AB0EE677ACBE723
:1024D000F0EE676AF0EE477AB0EE667AF0EE466AA2
:1024E000C4E7B0EE666AF0EE676AF0EE477AE5E7B9
:1024F0000000C8420000B44300007F4308B5054B0C
:102500001B7A33B100F03CFEBDE80840024930F0D0
:102510007CBE08BD38AF0020A00A002098B50B484B
:1025200000AF29F0FBFF78B16C4688B06A46084BD3
:10253000C2E90530032342F8103F064800234FF458
:10254000C25102F031F9A546BD4698BD44B1002004
:1025500046D3060024490600B0B500AF6D4688B0EA
:1025600004466A460F4B53610F4B9361032342F8B5
:10257000103F00230D484FF4C85102F015F92046D2
:10258000AD46FEF717FB037843B109484FF4A0327C
:10259000002328F021F90020BD46B0BD044830F0EA
:1025A00059FEF8E75BD30600F7D30600244906007E
:1025B000A82B0020054900238B600B604B60044B67
:1025C0001868836803221B68184700BF48B10020C1
:1025D000687600202DE9F04FA94D8DB06B7900AFE2
:1025E0004FF00009062B21D8DFE813F007003D006B
:1025F00070009400C10028016001A24E00246B8885
:102600002A88BA81FB81F868FFF7E4FE06EB8403B1
:1026100006F82400C0F3072201345A70032CC0F3DB
:102620000742C0F307609A70D870E8D1964B95497D
:102630001868836803221B68984700280FDA6C46E5
:1026400088B06A46914BC2E90530032342F8103F37
:102650008F4800234FF4C25102F0A6F8A546343744
:10266000BD46BDE8F08FDFF81C8200264FF00C0954
:10267000EC88AB78BB74A4F59663002B2A883A8269
:10268000B8BF5B42B3FBF9F3FB743869FFF7A2FEF6
:1026900008EB860308F82600C0F3072201365A70BB
:1026A000032EC0F30742C0F307609A70D870DFD1E1
:1026B0002B7903EB830304EB4304A4B2B4F5166F48
:1026C00001D8EC80B2E70023EB80AFE7DFF8B481FC
:1026D00000266B88EC88FB82BC827869FFF77AFE63
:1026E00008EB860308F82600C0F3072201365A706B
:1026F000032EC0F30742C0F307609A70D870E8D188
:102700002B791C44A4B24FF4B473B4FBF3F203FB73
:102710001244D6E7DFF86C9100264FF0780A4FF4A8
:10272000B478EC886A887A830AFB0643B3FBF8F135
:1027300008FB11333B83B869FFF74CFE09EB8603B6
:1027400009F82600C0F3072201365A70032EC0F3A1
:102750000742C0F307609A70D870E2D12B7904EB7E
:102760004304A4B2B4FBF8F308FB1344A9E7494EB1
:10277000494C337823707378637029F0CBFD707007
:1027800029F08DFD23783070834203D1627873780D
:102790009A4201D0FFF7C2FE3478072C05D9083CD5
:1027A0000623B4FBF3F40134E4B27378DFF8D48089
:1027B000C3F340034FF0000987F81C907B77BB7789
:1027C000FB77FB69FB62C8F80030FDF7A9FB064602
:1027D000FDF7A2F8A0B1EB8801339BB2022BEB808E
:1027E0002E4B81BFA5F806901A7882F001021A706C
:1027F0001B78032E83F0010300DC33B1002307E0D4
:10280000FDF780F960B1032EF8DC254B53F8263034
:10281000C8F80430234B53F82430C8F8083005E7D3
:10282000EB8801339BB20D2BEB801C4B81BFE88002
:102830005A7882F001025A705B78DAE7FEF794F971
:102840004F2819D8312819D8142834BF032202225E
:10285000154B03EB8203002258789978094B1A70C4
:1028600058709970DA701A7158719971DA711A7218
:1028700058729972DA72D9E60022E9E70122E7E795
:1028800038AF002048B10020687600206CD30600E5
:102890002449060044B100203EB1002042B100208E
:1028A00044D4060024D4060014D406004D4C00265F
:1028B000EB7895F802B0B5F806A0A7F82CA087F839
:1028C0002EB087F82F30F86A7B60FFF783FD04EBAA
:1028D000860204F82600C0F3072101365170032E4A
:1028E000C0F30741C0F307609170D070E0D10AF1E6
:1028F0001408BAF5876F1FFA88F841D27B68A7F8E9
:1029000028A087F82AB087F82B300026B86A84F808
:1029100000906670A670E67084F804906671A671E7
:10292000E671FFF757FDC0F3072220726272BAF515
:10293000347FC0F30742C0F30760A272E0721FD277
:10294000AAF5B4727B68BA8487F826B087F8273076
:10295000786AFFF73FFDC0F3072220716271BAF574
:10296000B47FC0F30742C0F30760A271E07184F83E
:1029700008906672A672E67219D3A5F8068055E62D
:10298000B8F5876FA5F806807FF650AEFF2384F870
:1029900000906370A370E37084F804906371A37176
:1029A000E37184F808906372A372E3723EE67B6879
:1029B00087F82330A7F820A087F822B0386AFFF7FD
:1029C00009FDC0F3072320706370C0F30743C0F311
:1029D0000760A370E07084F804906671A671E671D8
:1029E000CBE700BF48B10020054B1B6823B1054B66
:1029F0001B7A0370002070476FF01200704700BF11
:102A00006876002038AF0020B0B51B4B82B01B6841
:102A100002AF73B3194883681B683BB3984778B11A
:102A20006C4688B002AA164BC2E90530032342F86F
:102A3000103F144800234FF4C25101F0B5FEA546E3
:102A4000114B012500241D72DC8040F267620023D7
:102A5000CDE900230D480022002328F001FC0C4B97
:102A6000DD70FFF75BFD2046BD46B0BD6FF0850011
:102A7000D6E76FF01200F7E768760020E044060022
:102A800090D306002449060038AF0020101700201C
:102A900044B1002098B5194B1B6800AF53B31848D8
:102AA00083685B681BB3984778B16C4688B06A4608
:102AB000144BC2E90530032342F8103F12480023AB
:102AC0004FF4C25101F070FEA54600F059FB0F49CA
:102AD00030F09BFB0E4830F08EFD0E4B00241C7234
:102AE0000D4BDC70FFF71AFD2046BD4698BD6FF018
:102AF0008500DAE76FF01200F7E700BF6876002084
:102B0000E0440600AFD3060024490600900A0020E6
:102B10001017002038AF002044B1002010B5044643
:102B2000F9F7E0FDC0B1F9F79FF9124B02461978A9
:102B3000B0FA80F04009814217D018702AB95B784A
:102B400033B1BDE81040FFF75FBF0B4A127A5A70ED
:102B5000BDE81040FFF79EBF2046FEF72BF830B1CE
:102B60002046BDE81040FFF7F7BC002010BD6FF015
:102B70008500FBE7C315002038AF002098B5224B35
:102B8000224A1A6000AF224C204630F0F2F8034689
:102B9000B0B921686C4688B06A461E48C2E9050192
:102BA0004FF4007191831C4942F8101F1B484FF4E9
:102BB000E25101F0F9FD6FF01200A546BD4698BD47
:102BC000174A184B116819605168128959601A81A7
:102BD000154B1649164800225A700122DA70042259
:102BE0009A7030F029FB00F0CBFA124930F00DFB5F
:102BF000FFF750FFA3681B680BB120469847FFF70B
:102C000003FF0020DAE700BF687600201C450600BD
:102C1000E0440600CFD3060003000001244906006B
:102C2000744B060038AF002044B100201D2503007E
:102C3000A82B0020A00A0020054B5B79073318441D
:102C4000072390FBF3F3C3EBC303C01A704700BF25
:102C500038AF002010B50B4B1B6863B106280DD8A8
:102C6000094AC3B200245371D480084A9370FFF715
:102C700055FC204610BD6FF01200FBE76FF0150009
:102C8000F8E700BF6876002038AF002044B100208C
:102C9000034B1B7A0BB1FFF7FDBEFFF7B5BE00BFBC
:102CA00038AF002082B083B2B3F5B47F01900CD866
:102CB0009DF80630642B08D89DF80730642B04D8A3
:102CC000034B1860002002B070476FF08500FAE7F0
:102CD00038AF00200C4A138800EB800003F5B47372
:102CE00003EB40034FF4B4719BB2B3FBF1F001FB73
:102CF00010339BB2002063F30F00538882B063F35C
:102D00001F4002B0704700BF38AF002013B50C4A17
:102D10009378D1788DF807100A2404FB00306428DA
:102D2000A8BF6420138820EAE0708DF80600002018
:102D300063F30F00BDF8063063F31F4002B010BD0F
:102D400038AF002013B50C4AD37891788DF806106F
:102D50000A2404FB00306428A8BF6420138820EAFA
:102D6000E0708DF80700002063F30F00BDF8063017
:102D700063F31F4002B010BD38AF002010B5074B01
:102D80001B6843B1FFF7A6FF054C2080C0F30F403E
:102D90006080002010BD6FF01200FBE76876002015
:102DA00038AF002010B5074B1B6843B1FFF7AEFFEB
:102DB000054C2080C0F30F406080002010BD6FF0F4
:102DC0001200FBE76876002038AF002010B5074BF3
:102DD0001B6843B1FFF7B6FF054C2080C0F30F40DE
:102DE0006080002010BD6FF01200FBE768760020C5
:102DF00038AF00200A4B1B6873B10A4A1379012BC4
:102E000001D1002806DB1844C0B205288ABF05237B
:102E100010711371002070476FF01200704700BFEF
:102E20006876002038AF002002490348022203F0F0
:102E3000F9BA00BFC515002054D4060080B50C4B6C
:102E400000AF88B01B686A460A49C2E905134FF40F
:102E500000739383084B42F8103F084800234FF457
:102E6000E25101F0A1FC6FF01200BD4680BD00BF31
:102E70000845060064D4060003000001244906004A
:102E800098B50B4800AF29F05AFB78B16C4688B072
:102E90006A46084BC2E90530032342F8103F064852
:102EA00000234FF4C25101F07FFCA546BD4698BDFA
:102EB000C515002046D3060024490600B0B500AF72
:102EC0006D4688B004466A460F4B53610F4B9361C1
:102ED000032342F8103F00230D484FF4C85101F07E
:102EE00063FC2046AD46FDF765FE03783BB109481B
:102EF0004FF4A032002327F06FFCBD46B0BD05485B
:102F000030F0A8F9F9E700BF5BD30600D3D4060080
:102F100024490600082C0020014B5878704700BF58
:102F2000C5150020024B587800B11878704700BFD3
:102F3000C5150020B0B500AFFFF7A2FFFFF7F2FF05
:102F40006D4688B08310C0F387046A461749516103
:102F50001749C2E90613042342F8103F154800231D
:102F60004FF4045101F020FCAD46134883681B69FF
:102F70003BB1224600219847044620B92046BD4671
:102F8000B0BD6FF057046D4688B06A460B4B536175
:102F900004210023C2E9063442F8101F05484FF40B
:102FA000015101F001FCAD46E8E700BF87D40600FF
:102FB000ECD406002449060008450600ADD40600FE
:102FC00073B50C4615460E4901AA1E462AF081FE2D
:102FD00078B1019B6BB9022C0ED10A4922463046CA
:102FE000A847002801DBFFF7A5FF00EAE07002B068
:102FF00070BD6FF00100FAE76FF01500F7E700BF52
:10300000AEF20600C515002008B5FFF793FF38B9EA
:1030100004484FF46C22002327F0DEFB00EAE07046
:1030200008BD00BFD82B0020044B1A78142A38BFE3
:1030300014221A7001225A70FFF7E6BFC51500204E
:10304000024B00225A70FFF7DFBF00BFC5150020FA
:10305000034B5B780BB1FFF7F3BFFFF7E5BF00BF92
:10306000C515002064280246044B28BF642200389E
:1030700018BF01201A705870FFF7C6BFC515002091
:1030800008B50A482FF075FE18B9BDE80840FFF7EB
:10309000D5BE0749074830F0CFF80749074830F058
:1030A000CBF8BDE80840FFF745BF00BF0845060064
:1030B000292E0300D82B0020812E0300082C00208D
:1030C00010B50446F9F70EFBC8B1F8F7CDFE134C66
:1030D00003466278B0FA80F04009904218D0104957
:1030E0005BB90A78003B02F0010218BF012362704D
:1030F0000B70BDE81040FFF71DBF0022F2E720462D
:10310000FDF758FD30B12046BDE81040FFF7D6BEB0
:10311000002010BD6FF08500FBE700BFC515002043
:1031200054B10020054B1B78142202FB00306428A8
:10313000A8BF642020EAE070C0B27047C515002027
:10314000044B1B78642B02D00120FFF7EBBF00205B
:10315000704700BFC515002007B5064B0093064910
:1031600006480A234FF4407227F0A0FA002003B06B
:103170005DF804FB786E060020BE0020382C00208D
:1031800000487047382C00207FB5094B0593022377
:103190000493002304AA4FF48651064801F004FB6F
:1031A00003F0E6FA2AF08EFD002007B05DF804FB7C
:1031B00023D506002449060010B5094C0A44914263
:1031C00000D110BD11F8013B584003090001E35C38
:1031D000C0B2434018091B01205CDBB25840EEE747
:1031E00038D506002DE9F04F91B08407009302F026
:1031F00004030293C2F3C20303F10103DDF86890F4
:10320000039205460E46059340F0BA81041D30B185
:10321000072909D86FF01B0011B0BDE8F08F01F04D
:103220000706341DC6F10806009B4FF00008591E22
:103230004FF0040A4FF0FF330193CDF8108047465A
:10324000C34653460DB1009820600598002800F34E
:10325000E8809848009A824203D397488242C0F09F
:10326000E080039AA4EB050E92074FEA9E0000F15E
:1032700003810F2F00F2B180002D00F0058107F1CE
:1032800040020DEB020C019A0CF8200C0CF8102CEB
:10329000049801300490E7E07A285DD84B280ED8D6
:1032A000472859D829282DD8252852D054D8202845
:1032B0007AD02338D0F1000B4BEB000B74E04C3884
:1032C0002E2849D8DFE800F0704848484848484868
:1032D000484848484B484848484848484859484B57
:1032E0004B595959704B6D487048184B18484882D3
:1032F0007F4B48484B487F0000204FF0000B4FF0B9
:10330000040A38E02A38C0B2012202FA00F010EABA
:103310000E0F49D110F0625C2FD110EA020B43D09E
:103320006046013C5444B4FBFAF40AFB04F4002D5B
:1033300061D0A3EB050CA4446645FFF46BAF0028F5
:1033400068D1042B47D159F8043B2360043404238B
:103350002AE0019A013A01924FF0000B24E011F8A3
:10336000010C6C2834D111F8023C00206C2B8346F0
:10337000C5D14FF0080A5346D3E709F1070929F0F0
:1033800007090734F9E802AB24F0070435B10698C1
:103390002044B0423FF63EAFC4E900AB08344FF0E2
:1033A000000B4FF0080A534611F8010F002878D09F
:1033B000BBF1000F7FF470AF2528F5D1019B0133DD
:1033C00001934FF0010B4FF0040AECE7584694E7E5
:1033D00000208346A5E7082B02D06FF015001BE7FD
:1033E00009F1070929F00709B9EC027B84ED007B9C
:1033F00008340823D8E768B9042B02D109F104097D
:10340000A4E7082BE9D109F1070929F0070909F117
:103410000809EDE705980138059059F8040B00906C
:1034200010E7039A900720D5A4EB050E4FEA9E0003
:103430004FF0010CBEF5007FCFD20F2FCDD8F5B1E4
:1034400007F140020DEB020EC0B2019A0EF8200CFB
:103450000EF8102CBCF1000F3FF41AAF60F07F00A3
:103460000EF8200C08F101080137C5F108020434F8
:1034700006924FF6DA7E97E74FF0000CDAE7BCF1E0
:10348000000F01D00136EFE7029A0236002AEBD195
:103490000098CDE90631F3F7BBF9DDE906310644C2
:1034A000E2E7631BB3F5806F97D23DB9A6F108043C
:1034B000E018B1E6143D0600280D0700029A2860C6
:1034C0009B082B709DF81030C2B1EB7085F802801C
:1034D000B8F1000F05D008A80022C5F1010C9742F1
:1034E0000ED1C5F101030DF120094FF0000A01933F
:1034F0000DF1300B574512D1601B8DE66B70E5E77F
:1035000010F8013B190608D504EB0C0E764503F0C4
:103510007F03FFF47FAE04F8013B0132DFE7B8F12F
:10352000000F03D099F90020002A17DB029BD3B1CA
:103530001AF80B2004F8012B0022019B9818204454
:103540008642FFF467AE99F8000004F8010B009979
:103550000392204630F0BFF9039A14440AF1010A9D
:1035600009F10109C6E799F8002055F822300093C7
:10357000029B45F822300098F3F74AF9421CDCE739
:103580006FF00D0048E600BF2DE9F04F95B000AF99
:1035900090F802B0BB61BB6F7A62C3F3C00304460C
:1035A0003B618A4641B9457800780BEB80002044A6
:1035B000554517D8A0EB040AE3787B61BBF1000FF7
:1035C00002D0BB6FD80716D47B6953BB7B6A1BB193
:1035D000BA69514620469847554628465437BD4655
:1035E000BDE8F08F461C3046F3F712F90130304445
:1035F0000AF1010ADCE723783B629B00FB603B6A2F
:103600006268FA6104EB83097B6A002B40F0FE805C
:103610005546C84609EB0B0A0026D04551D1D9447E
:1036200013E0BB6F9907D1D523783B6299469B0085
:10363000FB606368FB617B6A04EB8909002B7AD12C
:103640005546BBF1000F4FD15E46BB6F13F0050F1F
:103650007B6909EB430ABB6F03F002030CBF4FF019
:10366000020B4FF0010B7B62D145B6D019F8021B5B
:1036700019F8013C54F82380AA4B984502D3AA4B71
:10368000984538D33B69002B42D0F86928F0B9FF40
:1036900000283DD0E8468AB06A46A44B5361FB69D6
:1036A000C2E906314FF400731384A14B42F8103F76
:1036B000A04800234FF4125101F076F8023DC546B0
:1036C000D2E718F8013B54F82300F3F7A1F8FB6F99
:1036D00001303BB1D7F880309E423EBFFB6F23F8EC
:1036E00016000136054498E7BB6F13F004061CBFB3
:1036F0007E6AD944A9E73B6923B1F86928F081FFC4
:103700000028C7D1BB6FDA0705D4A5EB0B05ABE7E3
:103710007B6A002BA8D04046F3F77AF8FB6F43B1E1
:10372000D7F880309E423FBFFA6F431C22F8163014
:103730000136054498E7BBF1000F6DD0BB6F13F065
:1037400004066CD0D846002607F140005A46494688
:1037500030F0C1F87B695B007B607B69D94409EB81
:103760004303BB60BB6F03F002033B60BB684B4588
:1037700057D1B96F6378B86F890706EB030254BF5E
:103780004FEA58010021C507D2B200F19A8010F02B
:10379000040F14BF40460020FB616270A070E1700E
:1037A000BA69F9687B6A20469847051EFFF615AF8F
:1037B0003B6A2370FB6963707B69E3704146BA69B9
:1037C0007B6A84F802B007F140009847B0F1000826
:1037D000C0F2A480FB68BA69AAEB0B01C91A7B6826
:1037E0004846C91A7B6A98470028C0F29980A844C5
:1037F00008EB00054FF0000B07F1300AB34562D328
:103800000021BA697B6A08469847E6E65E464FF0B3
:10381000000807F1300099E75E46D8469AE7B046BF
:1038200098E719F8021B3F4B19F8015C54F8250082
:10383000984202D33C4B98421DD33B6923B1F869AF
:1038400028F0DFFE002891D13B68FBB908F128037E
:1038500007F1280208F1010003EB020C07F1500305
:1038600053FA80F008F102080CF8101C5FFA88F88F
:1038700000F8105C7AE73B692BB1F86928F0C1FECB
:1038800000287FF473AFBB6FDB0709D506F128036F
:1038900007F12802711C9E1806F8205CCEB265E77D
:1038A000BB6F58077FF562AF08F1280307F12802C4
:1038B00008F1010103EB020808F8105C5FFA81F8D7
:1038C00054E7002068E71BF80A3087F82F3054F8D7
:1038D0002390FB6FFBB133F81B80BA697B6A01212F
:1038E00007F12F00984700281ADB0544B8F1000FB4
:1038F00006D14846F2F78CFF00F101081FFA88F85C
:10390000BA697B6A414648469847002808DB054467
:103910000BF1010B72E7D7F87C80DEE745465CE6E9
:1039200005465AE6143D0600280D070048D5060056
:103930000400000154480600014B1860704700BFA6
:10394000B00A002080B505460E461746984627F077
:103950003FFA034630F0D4F9DFF81890044649F8EE
:103960000030424630463946A84754F8090003F073
:10397000CFFC00BF080000002DE9F047058B04468E
:103980002807904611D4022905F0070540F0CD80A4
:10399000204629F0CBF878B10138218B042811D8C2
:1039A000DFE800F0C3106D85950001290CBF45F0DC
:1039B000100545F02005258388F31188BFF36F8F2C
:1039C000BDE8F08701F0070AAA4500F0A6800027AD
:1039D000B9463E46A368002B00F0BD8041F00801C7
:1039E000218388F31188BFF36F8FA168002900F04D
:1039F000BB800D68002900F0B780D1F80480334601
:103A000052462046C047002D76D02B6829461D46D9
:103A1000F0E701F007035A1F012A1BD8002221F00A
:103A20000701062B276889B2C4E9002209D13B4669
:103A300003E0628B013262831B68002BF9D141F0F5
:103A400002012183204629F071F800287BD041F043
:103A5000200177E0042B0AD121F0070189B22183EC
:103A6000204629F063F810B141F020012183218B19
:103A700001F0070AAA4550D00027B946AAE72369F2
:103A800021F0070141F00601062DD3F800902183B3
:103A90002DD1B9F1000F40D041F00801218388F306
:103AA0001188BFF36F8F3A492046C84729E021F0BB
:103AB0000701236941F0040189B2042DD3F8049071
:103AC0002183E6D000273E464FF0040A82E721F02A
:103AD0000701236941F0050189B2052DD3F808904B
:103AE0002183D6D000273E464FF0050A72E7002713
:103AF0003E464FF0060A6DE72B4687E7B9F1000F07
:103B0000D1D14FF02003EFF3118883F31288BFF374
:103B10006F8F238B23F008032383258BEA062ED592
:103B200025F01003238305F007056669218B002E1D
:103B3000BFF66FAF00232768C4E9003321F0070107
:103B400041F001012183218B01F0070AAA454FF0C2
:103B500000097FF43FAF002F9BD041F00801218383
:103B600088F31188BFF36F8F002FC7D03D683946A7
:103B700033465246204629F005F82F46F4E7AB06B7
:103B80007FF51AAF25F02003238305F00705FFE634
:103B9000B1CB050008B504464FF02002EFF31183C6
:103BA00082F31288BFF36F8F23F084FB204603F06B
:103BB000F3FE034828F0C5FD03F01AFDFCE700BF43
:103BC000FCD5060023F0A0BB2DE9F7430F460646BF
:103BD0000821C06ADFF8509029F06CFC3C68241A78
:103BE00080463C6004EA0905AC4203D8002003B0DB
:103BF000BDE8F08308236A462146304629F0CAFB17
:103C00000028F4D16946304629F05EFC40B1BDF889
:103C10000230BDF804203C6005EA090513441D4448
:103C2000A4EB0804E0E700BF0000FFFF2DE9F04F20
:103C30008FB0044600AF00F1140840462FF077F92A
:103C4000A06A8368DB689847E06288B98D4B7B6324
:103C500002238D483B6307F130024FF482516FF02D
:103C6000150529F024FC28463C37BD46BDE8F08FF9
:103C7000A06A8368DB6898470368013B1F2B01D962
:103C8000824BE4E7A06A216807F114022EF047FB9B
:103C900008B17F4BDBE7A5892DB1BB69B5FBF3F21A
:103CA00003FB12550DB17B4BD1E7E389012B01D802
:103CB000794BCCE7E36A3D6093F804A04FF0FF3303
:103CC0004FF0FF32404626F0FFFAE06A082129F063
:103CD000F1FBA9460646E3891FFA85FB5B4508D838
:103CE000E3894B4523D1404626F068FB6FF02C0555
:103CF000B9E7A1892B04891B13FA81F152460823E5
:103D00002046396029F094FB78B13946204629F0E5
:103D10004FFB09F1010939680823524620461FFA72
:103D200089F929F085FB0028DAD00135D3E75B4516
:103D30000BD1396808235246891B204629F078FBAD
:103D400018B93946204629F033FB39462046FFF79B
:103D50003BFF054618B1404626F030FB83E73B6841
:103D600063604FEA13494FEA0949C4F80890D4E95F
:103D7000011399420FD308233A1D204629F00AFB6C
:103D800005460028E7D13B1D13F8012B924544D18D
:103D90000135082DF8D163681B0C1B0439462046F9
:103DA0003B6029F005FBA38939685246204629F07B
:103DB0003FFB051ECFDB636800F0828006EB030942
:103DC0004FF6FF7AA389C7F800901FFA89F29B1B70
:103DD0009A423CD3314B7B6302232B483B6307F170
:103DE00030024FF4865129F062FB2046616829F0C9
:103DF00044FB05460028AED16368294AA1891340D7
:103E00000B44A3EB460363601340A360204629F0F4
:103E10003FFC0546002D6FD09DE7391D204629F057
:103E200053FB626810B9921B6260A0E73D89F98874
:103E3000E06AC4F80890294429F03CFB48449042C9
:103E4000A060F0D1002DEED06FF01C059CE008239F
:103E500007F10C024946204629F09CFA0546002845
:103E60007FF479AF07F10C01204629F02DFB30B12A
:103E7000BB89534503D13B8A002B00F08B80B144B2
:103E8000A0E700BF39D606006C4806005BD60600E6
:103E900078D6060090D60600A4D6060001D7060004
:103EA0000000FFFF5B1A5246204629F0C1FA051EAA
:103EB000FFF651AF08D0E26AA36812681344A3600A
:103EC000D4E901318B42EDD86168A38901EB460248
:103ED0009A429FD1DFF80091A36801EA0902934258
:103EE00098D0204629F0C9FA054600287FF433AF60
:103EF000636803EA0903A360A389A288A3EB4603CE
:103F00009A423DD0404626F059FA0123E84688B04F
:103F10002374E289A3896D462A49EB612E464FF04E
:103F20000409C5E9051246F8109F274832464FF4A8
:103F3000035129F0BCFAC5466368AD46234A6A615D
:103F40001A0C9BB2AA61EB611F48C5F8109032466B
:103F50004FF4035129F0ABFAC546A368AD461C4A9D
:103F60006A611A0C9BB2AA61EB61C5F81090164801
:103F700032464FF4035129F09AFA0025C54672E6FD
:103F8000204629F06EFB0546404626F017FA002D24
:103F9000BBD068E60F4B7B6302233B6307F1300223
:103FA00009484FF4865129F082FA63681B0C1B0400
:103FB000394620463B6029F0FBF93968204629F054
:103FC0005CFA26E7C7D606006C480600DED6060077
:103FD000F0D6060028D706000000FFFF2DE9F04FBD
:103FE0001D46037C8DB00446894690467BB9674BDD
:103FF0000B93674802230AAA4FF482516FF00C0614
:104000000A9329F054FA30460DB0BDE8F08FC26A29
:104010000821104629F04EFA29468246104629F01A
:1040200049FAA389A3EB8A03AB420746C0F0AA80F2
:104030001DB1B8F1000F00F0A5806368039304AAD6
:1040400003A92046DDF80CB029F076FA06460028D0
:10405000D9D1BDF810304B4505D06268039B9A4218
:10406000EDD1E5B9CFE704A9204629F02DFA0028C3
:10407000F3D0BDF81200BDF8143075B1AB420ED1CB
:104080004FEA1B41090401442B464246204629F0D1
:104090009CF9002803DC0646B5E7002BB3D0002FBF
:1040A0003DD104F1140301934FF0FF320198DFF882
:1040B000E4B04FF0FF3326F007F9E3899E425ED06B
:1040C000D4E90123F9188A422CD3ADF81A3006A896
:1040D000FF238DF81E30ADF81890ADF81C5029F074
:1040E0009EF9A1682B464246204629F06FFA2946E0
:1040F0008246E06A29F0DEF9A2680244A260BAF1C1
:10410000000F07D106A9204629F09AFA002814BF0B
:104110008246AA46019826F051F9564673E757445D
:10412000BFB2BEE7E06A082129F0C4F94FF6FF7379
:10413000ADF8183000218DF81E30A389ADF81C10A1
:10414000111802EA0B021A44101A606006A8ADF8B2
:104150001A1029F064F906A9204629F071FA211DE8
:10416000204629F025F9636803EA0B03A360204683
:1041700029F08EFA82460028CCD101369DE76FF0F7
:104180001B0AC7E76FF015063DE700BF25D60600FE
:104190006C4806000000FFFF2DE9F0471E4688B07E
:1041A000037CBDF8409004460F46904673B92F4BF0
:1041B0002F48079306AA02234FF48251069329F051
:1041C00076F96FF00C0008B0BDE8F087C06A0821EE
:1041D00029F070F9A389A3EB4003B34243D3D4F889
:1041E00004A0CDF804A000254D455146DDF804A0FB
:1041F00009D9636853451ED1BDF80830BB421AD0B7
:104200006FF00100DFE702AA01A9204629F094F926
:104210000028D8D1BDF80830BB4206D102A92046FB
:1042200029F052F908B10135ADB26268019B9A429A
:10423000DAD15146E0E7BDF80C30002BE0D0A945BB
:10424000DED8BDF80A00090CB3424FEA014128BF8D
:10425000334601444246204629F09CF80028B2D15A
:10426000BDF80C00AFE76FF01500ACE725D60600EF
:104270006C4806002DE9F047DFF8588004460746F1
:104280004FF0010914B93846BDE8F08794FAA4F557
:10429000B5FA85F509FA05F32E0108EB05156FEA65
:1042A000030A24EA03042B7B002BEBD058F80630DA
:1042B0001B694BB94644042273682846196807EA0B
:1042C0000A0700F05DFADDE7284698470028D9D1B3
:1042D000F0E700BF2C49060030B51049104889B0FE
:1042E00000222FF07CF90F4D0F494FF400420023BC
:1042F000CDE9062300240E23CDE90334CDE90144A2
:104300000A4B00944FF44072284625F0B5FE084948
:1043100028462EF0F1FD204609B030BD354303009C
:10432000F04D0020202D002020C100202546030054
:1043300044D70600014826F0B1B800BFD8190020C4
:104340002DE9F04780461F480F4629F08DFA0646B2
:10435000002830D000252846BDE8F087237B73B1C4
:104360002368DB680BB12046984723681B69D3B9E3
:10437000636804221968204600F002FA01361034FE
:104380004C45EBD3B8F1000FE5D0002DE2D0284624
:10439000FFF770FF0546002FF7D000214FF4A470FF
:1043A00026F0E2FCF1E7204698470028E0D00AFA20
:1043B00006F31D43E2E7044CDFF8109005464FF08A
:1043C000010ADDE77C7600202C4906003C49060006
:1043D000014B53F820007047946E060008B5034661
:1043E00008462BB1044A136000F07EFC002008BD93
:1043F0006FF01500FBE700BFB40A002010B5044CB5
:10440000237813B9034826F049F80123237010BD1F
:1044100055B10020D819002010B50446084829F0ED
:1044200023FA5CB1BFF35B8F064B53E8001F0139E1
:1044300043E80012002AF8D1BFF35B8F10BD00BF24
:1044400074760020787600200020064BBFF35B8F47
:10445000014653E8000F43E80012002AF9D1BFF3E8
:104460005B8F70477476002070B5FFF7EDFF084C46
:10447000084E0546B44200D370BD63685B792BB12A
:1044800023685B6813B12946204698471034F1E74A
:104490002C4906003C49060010B5044C044920464E
:1044A00028F01DFE034B1C6010BD00BF58160020F5
:1044B000806E06006C760020084A094808B5002383
:1044C0001370084A1360084A4FF400411360FFF765
:1044D00085FFBDE80840FFF7DFBF00BF56B10020F1
:1044E00065D8050074760020787600200146002209
:1044F0000148002328F014BE58160020014828F077
:10450000ADBE00BF58160020024B0146186828F0C7
:10451000F7BE00BF6C760020014828F02DBF00BF19
:104520005816002070B5284B187800284BD0FFF79C
:10453000E5FF054690B1BFF35B8F244B53E8001FA6
:10454000013943E80012002AF8D1BFF35B8F204CF9
:10455000204EB4422DD32846FFF7D6FF1E4B1F4CEA
:104560001B68002B19DD2EF0F3FF4FF47A72A0FBCD
:10457000020302FB0131C30BD4E9002043EA4143AB
:104580009B1A4FEAD13140F2E93261EB00019342CC
:1045900071F1000101D3FFF767FFD4E9003213F591
:1045A0007A7342F10002C4E90032BDE87040FFF7BF
:1045B000B3BF63685B7923B1236829461B68204633
:1045C00098471034C5E770BD55B1002078760020BB
:1045D0002C4906003C49060074760020E84D002076
:1045E00070B50D4D297861B90120FFF7A9FE0B4C7C
:1045F0000B4EB44206D3FFF795FF0028FBD10123F1
:104600002B7070BD63685B791BB1236820469B6883
:1046100098471034EDE700BF56B100202C49060042
:104620003C49060000212DE9F0470846FFF788FEC7
:10463000044658B340F267684FF000092FF060FB62
:104640001B4B1C4A1B58136033B11B4B1B68092BB7
:1046500002DD1A4825F022FF194FDFF860A000257F
:1046600044B12046FFF706FE044618B94FF0FF3864
:104670004FF0FF39FFF756FF064628B9B5B9424655
:104680004B46504625F030FF3546E9E74FF0FF38FE
:104690004FF0FF39D2E72B689B691BB1002211460E
:1046A000284698471035BD42F5D3E8E7054DFAE7AF
:1046B000080000007076002078760020D8190020CD
:1046C0003C4906002C49060013B5184829F0CCF8DF
:1046D000174B1B787BB14FF02003EFF3118483F36A
:1046E0001288BFF36F8FFFF71DFF84F31188BFF3AC
:1046F0006F8F02B010BD0F4B1B68002BF9D050B963
:1047000000220023CDE900230B4840F6CD420023D0
:1047100026F0A6FDEDE70928EBD107482EF06BFF48
:10472000064802B0BDE8104025F0B8BE78760020FB
:1047300056B1002070760020F04D0020D8190020DE
:1047400010B5064B1B68044698472146A0600448F4
:1047500028F064FDBDE81040FFF7B6BFB40A0020A2
:1047600058160020044A054B9B1AB1EBD30F34BFF7
:1047700052F83100002070479C4706002C49060083
:10478000084BC31A10B41B114468013323714368EA
:104790009A7143681960436801225A715DF8044BAD
:1047A000FFF72CBE2C4906002DE9F04F8FB004AF67
:1047B000C1F34A28B8600D4691467B600C0DB8F1F4
:1047C000000F63D0002607F114034FF0040B4FF0E5
:1047D0000A0AC7F80C80C7E907667E620193CDF824
:1047E00008B0CDF800A007F11C03F968324648462E
:1047F000FEF7CAFEB0F5006F03461CD36C468AB0C4
:10480000D9F8041004AB2648C3E9050140F2FF7152
:10481000D9611A464FF400711984224B42F8103FB7
:10482000214833464FF41251FFF7BEFFA5462C37FF
:10483000BD46BDE8F08FC0F30A0804F11700184424
:1048400020F0070080083B60FFF750FE68F3532517
:10485000044690B13B68154AC7E9083600F11001DB
:1048600007F11403F961CDE900A3CDF808B0F968A8
:1048700007F11C034846FEF787FE68F353257B6863
:10488000B9682A46204629F025F8D0E704F1170038
:1048900020F007008008FFF729FE0446EDE700BF7F
:1048A00059D706000400000194480600A9D8050065
:1048B0002DE9F04F87B0DDE91269DDE9105A0446B1
:1048C0000F4693469846A6B31021CDF80090334684
:1048D00052460020CDF81490FEF784FC014605F105
:1048E00017000844144B039104F007040BF0070B66
:1048F000E40020F0070003EA412344EA8B14800817
:104900001C43FFF7F3FD44EA0554054640B13EB1B0
:104910000399CDF80090334652461030FEF762FC02
:10492000434622463946284607B0BDE8F04F28F0F6
:10493000D1BF3146D3E700BF00FE0F000EB403B570
:1049400003AB014653F8042B0448019302F0DEFF49
:1049500002B05DF804EB03B0704700BF3BD905001F
:10496000CA0605D48B064CBF02490349FFF7E6BFD0
:10497000704700BF99D7060098D706002DE9F04F81
:104980008BB09B469DF854300593DDE91693069352
:10499000059B0892DDE9187604460D46002B00F0D1
:1049A000878006F00103099306F00803079328F0B7
:1049B00079FF06F0020A0246002849D084492046C1
:1049C000FFF7BCFF8046BAF1000F08D016F0440F85
:1049D00040D180492A462046FFF7B0FF8044099B1A
:1049E0005BB17D4B059A7D4953F822207C4B2046D4
:1049F000002A08BF1A46FFF7A1FF079B002B55D0DE
:104A0000784B059A784953F822202046FFF796FF05
:104A10000546089B2BB175491A462046FFF78EFFC5
:104A20000544BBF1000F05D071495A462046FFF7F7
:104A300085FF05444544B9F1000F48D1002F4ED100
:104A4000F30700F1BF8031462046FFF789FFB3E04E
:104A50008046B8E7674B18680028BFD0664B4FF414
:104A60007A7E1B68B5FBF3F54FF46162B5FBF0F39A
:104A700000FB1355B3FBF2FA0EFB05F502FB1A32ED
:104A80003C21B5FBF0FCB2FBF1F300FB1C5501FB34
:104A900013220EFB05F50092B5FBF0F55749CDE961
:104AA00001C552462046FFF749FF97E7079DB0E74B
:104AB000BBF1010F06D1B9F1000F64D1002F7BD0FB
:104AC00000250CE0B9F1000FF8D04D485CE04D48EE
:104AD0004D494B46224627F063FD002F68D0DFF892
:104AE0003891DFF838A1102F31462046B84628BF4C
:104AF0004FF01008FFF734FF4FF0000B5D4545DC29
:104B0000069B51461A782046FFF718FF4FF0010B1D
:104B10001BF0070F03D149462046FFF70FFFD8458A
:104B20003BD9069B514613F80B202046FFF706FFA2
:104B30000BF1010BBBF1100FEAD1344920464FF0C5
:104B4000000BFFF7FBFE5A46069B9A5CA2F1200180
:104B50005F2928BF2E222E492046FFF7EFFE0BF1DA
:104B6000010BBBF1100F1DD01BF0070F03D14946FD
:104B70002046FFF7E3FED8455A46E5D84946204689
:104B8000FFF7DCFEEBE71F48059DA1E749462046FD
:104B9000FFF7D4FE0BF1010BB0E71E492046FFF7EB
:104BA000CDFEC5E7069BB7EB0807434406939AD1B1
:104BB000059B002B7FF444AF20460BB0BDE8F04FBF
:104BC00028F0AEBE064A05492046FFF7B7FE3AE791
:104BD000A0D70600A4D70600A46E0600A2CE060049
:104BE0009BD70600B86E0600C9D70600CFD70600CF
:104BF000D8C006008476002080760020ADD706005D
:104C000071D905003BD905000D790300DDD70600F9
:104C1000DFD70600D9D70600DBD70600D3D70600BA
:104C20002DE9F0410F884B688E6886B005460C462A
:104C30009046C7F382175BB1144A9B1A43F3CF0126
:104C4000002920DB2078C0F3C200FFF78BFD03466C
:104C50002146608851F8102B0197C2F34A22002A9E
:104C600001EB0204C0F30B1008BF00210022CDE9C4
:104C70000408CDE90214009231462846FFF77EFE73
:104C800006B0BDE8F0810023E2E700BF9C470600C4
:104C900073B542F20F738B4228BF0B4605680F4A6B
:104CA00004460521684626F0B3FB63680C495B683F
:104CB00006460B22284628F026FE636832466946DF
:104CC00028465B6828F01FFE636806495B681B2264
:104CD000284628F018FE02B070BD00BFF0B50600EF
:104CE000FED70600E2D70600074A002101239042C2
:104CF00006D8064A01B901231360054B18607047B6
:104D000040085B000121F2E740420F00807600205E
:104D100084760020014B0020196070479C760020AB
:104D2000024B034801221A7028F0FABD58B1002046
:104D3000E86E06000148FFF7ABBF00BFE86E060053
:104D400010B5064B18680C46FFF742FB2146034698
:104D5000BDE8104002480F22184700BF9C76002093
:104D6000E86E0600F8B5074F0D4604464618B442F3
:104D700001D12846F8BD14F8011BBB6801485B68E7
:104D80009847F4E780400600014B0360002070471D
:104D9000F86E060070B5114B1C680D46DCB1104B67
:104DA000196800238B4202DB6FF0010070BD2246C0
:104DB00012F8106B864202D001331446F2E7E06825
:104DC00010B96FF01200F1E72DF0D3FF0028F8D0F2
:104DD0002C600020EAE76FF00C00E7E7B80A00203B
:104DE000F86E060070B588B005460C46C0B269463C
:104DF0001646FFF7CFFF00281BDB0098C8B14368B9
:104E00000293836822680195CDE903360023CDE93A
:104E100006230593C56828F0BAFD6DB128460849F8
:104E200001AA2DF080FA079808B9059B236008B005
:104E300070BD6FF01500FAE76FF01200F7E700BFE2
:104E400091D90500F0B40C4B0C4E5F6A0C4BB34289
:104E500003D36FF08500F0BC70475D68BD4209D395
:104E60001C693CB195F802C00579AC4502D12346D6
:104E7000F0BC18472433EAE7A07600207C1C002011
:104E8000341C00202DE9F047134CDFF85080DFF888
:104E9000509005460E461746444503D36FF08500F3
:104EA000BDE8F0876268D9F824309A4212D3A3692A
:104EB00083B190782979884205D13A46314628460F
:104EC000BDE8F04718475279012A03D13A463146E6
:104ED000284698472434DFE7341C00207C1C00203F
:104EE000A07600202DE9F0410B4CDFF8308005461C
:104EF0000E461746444502D36FF0850009E063690A
:104F00000BB92434F6E73A4631462846984700283C
:104F1000F7D1BDE8F08100BF341C00207C1C0020CC
:104F2000024B00221A605A60704700BF5B77002076
:104F300070B50B4B0B4CA34201D3002070BD196A16
:104F40001E7F00220439D5B2AE4201D82433F2E7E5
:104F5000013211F832508542F5D10120EEE700BF51
:104F6000341C00207C1C002008B509480378C3F3DA
:104F700041130A3350F823303BB100F1080200F12D
:104F800010019847C043C00F08BD1846FCE700BF9A
:104F9000A07600207FB5074B05930748022304AA9B
:104FA0004FF48251049328F015FD4FF0FF3007B005
:104FB0005DF804FB44D806000449060080B500AF44
:104FC00088B06A46064BC2E90530032342F8103F19
:104FD00004484FF4C25128F0FDFC0020BD4680BDBE
:104FE00069D8060004490600F8B500AF05462DF063
:104FF00050F810F1780F04461AD16C4688B06A4612
:10500000154B1648C2E90535032342F8103F4FF40B
:10501000C45128F0DFFCA546284628F0DEFC104AE3
:10502000D2F8C43023EA0003C2F8C430002410E0F0
:105030000028F1D06E4688B06A460A4B0748C2E99C
:105040000535032342F8103F4FF4C25128F0C2FC4B
:10505000B5462046BD46F8BD84D806000449060082
:10506000A0760020A5D8060004282DE9F74FDFF828
:10507000A49004460F4615D001282FD1DFF8908068
:1050800098F8B93053B300F08DFF204D4D4522D232
:105090002A6A4FF0000A2B7F5FFA8AF6B34204D8DF
:1050A0002435F3E7FFF73CFFE8E702EBC606019281
:1050B00030792CF0EEFF8346307928F08EFCD8F85A
:1050C000C430019A23EA0003BBF1000FC8F8C430D2
:1050D0000AF1010ADFDA002388F8B9300B4D4D459B
:1050E00008D30B4B1B6A6BB13946204603B0BDE8B1
:1050F000F04F1847EB681BB13A46214628469847BF
:105100002435ECE703B0BDE8F08F00BF341C00206D
:10511000A07600207C1C0020F0B583B0C4B200AFA4
:1051200063060D46FC7107D02046FFF701FFE8B18A
:105130001C4B93F8BA00C8B11A4ED5B16D4688B071
:105140006A46194B1948C2E90534032342F8103F57
:105150004FF4C65128F03EFCAD46F8791FF084FAB2
:10516000F36913B1F91D0820984701200C37BD469B
:10517000F0BD6D4688B06A460D4B0C48C2E9053457
:10518000032342F8103F4FF4C65128F023FCAD46EC
:10519000F8791FF091FAF369002BE6D0F91D092088
:1051A000E2E700BFA0760020C7D806000449060049
:1051B000DAD80600F0B583B000AF044680783870C6
:1051C00023796279364D43EA02237B80E37803F04A
:1051D00003033B7128F001FCD5F8C43018420646A1
:1051E0000CD0A478204600F0BFFE2046FFF7FCFE5E
:1051F0002DF07CFE10B9962025F0D0FD38461FF02A
:105200000FFA10F1780F3B782DD16C4688B06A46C2
:1052100024492548C2E90513032342F8103F4FF4FF
:10522000C45128F0D7FBA54638781FF081FA10F159
:10523000780F2DD16C4688B03B786A461B491A48D6
:10524000C2E90513032342F8103F4FF4C45128F07C
:10525000C1FBA546D5F8C4300120334385F8B90019
:10526000C5F8C43011E00028DED06C4688B06A462C
:105270000F490D48C2E90513032342F8103F4FF4CC
:10528000C25128F0A7FB0020A5460C37BD46F0BD53
:105290000028DFD06C4688B03B786A460549E8E7CD
:1052A000A0760020EFD806000449060036D9060093
:1052B00012D9060056D906002DE9F047A34EB3696E
:1052C00004460F461546FBB9237803F01F03012B54
:1052D00000F09D80022B00F0048133BB94F90000A4
:1052E0002A686178002834DA062912D008292BD0E0
:1052F000D9B901231370517096F8C3305B0043F0A5
:105300000103137002232AE198470028DCD1002012
:105310000DE06288100A011F0129844605D907287B
:1053200003D8716AD2B20C781CB96FF01500BDE8D1
:10533000F0874E78664503D19A4200F00B81013325
:105340002144F0E70B780AE196F8BA301370012394
:1053500005E101390829E8D801A353F821F000BF7D
:10536000F95303002B530300075403002B5303008E
:10537000855303002B5303002B5303002B530300CF
:1053800091530300A0781FF039F90028BFD0CCE773
:105390006388756A63BBFFF7C3FD638886F8BA301C
:1053A000F369002BB3D06A4903209847AFE76B78C5
:1053B000042B10D0052B11D0022B04D16F796388F8
:1053C000BB4208BF01202B781D442B78002BEED167
:1053D0000028AAD0DFE795F80380F4E76388BB4292
:1053E000F1D1B8F1000FEED12846FFF7E3FEEAE76E
:1053F000FF270020B846E8E76388012B95D10023FA
:1054000086F8C33083E76388012B8ED1F8E796F8DE
:10541000BA30D5F800C0002B87D0756AA38894F8FD
:1054200004E02A46107800283FF47FAF5178022923
:1054300004D192F80480F04500F293800244F1E731
:105440008CF800208CF80120396060E7154494E066
:105450000B2A7FF46AAF00274FF0FF08C146BA4617
:1054600006E06B78042B0FD0052B21D02B781D4440
:105470002B78002BF5D1F36913B1514607209847DB
:10548000002F7FF444AF50E795F80280A38895F889
:1054900003909845EAD163889945E7D1B8F1070FA1
:1054A0001CD806EB0803AA4683F8BB900127DDE76A
:1054B000A3884345DAD1A3784B450AD0AF78384664
:1054C00000F052FD3846FFF78FFDB0FA80F77F09F4
:1054D000CCE72846FFF76EFE0746C7E7AA46002737
:1054E000C4E794F900206378002A18DA002B7FF4CF
:1054F0001CAF24792D6863060AD02046FFF718FDFB
:1055000000283FF412AF96F8BA30002B3FF40DAFED
:10551000294620461FF0F0F800236B70F2E6012BBD
:1055200008D0032B7FF401AF6388002B7FF4FDAE1E
:10553000012103E0618800297FF4F7AEA088FFF71E
:10554000EBFD00287FF4E3AEEFE600BFA07600207D
:105550005A770020022829607FF4F4AE4B883B6024
:10556000D5E694F9000062780028BFF671AF002AF2
:105570003FF466AF0A2A7FF4D8AE2A78002A3FF4B7
:10558000D4AE697804297FF461AFA9788B427FF4A7
:105590005DAF072B96BF9B19002393F8BB308CF8A7
:1055A0000030D4E62DE9F04F83B000AF144E79609F
:1055B0000446904699460B254FF0030A79684B46FE
:1055C000424620461FF0DEF810F10B0F834612D141
:1055D000C7F800D088B06A460A48C2E905644FF4AB
:1055E000C45142F810AF28F0F5F9D7F800D025F0F3
:1055F00039FB013DE2D158460C37BD46BDE8F08F7E
:1056000077D906000449060013B5164C237DF3B97B
:10561000E268A168019201AB8020FFF7C3FF019A05
:10562000A3681344A360E3689B1AE3606BB962B19B
:105630002369E2889A4208DD94F8C82093FBF2F1CE
:1056400002FB11330BB90123237502B010BD0023F7
:105650001A4619468020237502B0BDE810401FF09D
:1056600091B800BFA076002070B58AB000230D4627
:1056700001930646002867D100293FD108220B4636
:105680000DEB02012CF01EFD002804DA80201EF034
:10569000EBFF0AB070BD314C029A2260039A62603F
:1056A00004F13802A2609DF90820BDF80E3025757E
:1056B000002AC4E9035514DB802B0ED9284B294856
:1056C000099308AA02234FF48251089328F082F923
:1056D00080201EF0C9FF2846D9E713B1C4E903337F
:1056E000D7E7FFF741FC0028D0D0E28823699A422F
:1056F000D4BFE260E360FFF787FFCAE7174CD4E945
:105700000212002A01AB05DC02462CF0DBFC00286B
:10571000BFDABBE72CF0D6FC002804DA80201EF0AC
:10572000A3FF3046B3E7019AA3681344A360E3687C
:105730009B1AE360002BACD104F13803A360FFF7A0
:1057400013FC0028D7D1A1E78028A2D1034BDA6847
:10575000002AD0D11B7D002BCDD19AE7A076002066
:105760009ED9060004490600044B93F8C3300BB1E0
:105770002CF0B7BC6FF00C00704700BFA076002083
:10578000054B064A9A62064ADA62064A1A63064AD4
:1057900058629A6100207047A0760020B952030039
:1057A000454E0300E54E0300854E030010B5094B3E
:1057B00093F8B84054B900F0FDF818B9BDE81040AE
:1057C000FFF7E8BBFFF7DCFF204610BD6FF0770066
:1057D000FBE700BFA07600202DE9F0414A4D86B0DE
:1057E0006F6A044649484FF0FF324FF0FF3324F010
:1057F0006BFD95F8B86096B1454B0593454802237B
:1058000004AA4FF484516FF07704049328F0E2F86F
:105810003E4824F0D3FD204606B0BDE8F0813E4866
:105820002C62E8611FF0C8F81EF0B6FE041EEFDB24
:1058300000F0DCFB041EEBDB7B78012B01D1FB7954
:1058400063B9364B05933348022304AA4FF48251BF
:1058500004936FF0150428F0BDF8D9E7684685F881
:10586000C830ADF802308DF804608DF800601EF08D
:10587000D7FE041ECCDB802768468DF800701EF032
:10588000CFFE041EC4DB264930461FF081F8041EFB
:10589000BEDB234938461FF07BF8041EB8DB214CE1
:1058A000DFF8848044451AD300201EF041FF041E17
:1058B000AEDBD5F8C430802043F00103C5F8C43016
:1058C0001EF036FF041EA3DBD5F8C43043F480334A
:1058D000C5F8C430012385F8B830002498E7276A5A
:1058E0000026227FF3B29A4201D82434DAE707EB8C
:1058F000C30257F8331010791FF04AF80136002818
:10590000EFD04FF0FF3483E7A0760020CC170020C3
:10591000B7D906000449060069500300DAD9060029
:1059200069560300341C00207C1C002030B51F4B3E
:105930008BB005AA03F1100518685968144603C412
:105940000833AB422246F7D11B7823701022002186
:1059500001A82DF0CEFF1222002115482DF0C9FF1D
:10596000102101A82CF060FD00281BDD0828B8BF1D
:105970000820093801AB0E491A18002012F8013F1F
:105980000AAC04EB131403F00F0328336B4401300B
:1059900014F8144C13F8143C0C7008284B7001F1E7
:1059A0000201EBD102480BB030BD00BF14DA060093
:1059B00059B100202DE9F04F8F4C8BB04FF0000B08
:1059C00000AF00264FF0011AB1463546B0462378A5
:1059D00043B98A4B02349C42F3D187482C37BD46E9
:1059E000BDE8F08F6378052B1DD8DFE813F0BA000F
:1059F00006000201BA001F005700402387F810B0CC
:105A00007B8287F814B007F110002CF02DFB40B119
:105A100008237B8207F110002CF026FB08B1A7F8C1
:105A200012B07B8AE37123781C44D0E7E378002B23
:105A3000F9D1A3784BB309F101095FFA89F9F2E7CB
:105A40006B689C4223D024356D4B9D42F8D36D4644
:105A500088B06A466B4BC2E90534032342F8103F15
:105A6000694800234FF4C251FEF79EFEAD46674BD6
:105A70007B6202233B626448002307F120024FF45B
:105A80008251FEF791FE0020A8E7614DDCE7AB688C
:105A9000002BD0D0494620469847CCE7002D5ED158
:105AA0005C4B7B6202233B625748002307F12002D4
:105AB0004FF48251FEF778FED9E72B6AA27803EB08
:105AC000C103FB601B799A4205D001312B7F9942BB
:105AD000F3D3514BE5E70123E07800F0030038757C
:105AE000207994F805C040EA0C20788294F90200ED
:105AF0000028DAB228DA03F110004FF0010C0CFA9A
:105B000000F010EA0A0F26D142F08000387407F145
:105B10001000C7E90032B9602CF0A6FAD7E90121DC
:105B20003B68C0B9397CF868A17011F0800F18BFCC
:105B30001032017118BFD2B24FF0010114BF914071
:105B400099404AEA010A6EE70120984010EA0A0FDC
:105B500001D11046DAE70133102BBDD1B5E70021A2
:105B6000B4E7032E2CD1FFF7E1FEF86088B1F0F71F
:105B70004FFE70B11028FB6817D0284B7B620223C0
:105B80003B622148002307F120024FF48251FEF7C7
:105B90000BFE23786FF00201E218091B04EB53039C
:105BA000D14214D50136F6B23DE7184600F1100295
:105BB000A31C50F8041B43F8041B9042F9D1E8E7FA
:105BC000002EE6D1B8F1000F08D1154B69E702F8B5
:105BD00001BC13F8010902F8020DE1E7A4EB080388
:105BE00088F80230C3F3072388F8033088F804905C
:105BF000D8E7A04617E700BF581B0020341C002040
:105C00007C1C002025DA0600FC4806000BDB0600A1
:105C1000341C002045DA060086DA0600A3DA060006
:105C2000EEDA060010B5094B00211A461C788442B2
:105C300005D15C681CB1482303FB012010BD013174
:105C4000042903F14803F1D10020F7E76C77002025
:105C50002DE9F04383B050F8303C10F8345C103339
:105C600000AF044611D1036950F8282C13F0020646
:105C70004BD0F2B913F0040304D11A461946284652
:105C8000FFF790FC002344F8303C54F8303C1033CC
:105C90000BD054E9098654F81C9C2DF027F90028F4
:105CA0006FD03E4821462DF0B0FA0C37BD46BDE816
:105CB000F08350F82C1C3B1D2846FFF773FC98B16D
:105CC0006E4688B06A46364BD561C2E9053004237A
:105CD00042F8103F334800234FF40151FEF764FDB2
:105CE000B5466FF01503CEE77A6854F82C3C1344A0
:105CF00044F82C3C54F8283C9B1A44F8283C54F8AF
:105D0000243C134444F8243CBFE750F82C1C3B1DB2
:105D100028461EF0B3FD88B1E84688B06A46204B9D
:105D2000D561C2E90530042342F8103F1D483346CF
:105D30004FF40151FEF738FDC546D2E77E6854F8AE
:105D40002C3C334444F82C3C54F8283C9B1B44F82E
:105D5000283C54F8243C334444F8243C002E91D091
:105D600028461EF02FFEB6FBF0F303FB1066002E54
:105D700088D154F8283C002B84D028461EF0C6FD5C
:105D800083E744F8200CA4F1180024F087FB002ED0
:105D90008BD04A4641462846B04786E7284E002029
:105DA00039DB06001449060070B54B1E012B88B084
:105DB00006460D4618D8FFF735FF0446B0B9012D49
:105DC00012D101AB012202A930461EF057FD019B02
:105DD000002BF6D10F4A0792022206920E4806AA1D
:105DE0004FF48251FEF7E0FC08B070BD2DF07EF854
:105DF00004F1340108B1012D05D1084608B0BDE811
:105E00007040FFF725BF054808B0BDE870402DF091
:105E1000FCB900BF56DB060014490600284E0020DE
:105E20002DE9F04F8BB000AF0546B9601646FB6018
:105E300027F011FE002840F088804FF02003EFF398
:105E4000118283F31288BFF36F8FDFF814917A60A9
:105E5000834600230022484624F046FB0346F0B95F
:105E6000DFF800A1482000FB0BF00AEB0008D8F88F
:105E7000044014F1100F31D16E4688B06A4634499F
:105E8000C2E90515032142F8101F32484FF4C251F0
:105E9000FEF78AFCB546484624F000FB14E00BF1FF
:105EA000010BBBF1040F09F14809D2D12A4B7B62E7
:105EB00002233B622748002307F120024FF482515E
:105EC0006FF00B04FEF770FC7B6883F31188BFF35F
:105ED0006F8F20462C37BD46BDE8F08FC8F81030D4
:105EE0003B6DC8F81430FB68BA68C8F844307B6D65
:105EF0000AF80050C8F8183028466FF00F03C8E9B8
:105F00000226C8F804301EF05DFD68B128461EF078
:105F100059FDB6FBF0F303FB10662EB1D8F8443000
:105F200043F00403C8F84430FB689B0708D54823B6
:105F300003FB0BA1094834312DF067F90024C3E7B6
:105F400028461EF0E3FC0446BEE76FF00F04C0E7EE
:105F50008BDB06001449060070DB0600284E00208B
:105F6000887700206C77002010B54FF02003EFF306
:105F7000118483F31288BFF36F8FFFF753FE50B184
:105F80004368103307D16FF08B03436000F1340195
:105F900003482DF03AF984F31188BFF36F8F10BDD9
:105FA000284E002070B50F4C04254FF02003EFF36E
:105FB000118683F31288BFF36F8F6368103307D1A4
:105FC0006FF08B030848636004F134012DF01DF974
:105FD00086F31188BFF36F8F013D04F14804E4D1CB
:105FE00070BD00BF6C770020284E002070B50A4CB1
:105FF0000A4E0025314620462DF0DAF80122A4F1A0
:106000001800114601352DF050F8042D04F1480414
:10601000F0D1002070BD00BFA0770020515C0300CC
:1060200008B50146034827F000FD10B1012300F830
:10603000073C08BD8C7800200169012381F84B30B2
:106040000B6833B191F849301BB1024808312DF08B
:10605000DCB87047284E00200169012381F84A30DE
:106060000B6833B191F848301BB1024808312DF06C
:10607000CCB87047284E002038B5056995F89E00C9
:1060800088B195F89F307BB985F84830D5F89000F5
:1060900026F0AAFE002204460023044805F1180158
:1060A00024F03CFB204638BD0020FCE7284E0020B1
:1060B00013B504698DF8071094F89E30A3B194F8D5
:1060C0009F308BB90DF10701D4F8900084F8483067
:1060D000012226F089FE014640B10D48212200230D
:1060E00004F1180124F01AFB02B010BDD4F890009E
:1060F000012226F0CDFE0028F6D0D4F8900001222F
:106100000DF1070126F070FE0028E6D1ECE700BF94
:10611000284E0020F0B5D0F88C305B681B6A1F7DDC
:1061200085B00546384627F096FC0646E0B9A86FCC
:106130004FF4806203A926F076FE0446A0B18306E0
:10614000A5F1180308BF00F1FF3485F83060019312
:10615000064B03990093224602233846FFF760FE60
:10616000A86F214626F07FFE05B0F0BD1162030046
:1061700070B504460E4601791548154627F047FCD0
:1061800010B394F900206378002A16DB202B04D08A
:10619000222B0ED06FF085000AE02B681A6840F8B9
:1061A000102C9A8820F80C2C9B7900F80A3C0020CF
:1061B00070BD638800F8093CF9E7212BEAD110385B
:1061C000072328603360F2E76FF01200F0E700BFAA
:1061D0008C7800200D4A03460021A0F84810106872
:1061E000C3F8940090889279A3F8980083F89A20D5
:1061F00083F89C1083F89B10A3F89E1083F8A010DE
:10620000402203F14C002DF074BB00BF7E4B060012
:1062100010B5012382F84830136814463BB192F858
:106220004A3023B10A4802F108012CF0EEFFD4F8FD
:1062300090309A681B699A4208D004F1180104480A
:10624000BDE810400022002324F068BA10BD00BF52
:10625000284E002010B504690023C4F8A8300C4B68
:10626000C4F8A400596804F1A80269B9C3E900227E
:1062700004F1080007492CF09BFF04F118000649BF
:106280002CF0DAFF002010BD0A605A60F0E700BF72
:106290008C78002081DA05001561030030B54FF4D9
:1062A0000033426805690D4C85B042F2A100CDE98A
:1062B0000103002385F89D30106AADF80C100079B9
:1062C0000A2201A9FFF76EF995F89D3023B9012044
:1062D0002CF04AFD013CF7D105B030BDA18601008C
:1062E00073B5144602F14C060A1E05461FDDD4F8AC
:1062F0008C00314626F078FD012384F8493023686C
:106300003BB194F84B3023B10E4804F108012CF056
:106310007CFFD4F88C104B684A699A1ACB699B1A97
:106320003F2B04D8012384F8A03002B070BD064B87
:10633000009301940123402231462846FFF770FD67
:10634000F3E700BF284E0020E162030038B50D4698
:1063500001461E4827F04FFB044680B30246691EE3
:1063600052F8A4395B68052929D8DFE801F0202814
:106370000320252914F8061C31B91B6A187BFFF786
:10638000AFFF012304F8063C14F85C3CBBB90123C1
:1063900004F85C3C54F8A43C8BB114F85A3C73B13B
:1063A000A4F19C010A48BDE838402CF02EBFBDE89E
:1063B00038401046FFF70EBF012304F8053C38BDF6
:1063C00014F8053C002BFAD00023F6E78C78002067
:1063D000284E002037B5094D0949002400944FF09C
:1063E000FF334FF48062284624F060F905492846BF
:1063F0002CF082FD204603B030BD00BF284E0020A7
:1064000020C40020CFDB06001FB507240294044CF3
:106410000194BDF8184000942AF0AAFD04B010BD04
:10642000C71500202DE9F0410F4B1C6805460E46AC
:106430001746ACB14FF0FF324FF0FF330B4823F05B
:1064400043FF63683246D3F8088029463B4620461E
:10645000C0470446054823F0B1FF2046BDE8F0815F
:106460006FF00104F9E700BF94780020B81700200E
:1064700000230360044B5A6812B9C3E90000704757
:1064800010605860704700BF98780020014B18607A
:10649000704700BF9478002030B585B000230546D2
:1064A000CDE9023301904FF0FF330C484FF0FF323B
:1064B00023F00AFF0A4B1C684CB9284600F020F96B
:1064C0000446064823F07AFF204605B030BD6368D5
:1064D00020461B6801A998472468EDE7B8170020FB
:1064E000987800201FB5CDE9010103924FF0FF33EA
:1064F0000A484FF0FF3223F0E7FE094B1C682CB925
:10650000064823F05BFF204604B010BD63682046B8
:106510001B6801A998472468F1E700BFB81700205D
:1065200098780020024B0022C3E90022704700BF88
:1065300098780020024B0022C3E90022FFF7F2BF47
:10654000A078002070B51B4C1B4E0546B44212D3F8
:106550001A4E1B484FF0FF324FF0FF3323F0B4FECA
:1065600034687CB1286854F8141C143CF0F73EF9E8
:10657000C8B16469F5E721682868F0F737F9A8B170
:106580001434E3E700226A61726805F114033AB932
:10659000C6E9003300240A4823F010FF204670BDEE
:1065A00013607360F6E76FF01004F4E76FF0100407
:1065B000F4E700BF3C490600F0490600A07800203F
:1065C000B81700202DE9F74307460C4609B1002310
:1065D0000B601F4DDFF8809000264D450FD31D4BFB
:1065E0001D6885B355F8148C01AA41463846143D00
:1065F00027F06FFB10B3D6B914BB2E461EE0D5F8BA
:10660000008001AA4146384627F063FB50B116B915
:1066100054B92E4606E031680022404627F059FB67
:106620000028F5D11435D8E7019B2360F1E73168E4
:106630000022404627F04DFB0028DDD16D69D0E7F0
:10664000019B2360D9E7304603B0BDE8F08300BF6B
:106650003C490600A0780020F04906002DE9F047EB
:1066600084B002AF0446D7F8289078600D461646ED
:106670009846B9F1000F07D0D9F8001031BBD9F80E
:1066800004A0BAF1000F28D1391D2046FFF79AFF68
:1066900008B3D0F808907868434632462946C84780
:1066A000C8B16D468AB002AA124BD061C2E9053466
:1066B0004FF400731384104B42F8103F0F4800232F
:1066C0004FF41151FEF770F8AD4604E03A1D27F083
:1066D00000FB0028D3D1002007E0D9F80830009350
:1066E0007868434632462946D0470837BD46BDE85C
:1066F000F08700BFFEDB060004000001DC48060056
:10670000F8B5184C184F06460025BC4208D3174B65
:106710001C682CB3143CB6B9E368E3B96469F8E7C4
:106720002EB9E3685BB9284614340546EDE72068C6
:106730000022314627F0CDFA0028F2D1F3E798473E
:10674000002DF0D1F0E720680022314627F0C1FA91
:106750000028E1D1E2E79847002D08BF0546DDE7B4
:106760002846F8BD3C490600F0490600A078002004
:1067700038B50C4D0C484FF0FF334FF0FF3223F08B
:10678000A3FD2B783BB9FFF7D5FE00F06DF804466A
:1067900010B901232B700024034823F00FFE20467C
:1067A00038BD00BF6BB10020B81700202DE9F047BD
:1067B000048FDFF8B0A0013498B080468946A4B2B7
:1067C00000F10806651EADB2B5F5004F47D04A236B
:1067D00005AA2946304627F02CF804F57F543F34AB
:1067E000A4B20746214601230DF10B02304627F0E3
:1067F00020F8002F014603DC002803DC2C46E1E7EB
:10680000002816DCB8F83830AB4209D142466B1E7E
:1068100022F8383F4FF4004102233046FDF7DEFBFB
:106820002946304627F001F82146304626F0FDFF84
:10683000E4E707F160030DEB0307002307F84C3C86
:106840005246CDF8009003AB05A80396ADF8104072
:10685000FFF704FF0028D1D018B0BDE8F087002072
:10686000FAE700BF43DD05007FB50123694602203A
:106870000193FEF78FFA044660BB02AA01A9022029
:10688000FEF7B0FA044610B110F10C0F22D10399B3
:10689000B1F5803F23D2009A00239468184608443B
:1068A00084421AD30133082BF9D10E4DA982EB8211
:1068B0005368AB602846D368EB6327F0DCFA0446E4
:1068C00040B9094E6E602846FFF7D2FD28466E603B
:1068D000FFF7DCFD204604B070BD9BB2E5E76FF02A
:1068E0002004F7E7A87800202C0B0020014B186843
:1068F000704700BF400B0020F0B5082289B027F098
:1069000092FCCB6A03930B6B04934B6B05938B6BDD
:106910000693CB6B079313466A460C460646002740
:1069200011461046CDE90177009727F08BFB3146E1
:106930000546304627F086FB216B0391616B04917D
:10694000A16B0591E16B0544CDE906171046114690
:1069500027F078FB31460544304627F073FB0544A9
:10696000206A0090606A0190A06A0290A06B069075
:10697000E06B07903046CDE90477039727F062FB80
:106980000544606A0090A06A0190E06A0290A06BE2
:10699000D4F834C00490E06BCDF80CC0CDE9050C00
:1069A000206A0790304627F04DFB0544E06A0090CE
:1069B000206B0190606B0290206A0690A06A07909D
:1069C0003046CDE90477039727F060FC236B0093F2
:1069D000636B0193A36B0293E36B0393636A069368
:1069E000E36A07932D1A0823304627F04FFC636BA8
:1069F0000093A36B0193E36B0293236A0393636A8F
:106A00000493A36ACDE90537236B07932D1A082356
:106A1000304627F03BFCA36B0093E36BCDE90137D5
:106A2000636A0393A36A0493E36A0593636B079312
:106A30002D1A0823304627F029FC2D1A10D40D4CAE
:106A400035B908223146204627F0F9FB01280FD03E
:106A5000082322463146304627F018FC2D1AEFE76E
:106A6000044A08233146304627F0ECFA2D18F8D4B2
:106A700009B0F0BD207006000449431E0F3013F822
:106A8000012F8A5C1A708342F9D1704723DC06001B
:106A9000F0B5264E07460C460FCE8DB001AD0FC5A2
:106AA0000FCE0FC596E8070085E807003846002F8F
:106AB00038D0002C38D0381F2146024610344B788D
:106AC0000D781B0443EA0563CD782B438D780431A0
:106AD00043EA05238C4242F8043FF0D1144C0421D0
:106AE0008A07036916D1C3F30742A55C1A0EA25C9C
:106AF00042EA0562C3F30725DBB2655DE35C42EA67
:106B0000054242EA032221F0030330336B4453F879
:106B10002C3C534050F8042F013153402C29036181
:106B2000DED101200DB0F0BD2046FBE7F84A06009B
:106B300023DC06002DE9F84F804600AF0C46002903
:106B400000F08380E9468AB0D1E90012A3686D465F
:106B500041482E464FF0050AC5E90501C5E907235E
:106B600046F810AF3D48324600234FF42151FDF75F
:106B70001BFECD46D4E903126369AD463848C5F81B
:106B800010A0C5E90501C5E90723344832460023B2
:106B90004FF42151FDF708FECD4688B0E3696A46FF
:106BA0003049C2E90513032342F8103F2B48DFF8B0
:106BB000C0B000234FF4C251FDF7F6FD2646CD4686
:106BC00000254FF00A0AE9468EB0D6E908E0D6E97A
:106BD0000A136A46C2F81CE005F1010EC2E908E09A
:106BE000A81CC2E90A01E91CC2E905B5C2E90C13F7
:106BF00042F810AF1948002345F240010435FDF773
:106C0000D3FD102DCD4606F11006DCD188B0236EE1
:106C10006A4615490325C2E9051342F8105F0F487B
:106C200000234FF4C251FDF7BFFDCD4688B0A369E4
:106C30006A460E49C2E9051342F8105F074800236F
:106C40004FF4C251FDF7B0FDCD462146404623F03A
:106C500009F8BD46BDE8F88F23DD0600C4480600EC
:106C600052DD060081DD0600D3DD0600E2DD060010
:106C700090DD060030BFFFF7FDBF00BF114B124A89
:106C80002DE9F041D518DFF84C80013DB5FBF3F557
:106C90005D430E4B08EB0304013CB4FBF3F403FB30
:106CA00004540E1B07460A4930462CF014FE701996
:106CB00042460021083E2CF01CFE7E6704F10800CD
:106CC000BDE8F081010000000000000004000000A9
:106CD000104A060008000000044B99689869884231
:106CE00003D003494FF080520A607047ECAE002099
:106CF00004ED00E02DE9F04186B0064600AF0D46F8
:106D0000444B7B61022444483C6107F110024FF47C
:106D1000825128F0EDF9414B9B6ADB0678D5404B58
:106D20003D48C7E9044307F110024FF4825128F0AF
:106D3000DFF91120394B9B6A1C070BD5394B7B615E
:106D4000022335483B6107F110024FF4825128F0CD
:106D5000CFF91220314CA36A990723D5E846324B6C
:106D60007B6102233B6107F110022B484FF48251F3
:106D700028F0BEF9636BA26A120612D588B06A4683
:106D80002A492548C2E90513032342F8103F4FF46E
:106D9000C25128F0ADF9C5461EB1A36A23F08003A5
:106DA000A36213201D4B9B6ADE070BD5204B7B6132
:106DB000022319483B6107F110024FF4825128F079
:106DC00097F91420154B9B6A9C060BD5194B7B61D8
:106DD000022311483B6107F110024FF4825128F061
:106DE00087F915200D4B9A6AD10658BF9A6A9A6A9C
:106DF000920642BF5A6A22F400525A629A6A42F0DC
:106E0000FF029A62183700232B70BD46BDE8F0815F
:106E100010208FE710DE0600C448060000ED00E0F9
:106E200026DE060059DE06006CDE060084DE060063
:106E30009ADE0600B9DE06002DE9F04186B006466E
:106E400000AF0D46474B7B6102244FF48251464808
:106E50003C6107F1100228F04BF9444B9B6AD904BE
:106E60006DD5434B4048C7E9044307F110024FF486
:106E7000825128F03DF917203C4B9B6A1A050BD52F
:106E80003C4B7B61022338483B6107F110024FF411
:106E9000825128F02DF91820344CA36A9B0523D584
:106EA000E846354B7B6102232F483B6107F1100216
:106EB0004FF4825128F01CF9A36BA26A100412D57A
:106EC00088B06A462D492848C2E90513032342F8D1
:106ED000103F4FF4C25128F00BF9C5461EB1A36A0A
:106EE00023F40043A3621920204B9B6A59050BD55C
:106EF000234B7B6102231C483B6107F110024FF4D6
:106F0000825128F0F5F81A20184B9A6AD20518D544
:106F10001C4B7B61022314483B6107F110024FF4C4
:106F2000825128F0E5F81B20104A936A43F47F430E
:106F30009362183700232B70BD46BDE8F081162000
:106F40009AE79B6A9B04EFD50F4B7B6102230648AF
:106F50003B6107F110024FF4825128F0C9F81C2060
:106F6000E2E700BFE8DE0600C448060000ED00E0EE
:106F7000FEDE060059DE06000FDF060028DF0600F1
:106F80003DDF060058DF0600B9DE060010B586B00A
:106F9000364B3748059304AA02244FF482510494D7
:106FA00028F0A6F8334B9B6A9A015DD5324B3048E6
:106FB00004AA4FF48251CDE9044328F099F81E2029
:106FC0002C4B9B6ADB010AD52C4B2948059304AA5C
:106FD00002234FF48251049328F08AF81F20254B96
:106FE0009B6A1C030AD5264B2148059304AA022359
:106FF0004FF48251049328F07BF821201D4B9B6AAB
:1070000059030AD51F4B1A48059304AA02234FF4CB
:107010008251049328F06CF82220164B9B6A9A0345
:107020000AD5194B1248059304AA02234FF4825142
:10703000049328F05DF823200E4B9B6ADB030AD5EE
:10704000124B0B48059304AA02234FF48251049378
:1070500028F04EF82420074A936A6FEA03436FEA48
:107060001343936206B010BD1D20A9E770DF060030
:10707000C448060000ED00E088DF06009BDF060044
:10708000B5DF0600D3DF0600F8DF060012E00600D9
:107090002DE9F043764B9DB0D3F8048000AF054650
:1070A000C8F30804002686F31188BFF36F8F02F03F
:1070B0007F43B3F17F4F0ED102F00C03082B19D19F
:1070C0006C4BFB6102236C48BB6107F118024FF463
:1070D000825128F00DF8002635460023FB71E31E8F
:1070E000092B00F2A580DFE803F00A989B94A3A384
:1070F000A3A3A39E10074CBF0D460126EDE7E9466A
:107100005E4BFB614FF0020807F118025A48C7F8BE
:1071100018804FF4825127F0EBFF0023544CFB7191
:10712000E36A9A070BD5564BC7E90683524807F125
:1071300018024FF4825127F0DBFF002440E0E36A9D
:10714000002B01DA4F4BEFE7E36A5B00F5D54E4BBE
:107150004948C7E9068307F118024FF4825127F026
:10716000C7FF6369AA6943F480736361BFF34F8FFC
:10717000BFF36F8F636932F8022C23F4807363616D
:10718000BFF34F8FBFF36F8F4DF602739A4207D054
:10719000A36ADBB283B3F91D0120FFF7ABFD3AE030
:1071A00088B02B686A4639493348C2E9051303237E
:1071B00042F8103F4FF4C25127F09AFF2C68CD4699
:1071C000FB79ABB96822294607F108002CF083FB54
:1071D0007B6A002E47D0C3F3080222B96FEA53231B
:1071E0006FEA43237B6207F108012046FFF7A2FC08
:1071F0007437BD46BDE8F083A36A13F47F4F04D013
:10720000F91D0120FFF718FE05E0A36AB3F5803FE2
:1072100093D3FFF7BBFE0446D2E7F91D0020BCE77D
:10722000F91D0020EEE71A4BFB610223BB617DE7ED
:10723000184A194B18F4F87FE8468AB018BF13466D
:107240006A4616490C48C2E905134FF400731384CB
:10725000103C134BD4614FF4115142F8103F27F00A
:1072600047FFC54669E723F4FF7323F00103B9E73D
:1072700000ED00E06BE00600C448060096E0060062
:10728000ADE00600CEE00600DCE00600FBE0060014
:1072900017E1060052E006003DE006003BE1060073
:1072A00004000001024A536943F010035361704720
:1072B00000ED00E0EFF30880EFF3098101B57246BD
:1072C000FFF7E6FE01BD00BF044800232021C218DD
:1072D0000133302B82F80013F9D1704700E100E050
:1072E000FCF770FC202080F3118808484FF40061FF
:1072F000401880F30988EFF314800221084380F3DB
:107300001488BFF36F8F00F0D5F8000080E50020EF
:10731000084B9B6883420BD1EFF3058343B1064BC7
:107320005A6842F080525A605A6A22F400425A6205
:1073300023F054BDECAE002000ED00E0094A0A49FC
:1073400093680968D967094998674B6843F0805387
:107350004B60002383F31188BFF36F8F9368D86F5E
:10736000704700BFECAE0020548E060000ED00E038
:1073700021498A6882F8C1E04FF030001044EFF3F1
:10738000098C80E8F01F1EF0100F03D102F180007D
:1073900080EC108A202080F31288BFF36F8F174F84
:1073A0004FF000668A698A603E604FF074041419D9
:1073B0002068134C206092F9C1E0906F002393671E
:1073C00080F311881EF0100F03D00023E1EE103A75
:1073D00003E002F1800090EC108AEFF3148323F0B5
:1073E000040383F31488BFF36F8F02F1300090E839
:1073F000F01F8CF309887047ECAE002004ED00E02C
:10740000E87800201EF0040F0CBFEFF30880EFF3C4
:107410000980816911F8021C0229FFD001B527F00B
:107420005CFE01BD40B2002807DB044A410901238C
:1074300000F01F00834042F82130704700E100E077
:1074400040B200280CDB4309064900F01F0020333E
:107450000122824041F82320BFF34F8FBFF36F8F8B
:10746000704700BF00E100E0054B420900F01F003B
:1074700053F82220012303FA00F01040704700BFA8
:1074800000E100E040B20028A8BF00F1604001F137
:107490000101B8BF064B4FEA4111ACBF00F5614096
:1074A00000F00F00C9B2B4BF195480F80013704740
:1074B00014ED00E0144A08B5144B22F07F029A60E4
:1074C000BFF34F8FBFF36F8FD3F8882022F4700281
:1074D000C3F88820D3F8882042F4A002C3F888209B
:1074E0004FF04042C3F83422BFF34F8FBFF36F8F8A
:1074F0000023E1EE103A22F071FC23F0E5FCFFF7E7
:10750000E3FE22F0B9FC00BF0060020000ED00E0E5
:1075100042F8203C009B42F81C3C019B42F8183C7E
:107520000A49029B42F8143C4FF0807342F8043C35
:1075300021F00101002342F8081C203A83674FF430
:107540007D430265C0F8C030704700BF4539030075
:10755000114B9B6883421BD1EFF30580C0B94FF0FC
:107560002002EFF3118182F31288BFF36F8F1A7B31
:1075700022F002021A73EFF3148323F0040383F35F
:107580001488BFF36F8F81F31188BFF36F8F70473B
:107590006FF01500704700BFECAE00200023E1EE55
:1075A000103AEFF3148323F0040383F31488BFF33A
:1075B0006F8FBFF36F8F094B9860094B406F186056
:1075C000104681F30988002163B681F31188BFF367
:1075D0006F8F00220023FCF7B5F900BFECAE00204E
:1075E000E8780020014910220A60704710ED00E0A1
:1075F00072B6404080F31188BFF36F8FBFF34F8F97
:1076000030BF62B6BFF36F8F704700BF72B649409C
:1076100081F31188BFF34F8F20BF80F3118862B6CA
:10762000704700BF01B5EFF30580A0F110004FEAED
:10763000C0000449014409C99847BDE80140024916
:107640000847000058450600D96C0300024B034A66
:107650000348012100F096B800000420000000203B
:10766000CC700600084AC2F898000B6823F01F038C
:10767000034343F01003C2F89C308B6843F00103CE
:10768000C2F8A030704700BF00ED00E080B500AF49
:1076900088B06A46074BC2E90530032342F8103F21
:1076A000054800234FF4C251FDF77EF86FF0150036
:1076B000BD4680BD52E10600AC4806002DE9F04110
:1076C00084B00C4600AF1D4680460026A64218DA5C
:1076D000D8F8040098B3FDB1411E084216D06C469C
:1076E00088B06A461A4BC2E90536032342F8103FB8
:1076F000184800234FF4C251FDF756F8A5466FF025
:10770000150210461037BD46BDE8F0811F28E6D9A6
:10771000D8F800301942E2D1D8F800307B6027F069
:10772000EEFCD8F80830D2B20343072AFB601046BB
:1077300009D9FFF7ABFF10F1160FE0D0421C01365C
:1077400008F10C08C2E7391DFFF78CFFF6E700BF10
:1077500078E10600AC480600044B0522C3F89420EB
:10776000BFF34F8FBFF36F8F704700BF00ED00E096
:10777000BFF35F8F024B0022C3F89420704700BF15
:1077800000ED00E010B5034C01232278FFF796FFCF
:10779000207010BD6CB10020F0B54D4D2C68082C48
:1077A00089B000F29280FFF7E3FF00200C268442AC
:1077B0000DD1484D484F2C7001A8FDF7E5FA002483
:1077C0000646A6420AD1FFF7C7FF002027E06968F6
:1077D00006FB0011FFF746FF0130E8E7019800EBD8
:1077E00004114FEA041CCB683B40B3F5000F56D0A0
:1077F00017D8B3F5001F3CD0B3F5800F44D0B3F5D4
:10780000801F1DD0354B0793022306933448002375
:1078100006AA4FF48251FCF7C7FF6FF0150009B0BC
:10782000F0BDB3F1807F43D0B3F1007FEAD150F8CF
:107830000C3088684A6827F062FC40F4802009E038
:1078400050F80C3088684A6827F059FC40F088509E
:1078500040F43020049028780728CDE9022330D95D
:10786000FFF714FF0028D8DB2B7801332B7001348D
:10787000A7E750F80C3088684A6827F040FC40F0D1
:10788000885040F40020E5E750F80C3088684A68DA
:1078900027F035FC40F0007040F40030DAE750F893
:1078A0000C3088684A6827F02AFC40F08270D1E7E3
:1078B00050F80C3088684A6827F021FC40F0887046
:1078C000C8E702A9FFF7CEFECEE74FF0FF30A6E7EC
:1078D000D87006006CB100200000F0FF9BE10600AC
:1078E000AC48060008B5024B1B689847002008BD4D
:1078F000EC780020034B044A1860937843F00203AD
:1079000093707047EC780020440B0020F0B587B0EE
:1079100007460E4614460021102268461D462BF0ED
:10792000E8FF02238DF802302A46054B01932146D9
:107930006846CDE9047623F073FE07B0F0BD00BFC2
:107940001FF1050008B5044824F0FBFE404080F319
:1079500011884FF0020002DFBDE1060008B50649BC
:10796000064821F00701C1F1005202F5802225F0FE
:1079700085F8002008BD00BF891C0120F078002098
:10798000044A0123C2F840354FF080420020C2F87B
:107990007835704700E001404FF08043C0B2C3F833
:1079A0001C05BFF34F8F0549054BCA6802F4E0621E
:1079B0001343CB60BFF34F8F00BFFDE700ED00E046
:1079C0000400FA0520B1034B800143F0010318477E
:1079D000704700BFC04B060008B504482BF0C9F93A
:1079E00000280CBF6FF01200002008BD58400600B0
:1079F00080B500AF88B06A46064BC2E90530032364
:107A000042F8103F04484FF4C45127F097FBBD469D
:107A100080BD00BFEEE106000C49060070B50646C9
:107A200086B00D460146354825F0E5FF044628B9E5
:107A3000304606B0BDE87040FFF7DABF0A2D5AD8CD
:107A4000DFE805F00611212332344059595930003E
:107A50002B4B05932B48022304AA4FF48651049321
:107A600027F06CFB1EE0284B05932648022304AA4E
:107A70004FF48651049327F061FB002304F8043C83
:107A800004F8033C0EE0214BE3E7214B05931D482E
:107A9000022304AA4FF48651049327F04FFB0123DD
:107AA00004F8043C06B070BD1A4BDDE71A4B059391
:107AB0001448022304AA4FF48651049327F03EFB96
:107AC0000123DDE7154B0F480593022504AA4FF467
:107AD0008651049527F032FB14F8033C002BE1D0CB
:107AE0000F4B084804AA4FF48651CDE9045327F000
:107AF00025FB0023C4E70B4BABE700BF1479002044
:107B00000FE206000C4906001CE2060032E2060005
:107B100043E2060055E2060069E206007AE206004A
:107B200089E2060096E206002DE9F843044600AF1C
:107B3000884601792648914625F069FF0646A0B996
:107B4000A3886C4688B06A4622492348C2E90513D7
:107B5000032342F8103F4FF4C45127F0EFFA6FF0BF
:107B60001200A546BD46BDE8F88394F900300068D0
:107B70006578002B1CDA012D12D0AB1E012B14D915
:107B80006C4688B06A46154B1348C2E90535032395
:107B900042F8103F4FF4C25127F0D0FAA54604E056
:107BA00056F8083C0BB11D686DB96FF08500D9E738
:107BB000092D02D0A5F10A03E0E756F8083C002B96
:107BC000F3D05D68F0E74B4642462146A847C9E737
:107BD00014790020A4E206000C490600CBE206005E
:107BE0002DE9F84390F90030002B00AF04460D4614
:107BF000164604DB6FF01500BD46BDE8F883038828
:107C000023F0E0039BB240F201629342F2D190F87C
:107C10000490B0F802801B4849464FEA182825F026
:107C2000F6FE78B96C4688B06A46174B1748C2E929
:107C30000539032342F8103F4FF4C45127F07EFA70
:107C4000A546D7E7B8F1210F05D0B8F1220F0FD024
:107C50006FF08500D0E70368E1885B685B6813F824
:107C6000092F914294BF29602A6033600020C3E746
:107C7000E38850F80C2C9A4294BF2A602B6050F88D
:107C8000103CF2E714790020A4E206000C4906003B
:107C900080B500AF88B06A46064BC2E905300323C1
:107CA00042F8103F04484FF4C45127F047FABD464C
:107CB00080BD00BFE4E206000C49060070B5044632
:107CC0000D4601460A4825F0B0FE20B92046BDE821
:107CD0007040FFF7DDBF022D08D150F8083C2BB1F2
:107CE0001B691BB1BDE870400068184770BD00BF3C
:107CF0001479002010B50469C4E90012A3600023C0
:107D00006361064B2061596804F1140211B9C3E99B
:107D1000002210BD0A605A60FBE700BF1479002002
:107D200030B544680069057B87B045B1407B30B908
:107D3000206A007907B0BDE83040FDF733BC074B3F
:107D400005930748022304AA4FF48451049327F0B3
:107D5000F5F96FF00A0007B030BD00BF0AE3060076
:107D60000C4906000E4B402970B528BF40210D4C30
:107D700046181D46B04203F1020304D1002305F862
:107D80001130074870BD02781209A25C03F8022C7A
:107D900010F8012B02F00F02A25C03F8012CE9E7B6
:107DA0008BB1002045E3060030B503788BB0044664
:107DB00007AD032B21D8DFE803F0021A1C1E12497D
:107DC0002846EEF71DFD059563780493A378039389
:107DD000E37802932379019363790093A3790B4AA3
:107DE0000B481E2123F014FB09480BB030BD094994
:107DF000E6E70949E4E70949E2E7094A0A21284692
:107E000023F006FBDFE700BF32960600549606001B
:107E10006DB1002039960600409606004A9606008D
:107E2000FE9F06002DE9F0416C4D86B0BFF35B8FDD
:107E30002C68BFF35B8F14F0010400AF64D0DFF84F
:107E4000B481674C674E68484246214626F053F895
:107E50000346002845D1654A7A6102223A616448A6
:107E600007F110024FF482514FF01F08FCF79CFC01
:107E70004FF0FF324FF0FF33012000F043FC00F1E0
:107E80000C060221044630462AF082F83E23037095
:107E900042234370012130462AF07AF80823037008
:107EA000412130462AF074F8064600F8018BB8F1FB
:107EB000000F20D0402200212BF01BFDBFF35B8F71
:107EC00055E8003F23F0010345E80032002AF7D1CE
:107ED000BFF35B8F204601F059FF1837BD46BDE860
:107EE000F0812022314620462BF0BAFE0028AAD08D
:107EF0004FF00008BCE73C4927F099F9203106F122
:107F0000210027F094F9D9E7BFF35B8F2B68BFF30B
:107F10005B8F9B07E1D53749334826F0A9FE00283F
:107F200042DA6E4688B06A46334BC2E90530032315
:107F300042F8103F2E4823464FF4C251FCF734FC60
:107F4000B5464FF0FF324FF0FF33012000F0DAFB6F
:107F500000F10C080221064640462AF019F83E239B
:107F6000037022234370012140462AF011F80923AF
:107F70000370212140462AF00BF80346013034BB40
:107F80001F221A70FF2120222BF0B3FCBFF35B8F5E
:107F900055E8003F23F0020345E80032002AF7D1FC
:107FA000BFF35B8F304696E70D49BFF35B8F2B68BD
:107FB0000C48BFF35B8F13F0040F01F120020D4B4F
:107FC00018BF0146104625F0E3FF0446B9E700223A
:107FD00005491A7027F02BF9D8E700BF1C7900205B
:107FE0000CB20020A7E306002CB200205DE30600DF
:107FF00014480600FC70060086E3060070B5214CAC
:10800000BFF35B8F2368BFF35B8FDA0706460D462D
:1080100001D50C2070BD012931D8BFF35B8F54E826
:10802000003F43F0020244E800210029F7D1BFF3EA
:108030005B8F9B07EDD41448314627F0F8F81348BE
:1080400006F1200127F0F3F8BFF35B8F75B154E818
:10805000003F43F0040344E80032002AF7D1BFF3A5
:108060005B8F0B4800F0D4FA0020D3E754E8003FC0
:1080700023F0040344E80032002AF0D0F6E712208F
:10808000C8E700BF1C7900202CB200204CB20020B1
:108090005C0B002070B5067E044676B9C3681D8867
:1080A00042F22602954245D00FD842F20102954293
:1080B0004FD042F225039D4213D02A4BD3F85C31B6
:1080C00020465B69BDE87040184742F25E039D425E
:1080D000F3D103210C3029F084FFE06890F84010C0
:1080E0002EE003210C3029F07CFF20461BF072FEAD
:1080F000BFF35B8F1C4B1A68BFF35B8F920707D5EA
:108100000C26314642F2250027F06DF8002070BDA4
:10811000BFF35B8F53E8002F42F0010143E80010EA
:108120000028F7D1BFF35B8FD307E9D40F4800F0E5
:108130006FFAE6E703210C3029F053FFE06831467F
:10814000FFF75CFF064620461BF044FE31462846FA
:10815000DAE7DA7802F07F02DA701A7922F00102A7
:108160001A71AAE7500100201C7900205C0B002046
:108170002DE9F043424C89B0BFF35B8F98462368EA
:10818000BFF35B8FD90700AF054616462FD570B9F0
:108190003C4BFB610223BB614FF48251034607F164
:1081A00018023948FCF700FB6FF0010020E0391D90
:1081B00025F0B3FD35490246814628462BF060FD87
:1081C0000346002838D1BFF35B8F2268BFF35B8F73
:1081D000C2F3C00912070FD52D4AFA610222BA6113
:1081E000294807F118024FF48451FCF7DDFA00200A
:1081F0002437BD46BDE8F083A4F1D4050722294603
:108200004046B047062812D8224BFB610223BB61CF
:108210001D484B4607F118024FF48251FCF7C4FA8F
:1082200044F8D49C85F80790C5F80390DFE707234E
:10823000B0FBF3F0E871DAE7284617494A462BF01D
:108240001FFD05460028AFD11C2204F18C014046D9
:10825000B047002810DA6C4688B06A460F4BC2E976
:108260000530032342F8103F07482B464FF4C25114
:10827000FCF79AFAA546BAE7044484F88C50B6E7AE
:1082800024020020D2E30600444806004796060078
:10829000F3E3060017E406008FEC06003CE406005A
:1082A0002DE9F04188B09C79DDF838805D791E7940
:1082B000DF7893F802C093F801E01B78B8F1000F63
:1082C0000ED0CDE90638CDE904CE1346CDE90267DC
:1082D000CDE90045084A23F09BF808B0BDE8F081DD
:1082E000CDE905E3CDE9037C1346CDE90156034A08
:1082F000009423F08DF8F0E76EE4060092E40600A7
:10830000B0B500AFFEF734FA044678B16D4688B0D8
:108310006A46084BC2E90530032342F8103F06487D
:1083200000234FF4C251FCF73FFAAD462046BD464C
:10833000B0BD00BFB3E406004448060070B5044673
:108340008CB01E461546A2B129B10A4602A80421E6
:1083500024F07CF902A900912B462246242103A88F
:10836000FFF79EFF109A314603A8FEF75BF80CB0AA
:1083700070BD0346044A242103A823F049F80028CD
:10838000F0DA6FF01500F2E7D8E4060090B5104B74
:10839000104883B0DA79C2EBC2020092002202AF29
:1083A0001146FFF7CBFF78B16C4688B002AA0A4BA2
:1083B000C2E90530032342F8103F084800234FF478
:1083C000C251FCF7F1F9A5460437BD4690BD00BF88
:1083D0005001002047960600DEE4060044480600EF
:1083E00030B504468DB0154692B129B10A4602A8AF
:1083F000042124F02BF902A900912B4622462421C6
:1084000003A8FFF74DFF03A825F05FFC0DB030BDBA
:108410000346054A242103A822F0FAFF0028F2DAD5
:108420006FF01500F2E700BFD8E4060007B500932F
:1084300013460A4601460348FFF780FF03B05DF884
:1084400004FB00BFA4FC06000A4601460148FFF7F2
:10845000C7BF00BFA4FC060007B5009313460A4639
:1084600001460348FFF76AFF03B05DF804FB00BF55
:108470009EFC060007B5009313460A4601460348D2
:10848000FFF75CFF03B05DF804FB00BFE5FA0600F0
:108490000A4601460148FFF7A3BF00BFE5FA060000
:1084A00007B500220346009103481146FFF746FF37
:1084B00003B05DF804FB00BFDDFA060007B500223B
:1084C0000346009103481146FFF738FF03B05DF8FB
:1084D00004FB00BF8FEC060008B5024822F0E0F86C
:1084E000002008BD6C0B00202DE9F041284DBFF3A2
:1084F0005B8F2B68BFF35B8F13F0010F86B02E46A6
:1085000044D095F88C30A5F1D40713B9214801F077
:1085100081FE97F80780B8F1000F1ED102F0CAF96A
:10852000044670B11C4B05930223049343461B4839
:1085300004AA4FF48251FCF737F9204606B0BDE893
:10854000F081FF794FB902F019FA044628B1124BB5
:108550000593022304933B46E9E7BFF35B8F2B6847
:10856000BFF35B8F5A0701D401F0FEFCBFF35B8FB2
:1085700056E8003F23F4803246E800210029F7D175
:10858000BFF35B8FDB0301D5FFF7A6FF0024D4E721
:1085900024020020D8DB0600F9E406004448060067
:1085A00007B5009313460A4601460348FFF7C6FE87
:1085B00003B05DF804FB00BFF60107000A46014660
:1085C0000148FFF70DBF00BFF601070030B50A4DA7
:1085D0000A4B85B000242846029303942AF026FE15
:1085E00002AB0093284606490A234FF4A36222F007
:1085F0005DF8204605B030BD104F00202CE5060088
:1086000020C800200146014822F088B8104F002001
:10861000014601482AF0F9BD104F00200378012BD4
:1086200030B513D0022B27D07BB9194B0A4603F182
:10863000100453F8045B42F8045BA342F9D11B78A1
:10864000137043884B731B0A8B7330BD104B0A4663
:1086500003F1100453F8045B42F8045BA342F9D120
:108660001B78137043684B73C3F307221B0CCB7347
:108670001B0A8A730B74E8E700F1100350F8042B0F
:1086800041F8042B9842F9D103780B70DDE700BF65
:1086900052E5060010B5034686B01C78012C08464A
:1086A000114609D0022C0AD0FCB95B88124A06B0E8
:1086B000BDE8104022F0ACBE5B68104AF7E7B3F8A3
:1086C00001200492D3F803200392B3F8072002920A
:1086D000B3F809200192B3F80B200092D3F80D30C3
:1086E000074A22F095FE06B010BD002106B0BDE895
:1086F00010402BF0FEB800BF7AF50600D309070042
:1087000035E5060038B50546054829F0FCFB04466A
:1087100020B100210C3029F037FC2576204638BDE9
:10872000001B002070B502460D48BFF35B8F0B465F
:10873000002150E8004F40E80015002DF9D1BFF3AB
:108740005B8F24B9BDE870400120FFF7DBBF012338
:1087500004F10C002376218229F016FC204670BD1E
:108760009002002070B504460F2C0D4610461946A5
:1087700005D80D2C0DD9BDE87040FFF7D3BF132CE1
:1087800007D10C4829F0BFFB044638B90024204625
:1087900070BD02460B4645B10748F3E700210C3097
:1087A00029F0F2FB01232376F1E7BDE870400120B8
:1087B000FFF7A8BF2C1B00207C1A00202DE9F041F8
:1087C00082B0054600AF0E469046AB88012B18D903
:1087D000284629F016FC044698B1AB88984214D973
:1087E0006D4688B06A461249D3610423C2E9051078
:1087F00042F8103F0F4800234FF40251FBF7D4FF1B
:10880000AD460837BD46BDE8F081284629F0F9FBA2
:10881000013C2B683870414638467C707B60B0471D
:108820000028EED02146284629F0DBFBCDE700BF2B
:1088300063E50600EC47060070B50C4D06460FCD0B
:108840008EB06C460FC40FCD0FC40FCD0FC495E88A
:1088500003000D2E84E803009BBF0EAB03EB8606DE
:10886000034856F8380C0EB070BD00BF244B06000C
:108870008EE50600F8B506460F4603F0E5FD044612
:1088800040B18378012B24D0132127F096FA20469B
:1088900027F07BF9394630460AF066FB054628BBCF
:1088A0003946304607F084FF144B1B6823B31C681D
:1088B00004B10C3C53F8043C13B139463046984798
:1088C000D4B12346E4689B68A4B10C3C002BF4D1DE
:1088D000F7E70023D0F8B850C0F8B830132127F0DC
:1088E0006CFA204627F051F9002DD3D0284629F004
:1088F00046FAD5E7002BE0D1F8BD00BFA8790020EB
:1089000038B5C368B3F801401B7893B90F212046EE
:1089100003F006FC054668B96FEA0450094A0623CD
:108920006FEA105032F8021B09B922F8020C013B21
:10893000F8D138BD012103F0D5FA2846BDE838400A
:1089400027F023B942AF002010B5084C014605229C
:1089500094F86F0003F000FE38B994F86F000449F2
:10896000BDE81040042203F0F7BD10BD5001002007
:108970002BE306007FB5064B05930648022304AAA5
:108980004FF48251049326F04CFD07B05DF804FBD0
:1089900096E506000C480600B0B50B460D8A00AF00
:1089A00004462946D868FFF7DDF98AB06A46094BC4
:1089B000C2E9053440F202439384074BC2E90750F1
:1089C0004FF4325142F8103F044826F02AFDBD46CC
:1089D000B0BD00BFB0E50600050000010C48060070
:1089E000B0B502EBC30300AF0446934203D1204667
:1089F000FFF7D2FF18E0104610F8085BA54219D126
:108A00000B8A5078984211D96D4688B06A460A4957
:108A1000D461C2E90513042342F8103F07484FF41C
:108A2000015126F0FEFCAD46BD46B0BD5368084678
:108A30009847F9E70246D8E7D2E506000C48060059
:108A400010B5012104460C3029F0D3FA2146034A1F
:108A50000078BDE810400B23FFF7C2BF6472060028
:108A600080B5012100AF0C3029F0C3FA88B003783B
:108A70006A4606490648C2E90513032342F8103F37
:108A80004FF4C25126F0CDFCBD4680BDF4E5060092
:108A90000C480600B0B5C3681C8800AF0121204611
:108AA00003F03EFB80B96D4688B06A46084B094822
:108AB000C2E90534032342F8103F4FF4C25126F0B7
:108AC000B0FCAD46BD46B0BD27F05FF8FAE700BF89
:108AD00016E606000C4806002DE9F041C668357818
:108AE00000AFB5B9B6F801800F21404603F018FB7E
:108AF000044688B96C4688B06A46154B1548C2E9E9
:108B00000538032342F8103F4FF4C25126F089FC88
:108B1000A546BD46BDE8F081F3780373294603F00E
:108B2000E1F9A378012B03D0204627F02EF8F0E7D7
:108B3000BFF35B8F6368BFF35B8FDB07F4D5204621
:108B4000022103F0CFF9284602F092FBECE700BFC8
:108B50003AE606000C48060080B5C36800AF88B04E
:108B60001B786A4606490748C2E90513032342F801
:108B7000103F4FF4C45126F054FCBD4680BD00BFE9
:108B800060E606000C480600F8B5C568B5F8016057
:108B900000AF0121304603F0C3FA044680B96C46A9
:108BA00088B06A46104B1148C2E90536032342F8E3
:108BB000103F4FF4C25126F034FCA546BD46F8BD27
:108BC0002B783BB9D5F80330C0F8AD30D5F8073075
:108BD000C0F8B1304FF40051201D26F002FC2046B1
:108BE00026F0D3FFEAE700BF16E606000C480600B1
:108BF0002DE9F843064600AF907A434D8846144667
:108C00001BF03AF8854218D0A47A20461BF034F8BD
:108C1000E8468AB06A463D4B5562C2E905360623EE
:108C2000C2E907404FF4425142F8103F384826F05D
:108C3000F8FBC546BD46BDE8F88320461BF024F886
:108C4000344D4FF00C0909FB00504388B34216D055
:108C500020461BF019F809FB00506C4688B0438889
:108C60006A462D49D3610423C2E90516284842F813
:108C7000103F4FF4025126F0D4FBA546DAE7274E09
:108C8000D6F8400120B11BF0A5F80023C6F840310A
:108C900020461AF0F9FF0C2606FB00504368ABB1E2
:108CA000B8F1000F12D120461AF0EEFF06FB00507B
:108CB00001214268D2E90003127A03F01F06B14095
:108CC0005B09DAB100EB830026F08BFB20461AF03B
:108CD000DBFF0C2606FB00508368002BAAD0204641
:108CE0001AF0D2FF704305F8008020461AF0CCFF3E
:108CF00006FB0055A86821F0D1FB9BE7C94300EBB8
:108D0000830026F091FBE1E7D41A002088E60600F4
:108D10000C48060020790020BDE606005001002026
:108D200038B5042104460C3029F063F94578017800
:108D300040882246FFF75CFF25B10348BDE8384074
:108D400021F0ACBB38BD00BF7802002038B503214C
:108D500004460C3029F04DF9E36805781978B0F82D
:108D600001002246FFF744FF25B10348BDE8384023
:108D700021F094BB38BD00BF780200202DE9F04FF0
:108D8000DFF85881DFF8809187B000AFD8F80C3059
:108D900051486FF39433C8F80C3003F051F8451C78
:108DA0004E484FF0FF324FF0FF33294622F086FA4B
:108DB00060B14B494B4840F6E5234A4624F088F819
:108DC000404080F311884FF0030002DF434E4FF024
:108DD000030A15B921F046FFD8E7F368C3F38633D9
:108DE000022B60D9042B68D1337B002B5ED13E4827
:108DF0000022002329F08CF8044660B93B49394829
:108E000040F677234A4624F063F8404080F3118807
:108E10004FF0030002DFDFF8F4B035484FF0FF33C6
:108E20004FF0FF3221F060FBDBF840318BB1314B6A
:108E300031487B6107F1100202234FF482513B61FC
:108E400026F0EFFADBF840011AF0C4FF0023CBF85C
:108E50004031204629F060F8CBF840012046FFF76A
:108E600019F900B3EB4688B06A46244BC2E90530D5
:108E7000032342F8103F20484FF4C25126F0D1FAA4
:108E8000DD461B4821F00AFB20461AF0FDFE1C4B74
:108E90000C2202FB00301F2140882246FFF7A8FE6B
:108EA00020461AF097FF1436013D92E7012BFAD1C4
:108EB0003069383803F066FDF5E76C4688B06A46DD
:108EC00010490D48C2E9051342F810AF4FF4C451E0
:108ED00026F0A7FAA546E6E7900B00207C0B0020C1
:108EE00024E706002DE70600940200203602070062
:108EF000780200204AE706000C48060065E70600F5
:108F00002079002087E70600F0E6060050010020E7
:108F10002DE9F04F87B0D0F80C80018A98F8004016
:108F2000012303EB84038B4200AF40F28D806D463A
:108F30008AB06A464748C2E907310523C2E90504F9
:108F40004FF4215142F8103F434826F06AFAAD46EB
:108F50001C37BD46BDE8F08F6C4688B06A463F4B73
:108F60003D48C2E9053B032342F8103F4FF4C2518C
:108F700026F057FAA546013598F800309D42E7DA09
:108F800008EB85030F21B3F801B0B3F8036058462E
:108F900003F0C6F804460028DED000F1280B46B3E3
:108FA0004FF02003EFF3118283F31288BFF36F8F2A
:108FB000E3696BB1013BE36182F31188BFF36F8F0B
:108FC000204602F0E3FD013E21F068FAB6B2E6E782
:108FD000636993B982F31188BFF36F8F02231E4830
:108FE000C7F814A007F110024FF482513B6126F03C
:108FF00018FA204626F0C9FDBDE7A169186860612E
:109000008B4208BFA06182F31188BFF36F8F4FF0CE
:109010002002EFF3118182F31288BFF36F8FDA68B9
:10902000E261C3F80C90C3F80090626A4AB9C4E9DF
:10903000083381F31188BFF36F8F584621F030FB5E
:10904000BEE713606362F4E70025DFF814A0A946C9
:1090500092E700BFA8E706000C480600D2E706002A
:10906000EEE70600F0B583B0C568B5F8016000AF63
:109070000121304603F054F8044688B96C4688B0A4
:109080006A462E4B2E48C2E90536032342F8103FAC
:109090004FF4C25126F0C5F9A5460C37BD46F0BDC8
:1090A0002B781A2B00F1040617D1C378012B28D195
:1090B0004FF48061304626F094F942050DD4D4F87F
:1090C000A0303B603946D4F8A8307B60204603F0DE
:1090D000CFFE204626F059FDDFE72B788BB9B5F897
:1090E0000330A4F89E30B5F80530A4F8A430B5F8E4
:1090F0000730A4F8A6306FF48071304626F094F95A
:1091000017E0BFF35B8F6368BFF35B8FDB05F2D5BE
:109110002B78202BEFD194F8AC30002BEBD0013B17
:1091200084F8AC304FF42032002304F1580021F0D1
:109130001FFB204603F062F8CBE700BF16E60600EF
:109140000C48060010B5C1E900239DF808300B72E9
:109150000C461AF099FD034B0C2202FB00335C60B5
:1091600010BD00BF207900202DE9F0474FF0FF32FD
:109170004FF0FF3306461748174D0F4628F0C3FE41
:10918000044600F10C0A00214FF00008504628F078
:10919000FBFE84F8188020461AF076FD4FF00C098B
:1091A00009FB0050468020461AF06EFD09FB005076
:1091B000C0F8088020461AF067FD09FB005503211E
:1091C0005046C5F8048028F0E3FE068087702046EC
:1091D000BDE8F087D41A002020790020F8B50546B4
:1091E00000AF0C4619B9FFF7BFFF044618B340F6AD
:1091F00035439D4219D12046FEF74CFF054688B104
:109200006E4688B06A460D4BC2E9053003230C4810
:1092100042F8103F4FF4C25126F003F92046B546FC
:109220001AF0D8FD2846BD46F8BD0648214628F06C
:1092300071FE0025F6E76FF06805F3E765E70600C5
:109240000C480600940200202DE9F0418CB0C4685F
:1092500026881FFA86F802AF0121404602F060FF1F
:10926000054690B96C4688B002AA2D4B2D48C2E93C
:109270000538032342F8103F4FF4C25126F0D1F8CD
:10928000A5462837BD46BDE8F081D4F80220D4F8C1
:10929000063001976189009128F077FB70B31221A5
:1092A00042F21A00FFF760FF044670B91E4B7B6262
:1092B00002231C483B6207F120024FF4825126F042
:1092C000B0F8284626F061FCDBE712210C3028F0CC
:1092D0005FFE03463A4623F8026B07F1100C164670
:1092E00003CE664518605960324603F10803F6D193
:1092F000214642F21A00FFF771FFE2E7022142F233
:109300001B00FFF731FF04460028CFD002210C30AC
:1093100028F03EFE2146068042F21B00EBE700BF2C
:1093200016E606000C48060005E80600F0B583B016
:10933000C368D9789A781E8800AF42EA01223A8041
:1093400059791A7942EA01227A80D9799A7942EADE
:109350000122BA801A7A5B7AB4B242EA032301216D
:109360002046FB8002F0DCFE0546A8B96D4688B0B9
:109370006A461E4B1E48C2E9053403234FF4C2510E
:1093800042F8103F26F04DF80221AD46204626F067
:1093900067F80C37BD46F0BD394602F093FF38B987
:1093A0001E21204626F05CF8284626F0EEFBF0E76A
:1093B0000E2142F22000FFF7D7FE04460028F3D02A
:1093C0000E210C3028F0E4FD00230680C0F80A309E
:1093D0003B8843807B888380BB88C380FB88038174
:1093E000214642F22000FFF7F9FEDDE716E606000F
:1093F0000C4806002DE9F04387B0804600AF1546C3
:109400000C4621B9FFF7B0FE044600285DD00122CA
:109410000021384629F049FE20461AF035FCDFF8D5
:10942000D4900C2303FB00908760204628F074FD45
:109430000146294828F06EFD4FF4A022002338464B
:1094400021F052F8064688B14FF4A973234A244903
:10945000244823F03DFD24483246414623F038FDA0
:10946000404080F311884FF0030002DF20461AF0DD
:109470000BFC0C23584319F80060F6B16D4688B018
:109480006A461A4BD661C2E90538042342F8103FF8
:1094900017484FF4025125F0C4FF2046AD461AF09C
:1094A00099FC092E14D00D2E0CBF6FF00B006FF03D
:1094B00004001C37BD46BDE8F08315B12C600020C8
:1094C000F7E720461AF086FCF9E76FF06800F0E74E
:1094D0006FF06E00EDE700BF94020020F0E606009A
:1094E00024E706002DE706001CE8060048E8060011
:1094F0000C4806002079002070B588B006460D465D
:1095000001AA002142F22F00FFF774FF044660B168
:109510000B4B07930B48022306AA4FF48251069384
:1095200025F07FFF204608B070BD0198C368B3F8EE
:1095300001203280B3F803302B801AF04BFCF1E7A6
:1095400064E806000C480600F7B5144B93F99B300D
:10955000002B05460C461DDA14B9204603B0F0BDB9
:10956000082C01AA4FF0000142F21800264628BF3D
:109570000826FFF73FFF0028F0D1019FF968324627
:10958000013128462AF0A7F938461AF023FC354461
:10959000A41BE1E76FF08500E0E700BF5001002069
:1095A0000138C0B202289ABF014B185C00207047F6
:1095B000BEEC0600F8B5C568B5F8016000AF012142
:1095C000304602F0ADFD044680B96C4688B06A466C
:1095D0000F4B1048C2E90536032342F8103F4FF401
:1095E000C25125F01EFFA546BD46F8BDE878FFF73D
:1095F000D7FF84F8BC002879FFF7D2FF84F8BD00BC
:10960000204602F03DFE204626F0BFFAECE700BF00
:1096100016E606000C480600F0B587B006460DF1C8
:109620000B01002001F0D8F90546002845D1192189
:1096300042F20D00FFF798FD0746002840D019219F
:109640000C3028F0A5FC2946044619222AF051F9CD
:109650001D4A9DF80B30237392F8211192F82031A6
:10966000994294BF06F1880106F19601601D25F02C
:10967000CCFE93892380D3896380B6F8A030A4F808
:109680000D30B6F8A230A4F80F30B6F8A430A4F824
:109690001130B6F8A630A4F81330012300930C2340
:1096A0000DEB0301094A3846FFF74CFD002239460D
:1096B00042F20D00FFF79EFE0546284607B0F0BDBA
:1096C0006FF06805F9E700BF500100202402002078
:1096D00030B5002187B042F20E00FFF745FD0025AE
:1096E0000C2304460DEB0301054A0095FFF72AFD04
:1096F0002A46214642F20E00FFF77CFE07B030BD3D
:10970000240200202DE9F0478CB0B0F801803D4ADA
:10971000054602AF48F470410023104632F8024B70
:10972000A14226D1002220F813204FF0010900F0B9
:10973000C7FF2C78002C6FD03C2C28D101F0D6FA32
:109740006FF08001103025F06FFE0020FFF7FCF86D
:109750000546A0B92C4B7B6202232C483B6207F1E3
:1097600020024FF4825125F05CFE2837BD46BDE84B
:10977000F0870133062BD1D14FF00009D7E70473EE
:10978000002102F0AFFB284626F0FFF9EDE7022C9E
:1097900027D100210622084602F0DEFE054668B900
:1097A0001B4B1A48C7E9084307F120024FF48251C6
:1097B00025F037FE002001F05BFDD6E704730021A1
:1097C00002F090FBBFF35B8F6B68BFF35B8FDE072C
:1097D00003D52146284602F085FB284626F0D5F918
:1097E000E8E76D4688B002AA0A4B0848C2E905348A
:1097F000032342F8103F4FF4C45125F012FEAD464A
:10980000B3E700BF42AF002084E806000C48060022
:10981000A5E80600C3E80600EB78012B08BF9F4BC4
:1098200005F10406304608BF93F86F4025F0AAFD05
:109830003146002800F0008107F1100025F097FD67
:1098400005F1110107F1090025F0E6FD01233B7246
:10985000E878002840F0FE80062207F1100102F0AF
:109860007BFEEB78012B04460AD101F03FFA6FF042
:1098700080018246103025F0D7FD504626F0DEF8F4
:10988000EB7823B986486FF4805125F0CDFD002C8C
:1098900000F0E2802046B5F8013020F8883B07F15F
:1098A000100125F0B2FDB5F81730A4F89E30B5F8D8
:1098B0001930A4F8A430B5F81B30A4F8A630EB7822
:1098C000E37000222273012B40F20112A4F8BC20A5
:1098D00016D107F1080104F18F0025F096FD01F083
:1098E00005FA217A6D4AC1EBC101114404F19600D9
:1098F00025F08BFDD2F8E4305D0601D501F0B6FB12
:10990000E37873B907F1080104F1960025F07DFDB5
:10991000217A624BC1EBC101194404F18F0025F09B
:1099200074FD0721204602F0DDFAB9F1000F03D0E3
:109930000121204602F0D6FA204626F063F9637B27
:10994000072B71D1BFF35B8F6368544DBFF35B8FFF
:1099500013F4005F2AD1E3781BB195F8D8301807CB
:1099600024D5022142F21600FFF7FEFB064600282E
:1099700000F0918002210C3028F00AFB238803803C
:109980000022314642F21600FFF734FD70B16E46F8
:1099900088B002AA434BC2E90530032342F8103FC6
:1099A00041484FF4C25125F03CFDB54695F8D930F9
:1099B000D90716D50021022300911A46204625F02A
:1099C000A3FD70B16E4688B002AA384BC2E90530DB
:1099D000032342F8103F34484FF4C25125F021FDD3
:1099E000B54695F8D8309A061ED5D5F85C319B68F7
:1099F0009B0719D5B91D381DFFF77EFDA0B9FA8860
:109A0000B988204625F062FD70B16D4688B002AA83
:109A1000274BC2E90530032342F8103F22484FF498
:109A2000C25125F0FEFCAD46204626F0AEF8E378A4
:109A3000002B7FF49AAEBDE6204625F0C7FE014616
:109A400007F1100025F0E1FC314607F1080025F090
:109A5000DCFCFDE6012819D03046FEF7A5F96C467E
:109A600088B002AA134BC2E905304FF40073938308
:109A7000114B42F8103F0C484FF4E25125F0D1FC55
:109A80001321A546404625F006FD6EE607F11000BD
:109A9000FEF75AFFE5E66FF0680078E75001002016
:109AA00024020020F8E806000C48060019E9060028
:109AB00030E90600DCE806000300000100B5C168DB
:109AC00089B00B788DF80030B1F80130ADF8013075
:109AD000CB788DF80330B1F80B30ADF81730B1F812
:109AE0000D30ADF81930B1F80F30ADF81B304B7CAC
:109AF0008DF81D3001A8043125F087FC07490DF1D0
:109B00000B0025F089FC0DF1110025F085FC68465D
:109B1000FFF7F8FD09B05DF804FB00BF3FE3060066
:109B200037B504460D468DF80700A0B929B10B4999
:109B3000072228462AF094F840B909490DF1070296
:109B4000002009F05BF9002003B030BD2946204613
:109B5000FEF790FEF7E76FF01500F5E732E3060039
:109B600001F4050029289ABF014B185C09207047B1
:109B700094EC0600F0B587B0C368B3F801601D78B7
:109B800000AF0F21304602F0CBFA044688B96C468C
:109B900088B06A461E4B1F48C2E90536032342F8C7
:109BA000103F4FF4C25125F03CFCA5461C37BD4682
:109BB000F0BD5DB12846FFF7D5FF29460246204695
:109BC00002F0E8FB204625F0E0FFEFE78378012B69
:109BD000F0D108F0D7FF204625F0EAFB0028E9D1B4
:109BE0000520FFF7BFFF05210246204602F0D2FB09
:109BF000094B7B610748022307F110024FF48251A1
:109C00003B6125F00EFC0521204626F0D6F8D9E769
:109C10003AE606000C4806004CE906002DE9F04142
:109C200086B0C668B6F80180357800AF0F2140468F
:109C300002F076FA044690B96C4688B06A46244B26
:109C40002448C2E90538032342F8103F4FF4C251BB
:109C500025F0E7FBA5461837BD46BDE8F0815DB1AC
:109C60002846FFF77FFF29460246204602F092FB76
:109C7000204625F08AFFEEE78278F378C372012A46
:109C800005D00020FFF76EFF00210246EDE70BB183
:109C900008F078FF204625F08BFB0028F1D1052045
:109CA000FFF760FF05210246204602F073FB0A4BD6
:109CB0007B610848022307F110024FF482513B6197
:109CC00025F0AFFB0521204626F077F8D0E700BF4E
:109CD0003AE606000C4806004CE906002DE9F84378
:109CE000044600F10C0600AF304628F09AF9B4F8AB
:109CF0001090B9F1010F054612D86D4688B06A463A
:109D00001C4B1D48C2E90539032342F8103F4FF4AC
:109D1000C25125F086FBAD4620461AF05BF826E0DE
:109D20003046022128F065F98046007825F02EFBA8
:109D3000C20706460CD4114A1149124840F69463F2
:109D400023F0C6F8404080F311884FF0030002DF93
:109D500005230D4A98F800002146FEF741FEB3079F
:109D6000DAD56369A4F8109013FA85F5E560BD466D
:109D7000BDE8F88372E906000C480600F0E606002C
:109D80008EE906002DE706000C7206002DE9F84367
:109D9000057E012D00AF04465BD0032D40F0868088
:109DA000038A032B11D86E4688B06A464A494B484D
:109DB000C2E9051342F8105F4FF4C25125F031FBA0
:109DC000B54620461AF006F83FE004210C3028F092
:109DD00010F94688B0F80090DFF82481204619F089
:109DE00053FFC9F30B0328F81030238A9E4210D08A
:109DF0006D4688B06A463A49D661C2E90513042324
:109E000042F8103F4FF40151344825F00AFBAD46AB
:109E1000D7E7204619F038FF0F2138F8100002F07C
:109E20007FF9064648B9204619F02EFF6E4688B0E5
:109E300038F810306A462B49B9E74FEA1932214603
:109E400001F0E2FE304625F0A0FE0020BD46BDE850
:109E5000F883038A012B0BD86D4688B06A462249E5
:109E6000C2E90513032342F8103F4FF4C251CBE778
:109E700002210C3028F0BDF80546007825F086FA5E
:109E800083070CD4194A1A491A4840F6682323F06C
:109E90001FF8404080F311884FF0030002DF164A9C
:109EA000287806232146FEF79BFD8AE76E4688B098
:109EB0006A46124B0948C2E90535032342F8103FB0
:109EC0004FF4C25125F0ADFA2046B54619F082FF95
:109ED0006FF01500BAE700BFA7E906000C480600BE
:109EE000C8E90600ECE9060072E90600F0E60600A3
:109EF0000EEA06002DE70600347206003CEA060072
:109F00004EAF002010B5037E012B04460CD0094A49
:109F100009490A4840F6E66322F0DAFF404080F340
:109F200011884FF0030002DF2046FFF7D7FE002024
:109F300010BD00BFF0E6060050EA06002DE706005F
:109F4000084A0346D2F85C0130B9D96839B1596979
:109F500029B1C2F85C3170476FF0770070476FF03D
:109F600015007047500100202DE9F84F042100AF83
:109F70003E4C3F483F4D25F034FA002001F078F97F
:109F8000E2793D4B2046012A88BF1D466E46FDF70B
:109F90000BFF8AB06A46394BD061C2E90535384BB0
:109FA0001362384B42F8103F3748DFF8F080DFF893
:109FB000D8904FF4235125F034FAB546334EA346DA
:109FC0000125E3799D420BF1070B38DB94F87050C3
:109FD0002846FEF731FC6E468CB0B4F87210B4F827
:109FE00076306A46DFF8B8C05362C2E90751284BA1
:109FF0004FF40075C2E905C015854FF4535142F87E
:10A00000103F214825F00DFAB54694F871603046AE
:10A01000FEF712FC8AB0B4F874306A461D49958484
:10A02000C2E907631C4BC2E9051042F8103F16480D
:10A030004FF4335125F0F5F9BD46BDE8F88F584689
:10A04000FDF7B2FEEA468AB06A4640F20133C2E941
:10A050000565D06113844FF4135142F8108F4846C0
:10A0600025F0DFF90135D546ABE700BF50010020F0
:10A07000240200209AD7060073EA060077EA060059
:10A0800000020103040000020C48060086EA0600F4
:10A0900006000001D5EA06000500000104000001E9
:10A0A00097EA06007FB50C48C3796BB90B4B059353
:10A0B0000B48022304AA4FF48651049325F0B1F90A
:10A0C000002007B05DF804FB0821D43025F089F9A1
:10A0D000FFF74AFFF4E700BF50010020FCEA06004A
:10A0E0000C48060010B5ECF79BFB034B1B6813B143
:10A0F000BDE81040184710BD38790020F0B5364D46
:10A100008FB0D5F85C3108AF064683B9334B7B611D
:10A110003348022307F110024FF482516FF012040A
:10A120003B6125F07EF920461C37BD46F0BD6FF03F
:10A13000020105F1D40025F077F9012125F051F94C
:10A14000C30746D4FEF7DCF804460028EBD1254BC4
:10A150001E600122114605F5947028F0A6FF05F552
:10A16000A27028F05DFF00220023CDE906236FF0E6
:10A170000803CDE90243CDE900441B4B1B4904947D
:10A180004FF480621A481FF077FF1A49184828F0E8
:10A19000B3FED5F85C31DB689847044678B16D466C
:10A1A0002A4688B0144BC5E90530032342F8103F16
:10A1B0000B484FF4C25125F034F9AD46B3E71EB950
:10A1C000ECF72EFB0446AEE705F1C40020F068FA78
:10A1D000A9E76FF07704A6E75001002044EC0600E1
:10A1E0000C480600387900207D8D030038CD002012
:10A1F000F84F00205DEC060063EC0600044BBFF353
:10A200005B8F1868BFF35B8FC0F38000704700BF9F
:10A210002402002030B587B00546ECF7F9FA1C2877
:10A22000044621D812482946ECF7E0FAC8B1224684
:10A2300029460F4829F04FFB0E48031900222146FA
:10A2400000F5B07083F86021FEF738F948B10A4B89
:10A2500005930A48022304AA4FF48451049325F07D
:10A26000E0F8002007B030BD6FF00B00FAE700BF48
:10A27000B0020020500100207FEC06000C480600D0
:10A2800000487047B0020020F8B50A4DEF79064645
:10A290000024E3B29F4202D86FF0010007E0294694
:10A2A000304625F0C2F90735631C08B12046F8BDD9
:10A2B0001C46EEE75001002037B504460D46B9B103
:10A2C0001649284625F0B1F990B91548C4EBC404E5
:10A2D0002946204425F0BCF9124825F0AEF9430781
:10A2E00003D5FEF7F9F824F0E4FF002003B030BDF9
:10A2F000684625F02EF80028F8D16846FFF7C4FF1D
:10A300000028F5DA064BC4EBC4001844694625F072
:10A310009FF9002DE0D001462846DBE732E3060036
:10A3200050010020240200202DE9F041002186B0D8
:10A3300004460622084602F00FF90546A8B1BFF30D
:10A340005B8F524B53E8001F41F4004143E8001279
:10A35000002AF7D1BFF35B8F237A43F00103237206
:10A3600006B0BDE8F04125F010BC484825F065F97D
:10A370002946C0F38016464800F0B2FC16B12846C4
:10A3800025F075FB434D95F8213173B1002025F080
:10A39000A5F950B1404B05930223049304AA4FF44E
:10A3A00084513E4825F097F926E095F8212195F84B
:10A3B00020319A422ED13A4B3848059304AA4FF4E3
:10A3C00084510227049725F086F90022114642F2B3
:10A3D0002900FFF70FF830B1324BCDE9047304AA1E
:10A3E0004FF48251DDE795F82131013385F82131B1
:10A3F000237A43F004032372012025F06FF916B18C
:10A40000012025F034FB2848002106B0BDE8F041CA
:10A4100000F066BC224604F1010812F82A0B4146FE
:10A4200025F01DF9074620B1204B05930223049324
:10A43000D5E795F82131013385F82131237A43F0AE
:10A440000403237295F8A7305B0701D4184BA2E7E9
:10A450004146684625F0FCF80123082142F24E00EF
:10A460008DF80730FEF780FE044660B10822694689
:10A470000C3027F093FD3A46214642F24E00FEF79B
:10A48000B9FF0028B8D00B4BCFE700BF2402002053
:10A4900095F7050050010020B4ED06001C480600A9
:10A4A000D9ED06000AEE06000DF705002AEE0600BB
:10A4B0004AEE060074EE060038B51249062205463B
:10A4C00029F0CEFBC8B1062142F20500FEF74CFE92
:10A4D0000446A0B1062229460C3027F05FFD002279
:10A4E000214642F20500FEF785FF38B905482946A6
:10A4F00025F0A9F8012300F8013C002038BD6FF0D9
:10A500006800FBE7B90100202DE9F047002186B083
:10A51000044600AF0622084602F01EF80546B0B118
:10A52000BFF35B8F454B53E8001F41F4004143E804
:10A530000012002AF7D1BFF35B8F237A43F00203A6
:10A54000237225F022FB1837BD46BDE8F0873B4853
:10A5500025F073F82946C0F38019394800F0C0FB94
:10A56000B9F1000F02D0284625F081FA002025F02D
:10A57000B5F8344D064600B36C4688B06B46324A97
:10A58000C3E905201A46032342F8103F2F484FF431
:10A59000C25125F0A0F8A54695F8213113B101204C
:10A5A00025F09CF8B9F1000F02D0012025F05FFAE8
:10A5B0002748002100F094FBC5E795F8213195F874
:10A5C00020219A420CD2013B85F82131237A21497E
:10A5D00023F0040302462372022008F02DFCDBE77F
:10A5E000072142F22800FEF7BFFD04F1010A804670
:10A5F00058B9194B7B611548022307F110024FF43B
:10A6000082513B6125F067F8C6E707210C3027F03F
:10A61000BFFC514625F01CF83246414642F2280064
:10A62000FEF7E8FE0028E4D195F82131013B85F8DA
:10A630002131237A23F004032372ADE724020020A2
:10A6400095F70500500100208FEE06001C4806001B
:10A650000DF70500C1F60500BCEE060008B503467F
:10A6600008B9002008BD1448134A24F0E6FF10F48E
:10A67000805F06D0104824F0E0FF400607D4012098
:10A68000F0E7104624F0D9FF4106F3D4F7E712F8BB
:10A69000D42C012AF3D15A6802F00502042AE0D032
:10A6A0001878064AC0EBC003D35C012BE7D1B0FA9F
:10A6B00080F04009D6E700BF2402002050010020AE
:10A6C0000A4BBFF35B8F53E8002F22F4004143E8AD
:10A6D00000100028F7D1BFF35B8F130404D50449A1
:10A6E0000022022008F0A8BB704700BF240200200F
:10A6F00035F8050007B50023CDE9000304496A4693
:10A70000022008F099FB019803B05DF804FB00BF3C
:10A710003FF7050010B4034670B10B4991F8204192
:10A7200091F821210CB1944209D2013281F8212102
:10A730001A7A42F004021A725DF8044B70475DF811
:10A74000044BFFF7F1BD00BF5001002010B40346D9
:10A75000A0B10C4C94F8201194F8212131B10131B1
:10A760008A4204DC5DF8044BFFF7CEBE12B1013A19
:10A7700084F821211A7A22F004021A725DF8044B3F
:10A78000704700BF5001002070B50D4686B00446EA
:10A79000F0B1234924F049FFD0B92378012B04D12B
:10A7A000A37903F0C003C02B0DD01E4B05931E48A8
:10A7B000022304AA4FF48251049324F08CFF6FF01B
:10A7C000150006B070BD2046FFF75EFD002821DAB7
:10A7D000002DF4D1154DEB79012B1ED005F1D400DD
:10A7E00024F02BFFC30707D4002CE8D00C492046E7
:10A7F00024F01BFF0028E2D1EE792146731C30467D
:10A80000EB71FFF759FD08B93046DAE7EB79013B08
:10A81000EB71D6E76FF07700D3E76FF00B00D0E76E
:10A8200032E30600E1EE06001C480600500100205D
:10A83000F0B5044689B060B9194B07931948022353
:10A8400006AA4FF48451069324F045FF002009B076
:10A85000F0BD01AA002141F20900FEF7CBFD06463A
:10A8600008B1114BE9E7019F1049FD680135062247
:10A87000284629F0F5F928B10D490622284629F085
:10A88000EFF918B9384619F0A5FADFE72946601C38
:10A8900024F0D9FE3846267019F09CFA0120D6E73C
:10A8A0000FEF06001C48060028EF06003FE30600F5
:10A8B00039E3060007B56846FFF7BAFF044BD871C5
:10A8C00018B169460020FFF7F7FC03B05DF804FB00
:10A8D00050010020F0B5244B93F8C230DB0789B05B
:10A8E00005460E460DD4214B07932148022306AAA4
:10A8F0004FF484510024069324F0EDFE204609B065
:10A90000F0BD01AA00214FF60940FEF773FD034692
:10A9100008B1184BE8E70198C2685478B44228BFE0
:10A920003446023216279C420EDC19F053FA002CF2
:10A93000E4D1114B07930E48022306AA4FF4845129
:10A94000069324F0C8FED9E7114607FB035602F12F
:10A95000140C51F804EB46F804EB6145F9D1098871
:10A96000318001331632DEE75001002046EF060049
:10A970001C48060072EF060092EF060070B5154DF8
:10A98000EC7988B02CB9012102A8FFF7A3FFE87188
:10A99000C0B90021084608B0BDE87040FFF7F4BE1A
:10A9A00002AB06FB02310DF1010024F04CFE012345
:10A9B000694610468DF80030FFF77EFC013410B177
:10A9C00008B070BD1626EB79E2B29342E8D80020B9
:10A9D000F6E700BF5001002038B50C4669B1084DBC
:10A9E0002B78012B03D02B782370002038BD681CF6
:10A9F000FFF762FD0028F6D0F8E76FF01500F5E7E5
:10AA00005001002039B1064803780B70012B05D1A5
:10AA10000130FFF751BD6FF01500704700207047FF
:10AA2000500100202DE9F041904686B00E461D46AB
:10AA3000024678B173B13103047816D573070ED589
:10AA40002D4B05932D48022304AA4FF48251049301
:10AA500024F041FE6FF0150006B0BDE8F08124F04F
:10AA6000C9FE0028F8D1012341E0F70730D5244F73
:10AA7000B8F1000F13D0B0060AD4C4EBC403FB5CDA
:10AA8000012B13D02B70B20620D543F002030BE04C
:10AA900097F8D8305906F0D46FF08500DCE7C4EBA6
:10AAA000C403FB5C012B01D02B700FE0072101FBDD
:10AAB00004710131104624F095FE0028CCD1C4EB7E
:10AAC000C4043B5D2B70B8F1000FDCD10020C3E75C
:10AAD00073070ED50A4EC4EBC407F35D012BE3D117
:10AAE000072111FB0431314424F07CFEF35D2B700F
:10AAF000B2E724F07FFEB6E7BBEF06001C48060075
:10AB0000500100202DE9F04F89B00C462021009023
:10AB10009246FEF729FB054600285BD020210C3029
:10AB200027F036FA20220021814628F0E2FE09F1C2
:10AB3000010B04EBCA0A0026D4F8008000236268E7
:10AB400093420CD30834A245F6D1009889F80060EE
:10AB50000022294609B0BDE8F04FFEF74BBC98F83B
:10AB6000012098F800C0B01C11181F291BD9BCF196
:10AB7000090FC0F11F0201D1002A12DC174B079305
:10AB8000022306931648002306AA4FF48251F9F7D0
:10AB90000BFE284619F01EF96FF0150009B0BDE84C
:10ABA000F08F4FF0080CD7B2791C0BF80610711C0F
:10ABB000C9B25BFA80F00BF801C0D8F80410019319
:10ABC000023728F088FE019B3744FEB2013308F1BA
:10ABD0000808B4E76FF06800E0E700BFE0EF0600A8
:10ABE000A4470600F8B545686905064635D40469EA
:10ABF00014B115F0010330D0194F3078FB7983423E
:10AC00002BD9C0EBC00017490722384429F028F897
:10AC1000A8B115F0010306D197F87020082A02D8D0
:10AC2000B2689F2A19D915F0300F09D0ACB1EA06E5
:10AC30000AD405F46035B5F5603018BF0120F8BDC1
:10AC4000EB0601D4002CF4D1D6E902239A4204D8B1
:10AC50001F2A02D9B3F5804FEBD90020EFE700BFE0
:10AC60005001002032E3060008B5044907220930EC
:10AC700028F0F6FF003818BF012008BD32E30600B7
:10AC8000F8B5154B067883F86F6004460D46FFF75C
:10AC9000EBFF70B91149304601F0B8FB044610B91A
:10ACA0006FF00B00F8BD042101F01CF92C600020AE
:10ACB000F8E704F109073946304601F0E9FB40B9ED
:10ACC0002078394601F0A2FB04460028E8D005218F
:10ACD000EAE76FF01500E5E7500100202BE30600DE
:10ACE00003460148184700BF68010020004870472C
:10ACF000680100202DE9F04F93B0D1F810A0059322
:10AD00000023BAEB030407468E48079318BF0124BB
:10AD100024F0B1FD46070D46934640F109810846EF
:10AD2000FFF760FF28B96FF01504204613B0BDE8A7
:10AD3000F08F2846FFF792FC81460028F3D007F1F8
:10AD40001008404624F097FDC0F3C013000600F140
:10AD5000F280CDE90933CDF82B30AB686868ADF8E7
:10AD60002030EB68ADF8223024F076FD6FF400510E
:10AD70008DF82D00734824F084FD734A2B783B70C6
:10AD800082F86F30696822460DF125033846FFF7D7
:10AD900049FE04460028C8D107F10900BAF1000FA6
:10ADA00013D0296924F07CFD284624F010FE6B683E
:10ADB000D907064616D49B0503D41C9B0BB9022E5B
:10ADC00059D102238DF8243019E0604924F068FD40
:10ADD000284624F0FCFD6B68DA070646EBD58DF8B3
:10ADE00024A00CE013F0100F0CBF012304232969E9
:10ADF0008DF824300DF1260024F052FDA1460F21DC
:10AE000042F20600FEF7B0F90446002800F09680F2
:10AE10000F2208A90C3027F0C1F82146002242F287
:10AE20000600FEF7E7FA044600287FF47EAFBAF189
:10AE3000000F26D06B68DC0731D40121384624F09E
:10AE4000D6FD044600286BD0414B1193022310938A
:10AE50004048002310AA4FF48251F9F7A5FC079D42
:10AE6000002D3FF462AF2846002101F03BF8284650
:10AE700024F08BFE59E70323DDF870908DF8243021
:10AE8000BDE71D9B0093CDE901961C9B059A594691
:10AE9000384624F025FD04460028CBD045E707A915
:10AEA0003846FFF7EDFE04460028C6D010F10C0F1F
:10AEB0007FF43BAFBAF1000F7FF437AF6B689807B0
:10AEC0003FF533AF6C6884F00204C4F3400404F02F
:10AED00001020E21404624F0EAFC731E5A425A41F8
:10AEE0000821404624F0E3FCB11E4A424A41404654
:10AEF000092124F0DCFC6A680A2102F001024046C4
:10AF000024F0D5FC4A460B21404624F0D0FC6A6868
:10AF10000D21C2F38002404624F0C9FC002404E75E
:10AF2000079808B124F031FEBAF1000FCFD1C9E77C
:10AF30006FF00A04F9E66FF07704F6E66FF0680444
:10AF4000F3E600BF240200205001002032E3060097
:10AF5000F9EF0600A447060073B51546069A0C469D
:10AF6000CDE900322B460A4601461148FFF7C2FEE2
:10AF700021460646002340F201109D4202D1304690
:10AF800002B070BD0A88824204D14A6812B11278B8
:10AF9000D20702D401330831EFE70649064828F00A
:10AFA0004BF94FF47022002303481FF015FCE6E72D
:10AFB0006801002035B003008001002010B5194859
:10AFC00024F03CFD18486FF4804124F05AFC1648E8
:10AFD00024F051FC03461A06C0F3C01021D51248D4
:10AFE00024F049FC430513D50E48FFF73DFE0F49F9
:10AFF0000346087E93B90E49042201F0ADFA0446D7
:10B0000030B10021017300F06DFF204624F0BDFD3A
:10B01000BDE810400348002124F0E9BC052221319D
:10B02000EBE710BD680100207801002050010020EE
:10B030002BE3060098B500AFFFF7C0FF78B16C4670
:10B0400088B06A46074BC2E90530032342F8103F37
:10B05000054800234FF4C451F9F7A6FBA546BD46A9
:10B0600098BD00BF14F00600A4470600F0B583B0F9
:10B070003948394C00AF24F0FEFB10F4804F41D02A
:10B08000204624F0F8FB03063CD4204624F0F3FBD2
:10B09000460537D5391DA4F11000FFF7F1FD88BB37
:10B0A000A4F11000FFF7E0FD0246204624F0E3FB88
:10B0B000C0F38031204624F0DEFB81F0010145051C
:10B0C0004FEA4101244848BF41F0010124F0D3FB7D
:10B0D000800448BF41F004012048FB1CFFF7A2FC9C
:10B0E000054690B16C4688B06A461D4BC2E90530F2
:10B0F000032342F8103F1B4800234FF4C251F9F7D5
:10B1000053FBA5460C37BD46F0BD1448012124F081
:10B110006EFC7E6818B9304624F037FDF2E7294608
:10B12000304600F0DFFE6FF480410B4824F0A9FBAD
:10B130000546304624F029FD6B04E3D5BFF35B8F51
:10B1400054E8003F43F4804344E80032002AF7D13A
:10B15000BFF35B8FD6E700BF7801002068010020B5
:10B1600033F00600A447060030B5022187B004463C
:10B1700042F20C00FDF7F8FF054618B302210C302F
:10B1800026F006FF012C1BD1BFF35B8F0F4B1B6812
:10B19000BFF35B8FC3F340234370631E04705C42B4
:10B1A0005C410A4A009403A928460623FDF7CAFF1A
:10B1B0000022294642F20C00FEF71CF907B030BD10
:10B1C0000023E9E76FF06800F8E700BF24020020E1
:10B1D00073B50023ADF80530431E8DF80000054619
:10B1E0005842ADF8011058410DF10501ADF80320AA
:10B1F000FFF708FC044638BB072142F20B00FDF7BD
:10B20000B3FF064648B3072269460C3026F0C6FE57
:10B210002246314642F20B00FEF7ECF8044698B99C
:10B220000120FFF7A1FF044670B9012D0FD1BFF334
:10B230005B8F0B4B53E8001F41F4807143E8001211
:10B24000002AF7D1BFF35B8F204602B070BD6FF4C8
:10B250008071034824F0F5FBF6E76FF06804F3E72C
:10B2600024020020014B00221A607047447900201C
:10B2700070B5214DBFF35B8F2B68BFF35B8F1A0650
:10B280000646C3F3C01034D4BFF35B8F2B68BFF303
:10B290005B8F5B0626D400210622084601F05CF98C
:10B2A000044620BB0222014601F056F908B3BFF361
:10B2B0005B8F55E8003F43F4007345E80032002AF5
:10B2C000F7D1BFF35B8F24F060FC002E204608BF4F
:10B2D0001222BDE8704016BF30224FF40061602199
:10B2E000FFF776BFFFF740FF0028D4D070BD24F0F1
:10B2F0004CFC0020FAE700BF240200202DE9F04FAB
:10B3000000F10C068DB00446304626F07AFEDFF8D8
:10B31000E8A18046B8F1000F0DD0238A082B0DD884
:10B320006F4B0B9302230A936E4800230AAA4FF433
:10B330008251F9F739FA0DB0BDE8F08F0921304696
:10B3400026F057FE037A228A01339A420546E7D354
:10B350000123ADF824307F238DF81E30037A034497
:10B3600000F101095B7A8DF81D30FF238DF81C3048
:10B370000023ADF8223002788DF81F20042A9CBFEC
:10B38000594B9B5CADF82030037A0193484623F07B
:10B39000F9FF00284AD0494604A823F0E8FFDAF86C
:10B3A0000030B3B1304626F03CFE238A0293019B65
:10B3B0002382834633469DF81F209DF91D10DAF83D
:10B3C000007004A8B847636913FA8BF3E360029B2B
:10B3D000238204AB0693454B1B68002B35D01A68BB
:10B3E00002B1083A53F8081CB9B11746A3F1080294
:10B3F0003046039226F015FE238A039A0293019B9E
:10B40000238212688346314606A890476269029BF0
:10B41000238212FA8BF2E2603A46B2B1976813685F
:10B420008FB1083F002BE3D13A46F7E76B78FF2B4B
:10B4300004D12F4904A824F013FBB0E7494624F0B7
:10B44000C5F90146F6E7002BD2D100230693294B1C
:10B45000BDF82010BFF35B8F1A68BFF35B8F100637
:10B46000C2F3C01B20D4CA071ED5022204A9584625
:10B4700001F072F80746B8B1BFF35B8F1D4B1B6834
:10B48000BFF35B8F5B0619D407F19600494624F0A1
:10B49000E7FA3846FEF7C0F8A8B93846062100F0AA
:10B4A00021FD384624F071FB297A3046013108F13C
:10B4B000FF3826F096FD5FFA88F82BE75846FFF72D
:10B4C00053FE0028E0D01F233B730021384600F0D4
:10B4D00009FD384624F059FB0020FFF7C9FEE3E7D9
:10B4E00070F006003C48060089F006003C79002018
:10B4F00032E306002402002044790020F8B53D4ED6
:10B50000BFF35B8F3368BFF35B8F13F0040F054607
:10B510000F4634466AD00278012A03D96FF0150429
:10B520002046F8BD43680F2BF8D80089031F9BB253
:10B5300043F6FC7C6345F1D869890B1F9BB26345D8
:10B54000ECD88842EAD38AB9BFF35B8F54E8000F86
:10B5500040F0800344E80032002AF7D1BFF35B8F4C
:10B5600010F0800007D06FF07704D9E724F059F984
:10B570000028E9D1D2E7BFF35B8F3368BFF35B8F5D
:10B580005A0609D5FFF7F0FD044628B16FF0800197
:10B59000184824F056FAC3E76B68DB0715D5BFF3EC
:10B5A0005B8F56E8003F43F4007346E80032002A00
:10B5B000F7D1BFF35B8FAB896BB10E486FF08001A1
:10B5C00024F03FFA6FF08504AAE76FF40071094890
:10B5D00024F037FAEFE76A8929892878FFF7F8FD20
:10B5E00004460028D2D1044B1F6099E76FF00A048B
:10B5F00096E700BF240200204479002008B50848DF
:10B600006FF0800124F01DFA030606D5054B0020DB
:10B610001860BDE80840FFF72BBE6FF0770008BD4B
:10B62000240200204479002000238360054B5968E0
:10B6300000F1080211B9C3E9002270470A605A609C
:10B64000704700BF3C79002008B50449402228F02B
:10B6500007FBB0FA80F0400908BD00BF1DF10600ED
:10B66000F0B5434B93F8A23003F00603062B87B0E6
:10B670000FD0404B0593022304933F48002304AAB4
:10B680004FF484516FF08505F9F78EF8284607B01E
:10B69000F0BD002869D0394E3268A2B1131F834231
:10B6A0000DD1374B0593022304933348002304AA9A
:10B6B0004FF48451F9F778F86FF07705E6E75B68A7
:10B6C0000BB1043BEBE742607268031D336002B9C3
:10B6D00073602C4CBFF35B8F54E8007F47F020036E
:10B6E00044E80032002AF7D1BFF35B8F17F0200740
:10B6F00001D00025CAE7BFF35B8F54E8003F23F079
:10B70000100344E80032002AF7D1BFF35B8F3A46BA
:10B71000394642F22500FDF76DFE05460028E8D0C7
:10B72000194B05930223049313483B4604AA4FF494
:10B730008251F9F739F8BFF35B8F54E8003F23F0EB
:10B74000200344E80032002AF7D1BFF35B8F34684E
:10B750003CB154F8043C043C0BB1002098476468A9
:10B76000F6E70023C6E9003390E76FF015058DE793
:10B770005001002096F00600FC4706004C7900209E
:10B78000B5F0060024020020D1F00600054BBFF3FF
:10B790005B8F1B680448BFF35B8F13F0100F08BF6B
:10B7A00000207047240200206CB20020F8B52A4E19
:10B7B00033688B4200AF044647D023B16FF00F04CB
:10B7C0002046BD46F8BD254BBFF35B8F1A68BFF31B
:10B7D0005B8F9206F2D4BFF35B8F1B68BFF35B8F66
:10B7E000DB0635D5316042F226004021FDF7BCFC76
:10B7F000054638B340210C3026F0CAFB234604F13D
:10B80000400253F8041B40F8041B9342F9D1002274
:10B81000294642F22600FDF7EDFD04460028CFD070
:10B8200000236D4688B033606A460D49C2E90514AD
:10B83000032142F8101F0B484FF4C451F8F7B4FF2E
:10B84000AD46BDE76FF06804EAE76FF07704B7E74D
:10B850006FF07C04B4E700BF487900202402002088
:10B86000FBF00600FC470600F8B51D4BC568BFF3AA
:10B870005B8F53E8002F22F0200243E800210029CB
:10B88000F7D1BFF35B8F2A78AAB916496A1C05F174
:10B89000410052F8044B41F8044B8242F9D1BFF306
:10B8A0005B8F53E8001F41F0100143E80012002AAB
:10B8B000F7D1BFF35B8F0C4E34686CB1094F043C79
:10B8C00023682BB12A78002A0CBF384600209847FD
:10B8D00064680CB1043CF3E70023C6E90033F8BD0B
:10B8E000240200206CB200204C79002005490B682E
:10B8F00033B1C26800200860117801B9501C1847A4
:10B90000704700BF4879002070B50B4B1D68044696
:10B9100025B90A4D0A4EB54207D370BD2B6813B145
:10B92000217B20469847ED69F2E72B6813B1217B14
:10B93000204698472035EEE7A47900205C470600B2
:10B940007C4706007FB5074B05930748022304AAEE
:10B950004FF48451049324F0CBF8002007B05DF835
:10B9600004FB00BF64F10600B44706002DE9F04176
:10B97000154F04464FF000084FF02002EFF31183FB
:10B9800082F31288BFF36F8F216A29B983F311887C
:10B99000BFF36F8FBDE8F081606A0A68226281425E
:10B9A00008BF626283F31188BFF36F8FD1E901563C
:10B9B000C1F80C80C1E90188384627F05DFB002200
:10B9C00031462046A847D7E7201A002070B5D1E9B4
:10B9D00001560022C1E901220446CA60054827F049
:10B9E0004BFB314620462B466FF06D02BDE87040A0
:10B9F000184700BF201A00202DE9F84FDFF8889182
:10BA00009846B9F80431002B00AF04460E4609F5FC
:10BA10008470154608BF0020002200231EF064FD3C
:10BA2000002840F0A880002D00F0848005F10C0A69
:10BA30005046B9F804B126F0F8FA584574D9B9F867
:10BA400004B156F80C1F5A46504626F0A7FA59463C
:10BA5000304626F0C6FA637BAE69072B40F088803B
:10BA60004FF02003EFF3118283F31288BFF36F8F3F
:10BA7000002E6AD000233360A369002B62D1C4E991
:10BA800005664FF0000B82F31188BFF36F8F04211E
:10BA900005F10C0026F09DFA238808F0FD0843EA22
:10BAA0000838A0F800802B8A043B438002232B76C1
:10BAB000284623F075FD804690B3EA4688B06A4672
:10BAC0002E4BC2E90530032342F8103F2C484FF4B7
:10BAD000C25124F00DF8D5464FF02003EFF3118842
:10BAE00083F31288BFF36F8F002E3BD0314604F1F1
:10BAF000140023F0BEFF88F31188BFF36F8F6FF03F
:10BB00000408B9F804311F48002B08BF00201EF0BC
:10BB1000C5FC2EB10023AB6131462046FFF756FF2E
:10BB20004046BD46BDE8F88F504626F07EFA1FFA23
:10BB300080FB86E70022002304F1380026F0E8F9B4
:10BB4000054688E71E60A6619BE7A36933B103F150
:10BB50000C0BDB680133CBF8003094E7E36904F1A8
:10BB60001C0BF7E7DBF80030013BCBF80030C2E7F5
:10BB70006FF07F08C5E76FF06808D1E765E706005A
:10BB8000B447060058020020500100200448B0F8D5
:10BB90000431002B00F5847008BF0020704700BFFF
:10BBA0005001002038B5002204468A4202D1002408
:10BBB000204638BD04F1C0030120BFF35B8F53E87A
:10BBC000005F002D04D143E8000CBCF1000FF6D15A
:10BBD000BFF35B8F02D0C8340244E6E7002CE6D006
:10BBE000C0220021204627F084FE04F158000449B9
:10BBF00027F022FB034904F1280027F0D9FAD7E700
:10BC00006DC80300F7FA05002DE9F04186B016462D
:10BC100000AF04460D46FFF7A9FE012E30D0022EDC
:10BC20006AD1236963B1404B4048C7E9046307F117
:10BC300010024FF4825123F05BFF204623F05EFF99
:10BC400025612169088A012830D9CB681B88043313
:10BC50009BB298422AD35FD96D4688B06A46344970
:10BC6000D3610423C2E9051042F8103F2F484FF476
:10BC7000015123F03DFF2046AD4623F03FFF15E084
:10BC8000206970B92B4B7B61022328483B6107F187
:10BC900010024FF4825123F02BFF204623F02EFF99
:10BCA00001E02E8A36B9284618F094F81837BD46B8
:10BCB000BDE8F0810C3026F0B8F9864212D91E4B4F
:10BCC0007B6102233B61194807F110024FF4825156
:10BCD00023F00EFF00222169204601F08BF800239B
:10BCE0002361E0E720692A8AE9680C3026F056F9DA
:10BCF000284618F06FF8A4E7E84688B06A460F4B6C
:10BD00000A48C2E90536032342F8103F4FF4C251F6
:10BD100023F0EEFEC546C0E7002323610122204642
:10BD200001F068F8C2E700BF8DF10600B4470600D5
:10BD30000DF20600AAF10600C8F10600EFF10600B8
:10BD40002DE9F04387B09946CB7A072B00AF064622
:10BD50000D46904616D86C4688B06A46314932483E
:10BD6000C2E905130823D361042342F8103F4FF4BE
:10BD7000015123F0BDFE6FF01500A5461C37BD46EE
:10BD8000BDE8F083437B072B0DD0284B7B6102235A
:10BD900025483B6107F110024FF4825123F0A8FEC1
:10BDA0006FF07F00EAE7002A36D027F0A9FF204B8A
:10BDB0001A58204B9A42204807BF002200234FF018
:10BDC000FF324FF0FF331EF035FB044630B3737B78
:10BDD000072B13D0194B7B6102233B61124807F1FB
:10BDE00010024FF4845123F083FE0023C4E9013391
:10BDF0001148E360214627F03FF9D1E7C0E9018906
:10BE00000023C360AC61002406F138002C7729467A
:10BE100026F080F82046B1E71446F3E76FF068009B
:10BE2000ACE700BF28F20600B44706004DF206005A
:10BE300008000000906E0020201A00205CF206002E
:10BE40002DE9F84F06462348234CDFF8949027F05D
:10BE500036FD204B00220121304627F006FD01254A
:10BE600000274FF0140AAB4604F1C00023F02BFE6C
:10BE700058B1637B8BB96FF04001201D23F014FE95
:10BE800043060AD5204623F042FE0137062F04F16F
:10BE9000C804E9D12846BDE8F88F637B072BF4D1AD
:10BEA000B9F80431002BF0D00AFB0568D9F810214D
:10BEB000A36B4BB142B9094B0221404627F0D5FC98
:10BEC000013588F80CB0E0E704F1380300220421C2
:10BED000F3E700BF1C0C0020C050002058020020D7
:10BEE000500100202DE9F041457B8D4200AF044612
:10BEF0000E4618D1082D96BF804B814B53F8253044
:10BF00006C4688B06A467F49C2E905134FF4007356
:10BF100093837D4B42F8103F4FF4E4517B4823F06C
:10BF2000E7FDA54691E0417365B1062D10D0637B16
:10BF3000082B00F2DD80DFE803F051128888888842
:10BF40009E3288008378082BF1D023F003FEEEE7C1
:10BF50008378012BEBD1583027F07CF9E7E76C4D63
:10BF60004FF0000805F584764FF02002EFF31183BF
:10BF700082F31288BFF36F8FE269002A00F093808A
:10BF8000013AE26183F31188BFF36F8FB5F8043192
:10BF9000002B14BF304600201EF080FAE4E7A3789F
:10BFA000042B52D004F1380027F03AF85948002108
:10BFB0001FF0E0F90023C4E91433E378012B44D1E6
:10BFC000A378012B04BF032384F8AC304FF4203254
:10BFD000002304F158001EF0CBFB36E0A378042BBD
:10BFE00003D1204623F0D1FD2FE0082D2DD801A349
:10BFF00053F825F05FC0030019C0030051C00300CF
:10C00000E3BF0300E3BF030051C0030051C00300BE
:10C010005FC003005FC003002046FFF7A7FCA378C2
:10C02000012B0AD104F15805284627F011F910F028
:10C030000C0F02D0284627F00DF94021201D23F0D7
:10C0400048FD344800211FF095F9BD46BDE8F08158
:10C05000237B002BC5D02046FFF756FCC1E76C467A
:10C0600088B06A462C4BC2E90536032342F8103FDC
:10C070004FF4C45152E7A378012BE6D1244B9D8A9B
:10C08000002DE2D00A235D434FF4004640F2E73032
:10C0900000214FF47A720023C5FB0601EAF73CFA4F
:10C0A00002460B4695E7616921B983F31188BFF316
:10C0B0006F8FCAE7A0690A686261814208BFA26106
:10C0C00083F31188BFF36F8F4FF02002EFF31183DA
:10C0D00082F31288BFF36F8FCA68E261C1F80C80E7
:10C0E00083F31188BFF36F8F2046FFF76FFC4DE796
:10C0F0006C4688B06A46094BB5E700BFCC720600B3
:10C1000082F206008CF2060003000001B44706002C
:10C11000500100201C0C00209DF20600B4F2060025
:10C12000F8B5024600AF05460E461048062123F03A
:10C1300047FD044618B900242046BD46F8BD837863
:10C140001E42F9D16E4688B06B46094A0948C3E9D8
:10C1500005251A46032342F8103F4FF4C45123F03B
:10C16000C7FC2046B54623F010FDE4E7C050002090
:10C17000D0F20600B44706002DE9F047DFF834A0FE
:10C1800006460F46904600254FF0C80909FB05A05A
:10C1900023F0E0FC044620B183781E4206D123F050
:10C1A000F4FC0135062DF1D1BDE8F0874146B847D2
:10C1B0002046F4E7C0500020034BC01A034BC010C8
:10C1C0005843C0B2704700BFC0500020295C8FC2E6
:10C1D00038B50D460849002808BF084625F093FEEB
:10C1E000044618B9BDE83840FFF7ACBB291D0C3038
:10C1F00025F0CAFE204638BD501A0020F8B5031DB0
:10C200000446184623F05FFC820512D5B4F89E2040
:10C21000B4F8A01091420CD8B4F8A210914208D3FF
:10C22000D4E92912914204D16FF40071184623F029
:10C230003BFC104B1D6825B90F4D104FBD420CD370
:10C24000F8BDEE683EB1B4F8A630B4F8A420B4F856
:10C250009E102046B047ED69EDE7EE683EB1B4F8B8
:10C26000A630B4F8A420B4F89E102046B04720357C
:10C27000E4E700BFA47900205C4706007C47060085
:10C28000F8B50D4B1D68044600F1BC0635B90B4DE1
:10C290000B4E04F1BC07B54207D3F8BDAB6913B12F
:10C2A000314620469847ED69F0E7AB6913B139464E
:10C2B000204698472035EEE7A47900205C47060029
:10C2C0007C4706002DE9F041074608460C4623F05E
:10C2D00046F9054618B900252846BDE8F081134BFC
:10C2E0001E6846B9124EDFF84C804645F4D2B3685A
:10C2F00083B92036F9E7B3680BB9F669F1E721464F
:10C30000384698470028E6D0204623F028F9002830
:10C31000F3D1E0E72146384698470028DBD0204695
:10C3200023F01DF90028E4D1D5E700BFA47900204F
:10C330005C4706007C4706002DE9F041C3780446BF
:10C3400073B900F19606104B1D6804F1880755B9C2
:10C350000E4D0F4F04F18808BD420CD3BDE8F081AB
:10C3600000F18F06EFE72B691BB13A4631462046B4
:10C370009847ED69EBE72B691BB1424631462046F1
:10C3800098472035E8E700BFA47900205C47060005
:10C390007C470600F8B5437A83720446154623F0BD
:10C3A000BBFD134B1E688EB9124E134FBE4215D300
:10C3B000E5B9637A012B19D9A378012B16D1207A1C
:10C3C00004F18801BDE8F84006F02ABF73691BB18B
:10C3D000617A2A4620469847F669E4E773691BB1FB
:10C3E000617A2A46204698472036DFE7F8BD00BF2D
:10C3F000A47900205C4706007C470600024B1A68BF
:10C40000C2611860704700BFA479002038B50546A6
:10C410000C460B480621FFF7C5FB80B10572236867
:10C42000C0F88830A388A0F88C30A37980F88E30CB
:10C430000123437283728370024BC0F8A03038BD71
:10C44000C0500020180028002DE9F0410F4E07468B
:10C4500088460025304623F07DFB044620B18378D2
:10C46000012B0AD023F091FB0135062D06F1C806F9
:10C47000F0D100242046BDE8F0814246394623F041
:10C480007AFC0028F6D12046ECE700BFC05000201F
:10C49000B0B500AF0D46FFF7D7FF044600B32846FE
:10C4A000FBF782FC637B082B96BF0E4A0E4B52F8BB
:10C4B00023306D468AB06A460C49C2E907030C4B2B
:10C4C00053620C4B0C48C2E9051442F8103F4FF47C
:10C4D000425123F00DFB2046AD4623F056FB0120D0
:10C4E000BD46B0BDCC72060082F20600E7F206003F
:10C4F0000103020405000002B447060038B50446F3
:10C50000144823F0E0FA400702D46FF00A0038BD67
:10C51000084623F024F810B96FF01500F7E70D482E
:10C5200023F0D1FA0206F0D40A4823F0CCFAC3046F
:10C53000C0F300350AD423F074F90028ECD021466A
:10C540002846FFF7A5FF0028E1D0E5E76FF0770068
:10C55000DDE700BF240200202DE9F047DFF850A0FE
:10C5600006460F46904600254FF0C80909FB05A076
:10C5700023F0F0FA044620B18378012B06D023F093
:10C5800004FB0135062DF1D100240DE037B13A4608
:10C59000314623F0F0FB08B92046F0E7637B4345C2
:10C5A000FAD1237AB342F7D12046BDE8F08700BF25
:10C5B000C050002010B583780B70C3784B70037A9D
:10C5C0008B70437B023BDBB2062B98BF284C0246A4
:10C5D0004FF000008CBF0346E35C81F8230081F834
:10C5E0002030537A81F82130104623F06AFB81F81D
:10C5F00022009378012B37D102F188038B60137AE4
:10C600001C48C3EBC30303444B60D47802F1960388
:10C6100002F18F0014B11C4603462046C1E9030312
:10C62000B2F89E308B82B2F8A430CB82B2F8A6303A
:10C630000B8302F1BC03CB61D2F8B8302BB15B7B2A
:10C64000D80644BF012381F82330D2F8B83013B1A3
:10C650005B7B9B0601D4002010BD91F8233043F092
:10C66000020381F82330F6E76FF01500F4E700BF0E
:10C670009FF30600500100202DE9F0410F461146BE
:10C68000054614469846FFF739FF0646002835D17F
:10C690002146284623F046FB0446002848D097E868
:10C6A0000F00254D05F1080C8CE80F00AB8A002B1C
:10C6B00008BF4FF49673AB822B8A03B9AB892B82E8
:10C6C0006B8A03B9EB8995F821216B8295F82031AB
:10C6D0009A4216D902212046FFF704FC0120FEF7FA
:10C6E000C7FD054640B120460021FFF7FBFB204671
:10C6F00023F04BFA2E4601E0C8F800403046BDE872
:10C70000F08106212046FFF7EDFB2046FCF784FF71
:10C7100005460028F0D00026314620462673FFF754
:10C72000E1FB204623F031FA3046FEF7A1FDE1E7B8
:10C730006FF00B06E2E700BF5001002070B506461F
:10C740002F4823F0C0F940070D4653D529B923F0EF
:10C7500068F840B96FF0150070BD084622F0FFFE82
:10C760000028F4D1F6E731460020FFF76DFE0446BD
:10C7700028B93146FFF74AFE044600283DD0201D67
:10C780003DB32B88A4F8A0306B88A4F8A230AB8806
:10C79000A4F8A430EB88A4F8A630012123F099F97D
:10C7A000C10702D4204623F0D5F9637B63B914484E
:10C7B00023F089F9430707D51DB102212046FFF771
:10C7C00091FB0020FEF754FD204623F0DEF9002007
:10C7D000C2E76FF0010123F067F9C207E5D52046F3
:10C7E00023F0D3F9637B022BDFD129462046FFF7E4
:10C7F00079FBDAE76FF00A00AEE76FF00B00ABE70A
:10C800002402002038B5044608460D4622F0A7FE53
:10C8100038B3154B93F8D830990707D4E37873B140
:10C8200029462046BDE8384000F022BB94F8AD30E0
:10C830009A07F3D5201D23F046F94305EED4294687
:10C84000204623F0F4FA58B92B88A4F8A0306B885E
:10C85000A4F8A230AB88A4F8A830EB88A4F8AA30DA
:10C8600038BD6FF01500FBE7500100202DE9F041C5
:10C8700082B010F84B3C00AF0446A0F158050BBB4A
:10C88000284623F031FB344B1E685EB9334EDFF887
:10C89000E48046450ED3284623F077F90837BD4695
:10C8A000BDE8F08173681BB114F84C1C284698470A
:10C8B000F669EAE773681BB114F84C1C28469847E0
:10C8C0002036E6E710F8563C012BE7D110F8553C2E
:10C8D00013B9FCF7FDFEE1E7A0F154066FF4007117
:10C8E000304623F0E1F8810522D5A36C3B60236D2F
:10C8F0007B6039462846FFF785FF48B96FF48071A1
:10C90000304623F0D1F88021304623F0E2F8C5E725
:10C910006C4688B06A46124BC2E90530032342F8E0
:10C92000103F10484FF4C45123F0E2F8A546EAE75F
:10C930000D4A0E4B3946C7E900232846FFF762FF30
:10C9400028B94FF48071304623F0C3F8DBE76C461A
:10C9500088B06A46064BDFE7A47900205C470600F2
:10C9600020F30600B447060006000C001E009001EC
:10C9700045F306007C47060001460148FFF728BC46
:10C98000A81A00202DE9F047437B05465BB96FF0FC
:10C990004001043023F088F8430604D52846BDE85A
:10C9A000F04723F0B4B805F1380026F07AFB0446CE
:10C9B00060B9354A354936484FF4667320F088FA35
:10C9C000404080F311884FF0030002DF204625F03D
:10C9D000A3FADFF8C090028AB9F804319A420446FB
:10C9E000027F07D832B9022321462846FFF704F810
:10C9F000064632E017464FF0000A228AB9F80431A1
:10CA00009A4204D80123237700220323ECE74FF056
:10CA1000FF334FF0FF320020FFF7AEFF6B7B072B99
:10CA2000804606D017F0D6F92046BDE8F04717F04B
:10CA3000D1B9C0F818A080F81CA0637F43770246E4
:10CA40003B4621462846FEF7D7FF0646B8B107F019
:10CA500001072777404617F0BDF9204617F0BAF9CD
:10CA600005360ED1A6690023A361204617F0B2F95E
:10CA70003EB131462846BDE8F047FEF7A7BF012783
:10CA8000BBE7BDE8F08700BF6FF306003602070082
:10CA90002DE70600500100200B4B58B11A6862B90F
:10CAA00042693AB942685AB982684AB9C2683AB921
:10CAB00082692AB91860002070476FF077007047CC
:10CAC0006FF01500704700BFB079002068B10023F7
:10CAD000C360074B596800F10C0219B9C3E9002281
:10CAE000002070470A605A60FAE76FF0150070473F
:10CAF000A8790020F8B51948194D184E26F090FA7B
:10CB0000002429463046013426F0B6FA052C05F1FA
:10CB10001005F6D101F0CAF906F0D2F80546D0B9F1
:10CB200023F065FA0F4F2E46384623F013F80446DB
:10CB300060B1043022F0C7FFC30704D5257202217B
:10CB40002046FFF7CFF9204623F01FF80136062EC6
:10CB500007F1C807E8D12846F8BD00BF201A002019
:10CB600054790020C050002080B500AF88B06A46DC
:10CB7000064BC2E90530032342F8103F04484FF446
:10CB8000C25123F07DF90020BD4680BD12F406009D
:10CB90002C48060080B500AF88B06A46074BC2E952
:10CBA0000530032342F8103F05484FF4C25123F0EB
:10CBB00067F96FF00B00BD4680BD00BF3AF4060078
:10CBC0002C48060070B40A4D0023302606FB03F201
:10CBD0005419AA582AB10133062BF7D170BCFFF7BC
:10CBE000D9BF044B636010460C6070BC704700BF37
:10CBF000B479002010730600F7B5244D244F044685
:10CC00000026BD4201D303B0F0BD6B6801A92046E8
:10CC10009847002834DB019B2A889A829A8403F182
:10CC20001002A868BFF35B8F52E8001F42E8006C57
:10CC3000BCF1000FF8D1BFF35B8F9E60616D03F113
:10CC40000802F9B9C4E914221C60D860019843684D
:10CC50001B6803B19847019BBFF35B8F103353E808
:10CC6000001F41F0010143E80012002AF7D1BFF391
:10CC70005B8F01984368DB6913B100F1100198479D
:10CC80000C35BEE70A606265DEE700BF3847060084
:10CC90005C4706002DE9F04188B00B8A032B02AFF8
:10CCA00006460D460BD84B4B7B6102233B6107F1D7
:10CCB00010024FF48251484823F0E2F819E00421B1
:10CCC00005F10C0025F095F943880446288A98421E
:10CCD00014D06C4688B002AA4049D3610423C2E94B
:10CCE000051042F8103F3C484FF4015123F0C8F8BA
:10CCF000A54600201837BD46BDE8F081617809B926
:10CD0000374BD1E72378122B19D0132B13D0012BDB
:10CD1000EFD06D4688B002AA32492F48C2E9051308
:10CD200003234FF4C45142F8103F23F0A9F8AD4655
:10CD3000617830681BE00128DBD82B4BB4E707286B
:10CD40003468EA6801D8294BAEE7637B072B08D02B
:10CD5000274B7B6102233B6107F110024FF48451A2
:10CD6000A9E794F80380B8F1000F03D0204623F020
:10CD70000CF9BEE713883B8053887B809388BB8087
:10CD8000D388FB800222132023F07DF8054600287B
:10CD9000AFD039462046FFF795FA0221064605F145
:10CDA0000C0025F0F5F886F00103DBB203802A467B
:10CDB000CDF8008043460521204623F0CDF810B180
:10CDC000284617F007F8002E93D03946204623F066
:10CDD0002EF88EE761F406002C4806007FF406006A
:10CDE000A0F406000EF50600C1F40600DDF406000E
:10CDF00000F50600B0B586B00B8A032B00AF0546E0
:10CE00000C4610D8174B7B611748022307F110021C
:10CE10004FF482513B6123F033F8204616F0DAFFDD
:10CE20001837BD46B0BD042104F10C0025F0E1F82F
:10CE30004188284623F0D1F878B96D4688B06A4613
:10CE40000A4B0948C2E90531032342F8103F4FF469
:10CE5000C45123F015F8AD46DFE7436821465B690E
:10CE60009847DAE736F506002C48060053F5060029
:10CE700073B5174B0E4619780131C9B2012938BF75
:10CE80000121054608221220197022F0FCFF0446F9
:10CE9000D0B108210C3025F07BF8338803807388EB
:10CEA0004380B3888380F388C3800023284600939F
:10CEB0002246052123F050F8054610B1204616F011
:10CEC00089FF284602B070BD6FF00B05F9E700BF7F
:10CED000ACB2002023281FD81A2804D8431E182BD0
:10CEE0000ED906207047A0F11B03082B1ED8DFE8DF
:10CEF00003F0051D1B231D19251D05000320704788
:10CF00000F4A012383401A40C2B90E4A1A40002A30
:10CF100014BF01200620704700F07F03522B05D17B
:10CF200000207047012070470520704710F0400F27
:10CF30000CBF062000207047042070470220704775
:10CF4000AAAA8A0254554501011F014825F0A8BF2D
:10CF50006417002010B5044678B10B4B98420CD3EF
:10CF60006433984209D20021142226F0C2FC2146E3
:10CF70000648BDE8104026F07FB820461422BDE8E0
:10CF80001040002126F0B5BCD47A0020081A0020F9
:10CF90002DE9F04F93B0166802AF73687B600025EF
:10CFA00042F6010381468846006887F82C50FB85CD
:10CFB00007F12C01144622F07EF900287ED04FF4B0
:10CFC0002053D9F8000087F82C50FB8507F12C017D
:10CFD00022F071F940B1A36823B15A88424501D2C9
:10CFE000A3F8028001200EE06168084623F00AF8E9
:10CFF000728D738B9A4294BFC0EB0200C0EB0300AA
:10D00000032804D800204437BD46BDE8F08F084609
:10D0100024F086FF0546606822F0F4FF728D738B62
:10D0200005F10C0A9A4294BFC0EB020BC0EB030B54
:10D03000504624F0FAFF834543D2606822F0E2FFB5
:10D04000728D738B9A4294BFC0EB0200C0EB030059
:10D0500070B96368987A16F00FFE0022002324F05E
:10D0600052FF05460028CDD00146606824F069FFD4
:10D0700000230093D9F804607868102307F10802B0
:10D080004946B047061E19DB227CE068B2423FD019
:10D09000014607F12C0022F03CF9B0B96D4688B08A
:10D0A000237C02AA1D49C2E90513032342F8103F5D
:10D0B0001B484FF4C45123F0B3F8AD460023A360DE
:10D0C00090E7504624F0B1FFC2E7F2B207F1080141
:10D0D00007F1180022F01DF930B96D4688B002AA98
:10D0E000104BC2E90536E0E707F1180107F12C0003
:10D0F00022F0E1F80028E1D100236374042105F156
:10D100000C0024F045FFA060A0F80080A36867E74A
:10D1100007F1080126F0A4FDECE700BF8FF506003B
:10D12000AC470600AEF506007FB5064B05930648F2
:10D13000022304AA4FF48251049323F071F807B03C
:10D140005DF804FBCDF50600AC4706007FB5437BD8
:10D15000072B0DD0124B05930223049304AA4FF41E
:10D160008451104823F05CF8002007B05DF804FB00
:10D17000042122F032FF38B90B4B059302230493AC
:10D1800004AA4FF48251ECE7BFF35B8F036BBFF34C
:10D190005B8F5B0701D4054BEFE750F8040CE4E725
:10D1A00000F50600AC470600F7F5060012F606008B
:10D1B0002DE9FF4105460E464FF000084FF420537D
:10D1C000006817688DF8088002A91446ADF80A3087
:10D1D00022F071F8A0B142F6010328688DF80C80A6
:10D1E00003A9ADF80E3022F066F848B123691BB1EF
:10D1F0005A88B24200D25E80012004B0BDE8F081BE
:10D200006168286822F057F810B100232361F3E722
:10D21000E368A0681A786AB1B7F81AC0798D038AF2
:10D220008C4594BFC3EB0C03C3EB0103934201DABB
:10D230000020E2E704210C3024F0AAFE20610680E1
:10D2400023695E80074B00930194A268002329465E
:10D25000384622F0E8FF0028EADB2069003818BFD2
:10D260000120CAE7490106002DE9F04786B0531CAA
:10D270008A46428B418D914228BF11468B4200AFB6
:10D28000064615D96C4688B06A463E48D3610423E9
:10D29000C2E9050142F8103F4FF402513A4822F02A
:10D2A000BFFFA546002420461837BD46BDE8F087DD
:10D2B0005046FFF70FFE022814D004283DD04FF04F
:10D2C000FF384FF0FF39002142464B46084622F016
:10D2D00040FE0446B0BB6C4688B06A462B4BC2E9A0
:10D2E000053A0DE0BAF10F0F27D0BAF1210F24D083
:10D2F000B36D5BB16C4688B06A46254BC2E9053612
:10D30000032342F8103F4FF4C251C7E7706D24F079
:10D3100003FE044624F0F2FD082104F10C0006F19E
:10D32000580524F031FE2E600121A56104F10C00A6
:10D3300024F02EFE80F800A0B5E74FF470284FF0DF
:10D340000009C0E726F0DCFC124B1A58124B9A4237
:10D35000124807BF0022002342464B461DF06AF8E0
:10D3600005460028DFD10E4B7B610748022307F1F9
:10D3700010024FF484513B6122F052FF204616F018
:10D3800029FD8FE72CF60600AC47060012F40600D4
:10D3900051F6060008000000906E0020081A0020D8
:10D3A00079F606002DE9F7431768054688460068B8
:10D3B00051687E68144621F07EFF8146002842D1E4
:10D3C00030469522294623F03EFE0646207540B1A0
:10D3D000E3681B780BB184F81490002003B0BDE81B
:10D3E000F083A06824F09CFD02210C3024F0D0FDD5
:10D3F000164B2061A0F8008000930194A268334688
:10D400002946384622F00FFF002807DA10F1FF0FF7
:10D4100026BF4042C0B20E202075DEE72369002BF4
:10D42000DBD0A06822F0EEFD7B8D7A8B9A4294BF10
:10D43000C0EB0200C0EB0300E3681B78984294BF86
:10D4400000200120CAE70120C8E700BF1500060040
:10D450002DE9F04182B000AF04460E463E4800225E
:10D46000002339461CF09CFD0546A8B16D4688B0E6
:10D470006A463A4B3A48C2E90534032342F8103F62
:10D480004FF4C25122F0CCFEAD466FF00B0528469A
:10D490000837BD46BDE8F08126F032FC314BD7F8A5
:10D4A00000801A58304B29461A6008F104002822DF
:10D4B00026F01FFAC8F800403C682C487D60C4E99B
:10D4C0000155C4E9095500220023391D1CF068FDEF
:10D4D000054680B123686C4688B06A4624492048D6
:10D4E000C2E90513032342F8103F4FF4C45122F060
:10D4F00097FEA546C9E77B680146A822184626F094
:10D50000F8F91C4A82603C3025F08AFD7B68BFF345
:10D510005B8F343353E8002F43E800510029F9D1E1
:10D52000BFF35B8F7B681C60636AD7F804801BB90C
:10D5300004F10C0025F074FD626AC8F8A020A26A0C
:10D5400008F1A003636202B9A3627B6817225A85BF
:10D550005A83043333609AE74817002098F6060090
:10D56000AC47060008000000387B0020641700204C
:10D57000BDF606002C0C00202DE9F047D1F81880EC
:10D58000CB68D8F80090BFF35B8F426BBFF35B8F23
:10D59000520788B006460C460FD42F4B07932F48EE
:10D5A000022306AA4FF482516FF01505069322F06C
:10D5B00037FE284608B0BDE8F0871B78D22B16D17D
:10D5C0000368186824F074FA054680B1244B079369
:10D5D00006AA02234FF482512048069322F020FE2F
:10D5E000A069FFF7B7FC204616F0F4FBE1E704F171
:10D5F0000C0024F016FDB4F810A0C8F800603368E1
:10D600001D68E36807461878FFF764FC052896BF95
:10D61000144B154B53F82030CDF800802846224695
:10D62000042122F099FC05460028C2D010F1690FB0
:10D6300009D10E4B07930948022306AA4FF48251E1
:10D64000069322F0EDFD6369A4F810A013FA87F7A2
:10D65000E760C8F80090ACE712F60600AC47060099
:10D66000E2F6060038730600FB060600F5F6060033
:10D6700010B500F130030446BFF35B8F53E8001F81
:10D6800041F0040143E80012002AF7D1BFF35B8F99
:10D69000201F22F0EAFC04F16C00044925F0CCFDC7
:10D6A0002068BDE8104002F07DBF00BF19E1030013
:10D6B0002DE9F04F87B00B8AD0F8008000AF044608
:10D6C0000D467BB9534B7B61022353483B6107F105
:10D6D00010024FF4825122F0A3FD00201C37BD46FA
:10D6E000BDE8F08F012105F10C0024F082FC98F8D0
:10D6F0000D30072B0646F0D154F8043C002BECD03B
:10D700000278DFF828A1A4F1040800231AF83310E6
:10D7100091424FEAC30B0AEBC30920D1284624F0FB
:10D72000FBFB99F802902065B9F1010F3CD1002173
:10D7300004F1300022F09FFF002840D0374B7B617E
:10D74000022335483B6107F110024FF4845122F067
:10D7500067FD206D16F03EFB00232365BDE7013316
:10D760001E2BD3D1284624F0D7FB6D46206588B008
:10D7700033786A462A492848C2E9051303234FF43F
:10D78000C45142F8103F22F04BFD3178AD460846B7
:10D79000FFF7A0FB0028DCD00528DAD00623002202
:10D7A000404622F047FFD4E7B9F1050F07D1012128
:10D7B00004F1300022F05FFF08B11A4BBFE7DA44F2
:10D7C0002B8A9AF801209A4216D9E94688B0317816
:10D7D0006A461548D1610425C2E905034FF4015199
:10D7E00042F8105F0C4822F01BFD9AF80230012B22
:10D7F000CD46AED12B460AE0DAF804302946404641
:10D800009847B9F1010F0346A3D10028A1D0317880
:10D810000022C5E718F70600AC4706004DF70600E2
:10D8200033F7060069F7060088F706005073060014
:10D83000F0B51D4603680E46003987B0044618BF90
:10D8400001211868174623F0A5FD48B9052104F108
:10D85000340022F010FF002846D0002007B0F0BDB1
:10D86000002D43D018220021684626F042F857BB0D
:10D8700023681F4A1B6800930023ADF812300C9BED
:10D880000393BDF83430ADF8103001238DF8143017
:10D8900029466B4628468DF8086022F04AFC9DF820
:10D8A0001430D3B1002FD8D0019B9869FFF752FBF9
:10D8B000019816F08FFA9DF814302A46314620461A
:10D8C00022F0B8FEC9E7002239462046FFF7CCFC1B
:10D8D00001900028CCD11120C0E701990029BCD0CB
:10D8E000204622F07FFEB8E71220B7E70120B5E717
:10D8F000D10006002DE9F04100AF88461646FFF73B
:10D9000025FC00B3436A18461BB150F8A03903B197
:10D91000A03B741C214638B1428B458DAA4228BFDA
:10D920002A46A24211D2BBB96D4688B06A460E4B58
:10D930000E48C2E90534032342F8103F4FF4C451A6
:10D9400022F06EFCAD46002003E032464146FFF770
:10D950008BFCBD46BDE8F081D3F8A05005B1A03DD9
:10D9600018460C462B46D7E7A7F70600AC4706003B
:10D97000F8B5458D468BB54202F1010428BF354606
:10D98000AC4200AF13D96E468AB06A4609490523F6
:10D99000C2E90510C2E90754074842F8103F4FF4A6
:10D9A000225122F03DFC0020B546BD46F8BDFFF7F0
:10D9B0005BFCFAE7C2F70600AC4706002DE9F04130
:10D9C0000E8A043EF6B2022E04468CB0084601D000
:10D9D000102E6BD104210C3024F00BFB0DF1080844
:10D9E00005884788011D3246404621F092FC0028F8
:10D9F0005ED0002D39D00026002F35D0BD4234D85E
:10DA00004FF4205301A940468DF80460ADF806306C
:10DA100021F051FC68BB1422002107A825F069FF02
:10DA2000012211212046FFF7A3FF099000283BD0D7
:10DA300001210C30CDE9074824F0AAFA00230A900E
:10DA40001C4A037039460B93284607AB22F071FB42
:10DA50000A9B1B781BBB099B9869FFF77BFA099807
:10DA600016F0B8F90A2301E03D4601232A461021A9
:10DA70000EE042F6010307A940468DF81C60ADF8A0
:10DA80001E3021F018FC0028C5D010232A46194664
:10DA9000204622F0CFFD00200CB0BDE8F0810999AE
:10DAA000204622F09FFDF6E71120F5E70420F3E77A
:10DAB0000E20F1E7B1D103002DE9F043036885B0F2
:10DAC00004460D461868012123F064FC50B9052175
:10DAD00004F1340022F0CFFD00283BD1122005B024
:10DAE000BDE8F08310220021684625F002FF0022E5
:10DAF00021212046FFF73CFF029068B3DFF85C90DD
:10DB0000009405F10C074FF001082B8A012B04D873
:10DB10000299204622F066FD1CE0384624F079FA8E
:10DB20006B464A46014606468DF80C8022F001FB02
:10DB30009DF80C30002BE8D0029B9869FFF70AFA99
:10DB4000029816F047F99DF80C3032462021204605
:10DB500022F070FD0020C2E71120C0E70F0406008C
:10DB60002DE9F043036885B004460D46186801218D
:10DB700023F010FC50B9052104F1340022F07BFDA4
:10DB800000283BD1122005B0BDE8F083102200210F
:10DB9000684625F0AEFE00220F212046FFF7E8FE82
:10DBA000029068B3DFF85C90009405F10C074FF029
:10DBB00001082B8A012B04D80299204622F012FD7D
:10DBC0001CE0384624F025FA6B464A4601460646D4
:10DBD0008DF80C8022F0ADFA9DF80C30002BE8D0C7
:10DBE000029B9869FFF7B6F9029816F0F3F89DF8D2
:10DBF0000C3032460E21204622F01CFD0020C2E7E8
:10DC00001120C0E7C9030600F0B51D46036885B0C2
:10DC100004460E4618680121174623F0BBFB40B9A5
:10DC2000052104F1340022F026FD70BB122005B05E
:10DC3000F0BD8DB310220021684625F05AFE002267
:10DC400039462046FFF794FE029038B3BDF82830DD
:10DC5000ADF8043001238DF80C30114A00946B4666
:10DC60002946284622F065FA9DF80C307BB1029BCC
:10DC70009869FFF76FF9029816F0ACF89DF80C3030
:10DC80002A463146204622F0D5FC0020CFE70299F3
:10DC9000204622F0A7FCF8E70120C8E71120C6E7DC
:10DCA000C90306002DE9F0410D8A043DEDB2022DB5
:10DCB00004468CB0084601D0102D50D104210C3000
:10DCC00024F097F90DF1040806884788011D2A46BB
:10DCD000404621F01EFB002843D096B187B1B742E1
:10DCE0000FD3182200210DEB020025F002FE0122C5
:10DCF00009212046FFF73CFE089060B9112007E09B
:10DD00003E46012332460821204622F093FC0020A3
:10DD10000CB0BDE8F08101210C30CDE9064824F0BB
:10DD200037F90023099003700A238DF82C300E4A2E
:10DD300006AB3946304622F0FCF99DF82C304BB149
:10DD4000089B9869FFF706F9089816F043F89DF8C4
:10DD50002C30D7E70899204622F044FCD7E704206E
:10DD6000D6E70E20D4E700BFA5D303002DE9F0438A
:10DD70000F4687B00446062107F10C0024F039F95C
:10DD80000588B0F802808288D7F80C90C5B10023CE
:10DD9000B8F1000F13D0454512D88DF800308DF83A
:10DDA000043001A94FF420536846ADF80220ADF8C5
:10DDB000063021F080FA064660B10A2301E04546AC
:10DDC00001232A460621204622F034FC002007B019
:10DDD000BDE8F0830146142201A83F7C25F089FDAF
:10DDE000324607212046FFF7C3FD0290F8B10A230F
:10DDF0008DF815300F4A019401AB41462846CDE914
:10DE000003698DF8147022F094F99DF815304BB128
:10DE1000029B9869FFF79EF8029815F0DBFF9DF8CA
:10DE20001530CEE70299204622F0DCFBCEE7112028
:10DE3000CDE700BF91CF03007FB5CB681D885E881A
:10DE400004468DB17EB1B5420ED81022002168463D
:10DE500025F04FFD002205212046FFF789FD0190A6
:10DE600058B9112007E0354601232A4604212046EF
:10DE700022F0E0FB002004B070BD6B460A4A00941B
:10DE80003146284622F055F9029B43B9019B986917
:10DE9000FFF760F8019815F09DFF0A23E5E7019967
:10DEA000204622F09FFBE5E76901060070B50948AE
:10DEB000094D084E25F0B4F80024294630460134B7
:10DEC00025F0DAF8052C05F11405F6D1BDE870400F
:10DED00001F03AB8081A0020D47A002013B50B4696
:10DEE000002101910E49024625F00AFF0C680D49F8
:10DEF00009580D488C4208BF002201A908BF1346EB
:10DF00001CF04EF8014640B9019B1C22184625F032
:10DF1000F0FC0346184602B010BD0023FAE700BF2C
:10DF2000387B0020080000009C17002010B5836893
:10DF300004463BB19869FFF70DF8A06815F04AFF59
:10DF40000023A36021460248BDE8104024F0A8BF8A
:10DF50009C1700202DE9F047044688B070300E462B
:10DF600017461D4625F076F9A06B80B9194B07932B
:10DF70001948022306AA4FF48451069322F050F95F
:10DF8000206822F0BBFA002008B0BDE8F087134BF0
:10DF900098424FF0000802D1C4F83880F0E7D0F87A
:10DFA0000490C0F80480A06BD0F818A0FFF7BEFF63
:10DFB0002068C4F8388022F0A1FAB9F1000FE2D04D
:10DFC0002068CDF800A000683B4632462946C84785
:10DFD000D9E700BFF1F70600AC4706003C7B002004
:10DFE00010B5836BCA68044623B117498B4201D030
:10DFF000D3783BB9002220460E23BDE810401146DD
:10E00000FFF7A8BF052B406806D00F2B0ED1437A2F
:10E01000012B0BD8022107E0437A012BFAD9022BFE
:10E020000FD0032B02D1042121F053FE04F1700024
:10E0300025F010F9A26B137C43F001031374002048
:10E0400010BD0321F0E700BF3C7B00202DE9F34128
:10E0500050F8044C0546002C59D000F19C0104F105
:10E06000240022F087F92F1F05F138080022002331
:10E07000404623F04DFF064640BB6B6B2BB102467A
:10E0800001460E233846FFF765FF002345F8043CA0
:10E09000022105F1300022F086F9636A002B36D1A7
:10E0A00004F10C0700220023384623F031FF064616
:10E0B00098B96668C6B917482660214624F0F0FE74
:10E0C000286802B0BDE8F04102F0D8BBB069FEF7A5
:10E0D00041FF304615F07EFEC8E7B069FEF73AFF13
:10E0E000304615F077FEDDE7A2683368636096423C
:10E0F00008BFA360776837B1B36900930023206835
:10E100001A460E21B8473046FFF710FFD1E702B09C
:10E11000BDE8F081481700202DE9F04192B050F899
:10E12000703C06AF0646186821F045FE03780446A9
:10E130003D1D032B3AD8DFE803F0023335371E4983
:10E140002846E8F75DFBA379059562780492A278EA
:10E150000392E2780292227901926279009207F1A9
:10E160001008164A1E2140461DF052F96C4688B030
:10E1700006AA134B1348C2E905384FF40073938382
:10E18000114B42F8103F4FF4E25122F049F8A6F14A
:10E190006C00A546FFF75AFF3037BD46BDE8F08159
:10E1A0000A49CDE70A49CBE70A49C9E70A4A0A21E1
:10E1B00028461DF02DF9C6E7329606005496060053
:10E1C00008F80600AC470600030000013996060077
:10E1D000409606004A960600FE9F060010B50C46C3
:10E1E00020B319B3FEF7B2FF00B3436AC3B153F8CB
:10E1F000A02902B1A03A996B8C420AD082B1134691
:10E20000D2F8A020002AF6D0996B8C42A2F1A0028D
:10E21000F5D1074A9A632046BDE81040FFF786BE55
:10E220000430214622F0A6F82046F5E710BD00BFD5
:10E230003C7B0020F8B50B4D06460F46002415F830
:10E24000013CB34207D12946384622F081FC10B187
:10E2500005482044F8BD1034D02C05F11005EED14E
:10E260000020F7E7E97B0020E87B0020F8B50B4DA4
:10E2700006460F46002415F8013CB34204D1294656
:10E28000384622F065FC30B90C349C2C05F10C05A5
:10E29000F1D10020F8BD02482044FBE77155002071
:10E2A00070550020F8B50B4D06460F46002415F8B2
:10E2B000013CB34207D13946284622F049FC10B14F
:10E2C00005482044F8BD0C349C2C05F10C05EED11A
:10E2D0000020F7E771AF002070AF00202DE9F0417A
:10E2E0000D4CDFF83880054600262746621C6DB9C4
:10E2F0004146104622F02CFC28B901360D2E04F1BF
:10E300001004F2D100273846BDE8F0812178284674
:10E3100021F031FDF0E700BFE87B002032E306008A
:10E32000F8B50C4F06464C1C01F13D056EB114F8D2
:10E33000011C2246304621F01EFD08B1601EF8BDCA
:10E340000A34AC42F2D10020F9E73946204622F0E7
:10E35000FFFBF2E732E306002DE9F0410D4CDFF858
:10E360003880054600262746621C6DB94146104696
:10E3700022F0EEFB28B901360D2E04F11004F2D183
:10E3800000273846BDE8F0812178284621F0F3FCCB
:10E39000F0E700BFC47C002032E306002DE9F04125
:10E3A00006460F46904621F000F950B339463046F4
:10E3B000FFF75CFF054678B9134A0446104622F081
:10E3C00007FCC0B90C225443104A601C3946104463
:10E3D00022F072FC1655A518012101FA08F105F189
:10E3E000080022F0D7FBBDE8F04109484FF4004295
:10E3F00000231CF0F1B901340D2C02F10C02DDD127
:10E40000EAE7BDE8F08100BF785500207055002094
:10E410001056002038B50C4619466BB103F12005A3
:10E420001B6A8AB9E268A360954200D1E3600023C9
:10E430000D680B621A46A847A3685BB9601C0649C1
:10E44000BDE8384022F038BC1360E3689D4208BF45
:10E45000E260ECE738BD00BF32E3060070B5204B48
:10E46000144682689A420FD1A568C66875B92279A8
:10E470002168304622F074FB024628B11949013068
:10E4800022F01AFC15701581012070BDE06800288B
:10E49000FBD02B888B420AD0F6D2E068A368013803
:10E4A0000433E0600038A36018BF0120EDE7256861
:10E4B00022792946304622F053FB024660B90949C9
:10E4C000304622F04DFB02460028E6D029460130B6
:10E4D00022F0F2FB23791370A3685B881381DCE7D9
:10E4E000C1EA030032E306001FB519461046074B88
:10E4F000074ACDE9022308230093BDF818206B4496
:10E5000022F0E6FB05B05DF804FB00BF1E009001A1
:10E5100006000C007FB5074B05930748022304AAA9
:10E520004FF48251049322F05BFC6FF0150007B0AA
:10E530005DF804FB29F80600044806002DE9F043C5
:10E540008BB00E4600AF90469946044688B9434BBF
:10E550007B62022342483B6207F120024FF4825162
:10E5600022F03EFC6FF0150528462C37BD46BDE86D
:10E57000F08307F1080120F078FE054690B16D4662
:10E5800088B06A46374B3648C2E905344FF4007309
:10E590009383354B42F8103F4FF4E25122F020FCB8
:10E5A000AD46DFE7391D20461FF0B7FB7868A0B104
:10E5B0000A2229461CF0CEFF78B16C4688B06A4624
:10E5C0002A4BC2E90530032342F8103F24484FF498
:10E5D000C25122F005FCA546C4E707F1080100205E
:10E5E000FFF760FE044698BB002EBDD02049FFF720
:10E5F00059FE044668B91F4B7B62022318483B62F0
:10E6000007F120024FF4825122F0EAFB6FF00B0574
:10E61000AAE7002300F8013B07F1080122F04CFBB8
:10E6200004F1080104224846C047041E9CDA6D46E6
:10E6300088B06A46104B0A48C2E90534032342F801
:10E64000103F4FF4C25122F0CBFBAD4625468BE77D
:10E65000002EE5D106604660866085E7D2E30600BD
:10E660000448060035F806000300000151F80600D2
:10E6700032E306006CF806008EF80600B0B500AF75
:10E68000FFF710FE0446B8B1014611F8010BF9F787
:10E69000DBFE70B16D4688B06A46094BC2E90530B1
:10E6A000032342F8103F07484FF4C25122F098FB71
:10E6B000AD46204622F007FB0020BD46B0BD00BF9E
:10E6C000AFF8060004480600B0B500F1880504461E
:10E6D0002946007A00AF20F068FF03462946207AD9
:10E6E0009BB1FFF7CBFF70B16C4688B06A460A4B0E
:10E6F000C2E90530032342F8103F08484FF4C251E5
:10E7000022F06EFBA546BD46B0BDFFF7CBFD00284D
:10E71000F9D022F0D8FAF6E7CCF806000448060053
:10E7200098B50146024600AF11F8010B04230832E8
:10E73000F9F77CFE70B16C4688B06A46064BC2E9B8
:10E740000530032342F8103F04484FF4C25122F031
:10E7500047FBA546BD4698BDE2F806000448060002
:10E760002DE9F04186B080460F4616461D46FFF75C
:10E7700099FD0446B0B91949FFF794FD044660B904
:10E78000174B05931748022304AA4FF482510493B0
:10E7900022F026FB06B0BDE8F08100F8018B394677
:10E7A00022F08AFA228963897AB983B92681658140
:10E7B000214611F8010B20F0F8FE0028EAD020468F
:10E7C00006B0BDE8F041FFF7ABBF964202D39D42D1
:10E7D000EDD8DFE79D422681EAD9E8E732E306007B
:10E7E000FEF8060004480600F0B587B00E460C9C03
:10E7F00005466FF0040104F11C0022F0DAF926B39B
:10E800002846FFF7A9FD0146002839D0836853B197
:10E810001868002204F1200C2BB163450DD123466A
:10E820002846FFF7F7FD6768CFB1224631462846F4
:10E830003B4607B0BDE8F040184720B107681A46CC
:10E8400003463846E8E70746F9E7238B002BEAD171
:10E8500027683346324621462846B847E3E7A3688F
:10E8600073B1084B0848059304AA02234FF484515E
:10E87000049322F0B5FA3A46A36831462846D8E711
:10E8800007B0F0BD1DF906000448060098B50B4816
:10E8900000AF1021F9F704FE70B16C4688B06A46EB
:10E8A000074BC2E90530032342F8103F05484FF4F7
:10E8B000C25122F095FAA546BD4698BD40560020AB
:10E8C00054F9060004480600B0B50E49144600AFDE
:10E8D00010221846A047041E11DA6D4688B06A4619
:10E8E000094B0A48C2E90534032342F8103F4FF4AC
:10E8F000C25122F075FAAD462046BD46B0BD002497
:10E90000FAE700BF505600208EF8060004480600C3
:10E9100008B513468168074A914209D11A791968E6
:10E92000C06822F01DF918B1002303604360038121
:10E93000012008BDC1EA030070B50B4B1646826882
:10E940009A420ED1C5686C1C3D353168204622F0D4
:10E95000FFF818B17168204622F0AEF90A34AC42D3
:10E96000F3D1012070BD00BFC1EA030038B50C4BE4
:10E97000144682689A420D460FD122792168C068F8
:10E9800022F0EEF848B1D4F8C83004EB830201332A
:10E99000158101895181C4F8C830012038BD00BFFC
:10E9A000C1EA030002484FF4A47200231BF014BF15
:10E9B000D856002008B50421084822F0EBF8074893
:10E9C0006FF0020122F0F5F8044822F001F9C307C4
:10E9D00001D5FFF7E7FF002008BD00BF0857002062
:10E9E000024608B50849013022F066F90023137287
:10E9F0000C32BFF35B8F52E8001F42E80030002862
:10EA0000F9D1BFF35B8F08BD32E306002DE9F84F63
:10EA1000284B164682689A4207462FD1C568AB8FAD
:10EA200063B3DFF898B06C1C05F13D0A4FF00008A5
:10EA300006F18809B4F807309BB114F8011C22468E
:10EA4000304621F098F9E0B914F8010C2146FDF7A1
:10EA5000FBFC30B1437B072B08BF4FF0010821F0CE
:10EA600094F80A345445E5D1B8F1000F06D12B6C67
:10EA7000A5F83C8013B14146384698470120BDE8CF
:10EA8000F88F307A494620F090FD70B95D4502D18B
:10EA90003046FFF719FE0849204622F00DF9002301
:10EAA00004F8013CA4F80730DBE74946204622F091
:10EAB00003F9D6E7C1EA030032E306009C0C00200C
:10EAC0002DE9F04786B01F46BDF83830D1F80C90DC
:10EAD00006468846002B54D17B1E012B54D8012FAB
:10EAE0004946157818BF1588FFF71AFC0446E8B99F
:10EAF0001DB9384606B0BDE8F0874946FFF710FC5F
:10EB0000044660B9224B2348059304AA02234FF41C
:10EB10008451049322F064F96FF01000EAE706F1E3
:10EB20008801013022F0C8F8337A2370D9F84430D4
:10EB3000DBB9B4F808A02581B9F83C30AB4203D06A
:10EB40004946404621F081FFAA4505D0307A00228F
:10EB500006F18801FFF722FC002DCAD10E49601C86
:10EB600022F0AAF825702581C3E72A46414630469F
:10EB700098470028BEDB01380128DAD96FF00D0074
:10EB8000B8E76FF00600B5E76FF00C00B2E700BF22
:10EB90007AF906000448060032E3060037B50C4651
:10EBA0000546082104F11C0021F0F4FF1223042281
:10EBB000CDE900320349044B2246284622F048F9A9
:10EBC00003B030BDE9E70300D10E060008B51248D6
:10EBD000012121F0DFFF10F0010F104B0AD1104A84
:10EBE0009A610D4821F0F4FF830713D4BDE8084073
:10EBF000FFF7D8BE1A8B588B012A4FF6FF7205D843
:10EC0000904207D04FF6FF725A83EAE79042198389
:10EC1000E7D0F7E708BD00BF08570020B85600202E
:10EC20000100FFFF2DE9F04186B01F46BDF83030EE
:10EC3000012B064690463BD83B44012B3D463ADC2F
:10EC4000FFF74CFB044698B9FFF748FB044678B938
:10EC50001C4B05931C48022304AA4FF484516FF007
:10EC60001005049322F0BCF8284606B0BDE8F081F8
:10EC700097B1217A98F80020002321FA03F0C70702
:10EC800003D522FA03F0C00718D50133032BF4D1C2
:10EC900002F007021143217206F18801601C22F084
:10ECA0000BF8337A23700121204622F036F9DBE796
:10ECB0006FF00605D8E76FF00C05D5E76FF0120589
:10ECC000D2E700BF94F906000448060010B56FF0C3
:10ECD000020104460E4821F06CFF0D4821F078FF38
:10ECE000C20704D50B48002200231BF075FD204607
:10ECF00021F082FE58B12046FFF7F0FA38B1037ACE
:10ED0000DB0704D5BDE81040012122F006B910BD93
:10ED100008570020D85600202DE9F0438BB08946D3
:10ED200000AF16469846044688B9584B7B620223CA
:10ED300057483B6207F120024FF4825122F050F80D
:10ED40006FF0150528462C37BD46BDE8F08307F166
:10ED5000080120F08AFA054690B16D4688B06A46EF
:10ED60004C4B4B48C2E905344FF4007393834A4B34
:10ED700042F8103F4FF4E25122F032F8AD46DFE79F
:10ED8000391D20461EF0C9FF7868A0B10A22294625
:10ED90001CF0E0FB78B16C4688B06A463F4BC2E994
:10EDA0000530032342F8103F39484FF4C25122F096
:10EDB00017F8A546C4E707F108010020FFF73AFA63
:10EDC0000446C0B9FFF78AFA044668B9344B7B623F
:10EDD00002232F483B6207F120024FF4825121F0B9
:10EDE000FFFF6FF00B05ADE7002300F8013B07F1D3
:10EDF000080121F061FFB9F1000F43D0022239462A
:10EE00004046B047061E10DA6C4688B06A46254B6D
:10EE10001F48C2E90536032342F8103F4FF4C251A0
:10EE200021F0DEFF3546A5468CE73B782372022EA3
:10EE30000FD01D4B7B62022315483B6207F1200275
:10EE40004FF4845121F0CCFF0021204622F065F8D8
:10EE500078E7797801290FD96E4688B06A46134B56
:10EE60000B48C2E90531032342F8103F4FF4C45167
:10EE700021F0B6FFB546E7E701F00101204622F098
:10EE80003CF85FE72046FFF7ABFD5BE7D2E3060007
:10EE90000448060035F806000300000151F806009A
:10EEA000C0F906008EF80600E2F9060036FA060000
:10EEB000B0B582B000AF04460D46FFF7BBF902467D
:10EEC00000B3037A3B710C3021F082FE00F00100A8
:10EED000787102233A1D29462046F9F7BDFA70B130
:10EEE0006C4688B06A46084BC2E90530032342F8F5
:10EEF000103F06484FF4C25121F072FFA546083773
:10EF0000BD46B0BD0346E6E787FA060004480600A2
:10EF1000F8B50B4C0B4F0025661C3946304621F0E6
:10EF200017FE014630B9204621F0E7FF2078314630
:10EF3000FFF7BEFF01350D2D04F11004ECD1F8BD33
:10EF4000E87B002032E3060010B51E48012121F0C5
:10EF500021FEC30735D402211A4821F01BFE0840C8
:10EF600007D11949194A0B88194CA24223D300B181
:10EF70000B80184B184919480022C3E9002224F0DD
:10EF80005BF94FF4A47200231448F9F73BFB1449D2
:10EF9000144824F051F90221134821F0FBFD1349D4
:10EFA000134824F049F91348FDF790FDBDE81040DF
:10EFB0001148FDF723BA506803449BB20832012080
:10EFC000D3E710BDB87C00200CB000207C470600C1
:10EFD0009C470600BC7C00204310060060560020C1
:10EFE000E5F50300D8560020085700207B140600E2
:10EFF00010560020740C0020540C00202DE9F04124
:10F00000034648B1008A38B91249DFF84CE00124C0
:10F010004FF0140C714501D3BDE8F081D1E90076C1
:10F02000BB4204D30CFB0672143A93420ED934440B
:10F03000A2B208311446EDE70CFB0578434507D032
:10F0400001356219B54292B2F6D1F2E70025F8E730
:10F050001046E1E77C4706009C4706002DE9F74F84
:10F06000BDF83050009199464FF6FF73002D08BF50
:10F070001D46244B1B888342074690463CD203B072
:10F08000BDE8F08F73682344BB4232D29CB208368D
:10F090001D4B9E42F6D3F2E789580193404620F07B
:10F0A0000AF9019B90B101340AF1010AA4B2736814
:10F0B0005345ECD9009B9C42E1D8BC423168F2D365
:10F0C0000BFB0AF28B18B8F1000FE5D1B9F1000F74
:10F0D0000BD1013DADB218460E9A0D9B21469847C3
:10F0E000002DCCD00028DED1C9E7DA689145DAD10D
:10F0F000EFE74FF0000ADAE7044E01244FF0140B5B
:10F10000C6E700BF0CB000209C4706007C47060005
:10F1100010B5CEB0002422AA69460AA8CDE9004461
:10F12000CDE902441FF00FFF58B9154B099315485C
:10F13000022308AA4FF48251089321F051FE4EB0E9
:10F1400010BD4FF6FF7101200F4A0AAB21F06EFF90
:10F150000E480AA91FF08CFF08B90D4BE6E70B4BD0
:10F16000214603F110020131187812F8014D03F81D
:10F17000014B08291070F6D1064821F00BFDDEE79F
:10F18000B0FA060004480600AB0A0600405600200C
:10F19000C9FA0600085700202DE9F0411849BDF8CA
:10F1A00018700446A1F1300015461E4624F066F89A
:10F1B000144821F00DFD010705D4FFF7A9FFFFF763
:10F1C000A7FEFFF763FB2046FFF788F868B1037AD4
:10F1D000DA070AD500F10C04204621F0F9FCC30738
:10F1E00003D40221204621F0D5FC102306933A4691
:10F1F00031462846044BBDE8F04121F069BD00BF0F
:10F2000090560020085700204056002010B51A489C
:10F2100021F0DEFCC0F3C00080F0010408B9FFF764
:10F2200077FF154821F0D4FC0346134821F0D0FCA9
:10F23000DA061FD5830606D5E4B1FFF769FEBDE8FF
:10F240001040FFF723BB20210B4821F0A3FC0B4902
:10F250001022881824F004FD48B9094823F0FAFF69
:10F26000BDE8104004486FF0010121F0A2BCFFF797
:10F27000ADFCE2E710BD00BF08570020405600205B
:10F28000D856002008B51021034821F083FCFFF771
:10F29000BDFF002008BD00BF085700202DE9F04742
:10F2A000B8B000AF0C4690463F49D7F800013A4647
:10F2B00099461EF00EFD38B9FFF72CF90546284691
:10F2C000E037BD46BDE8F0873E68391D30461EF088
:10F2D00024FD6EB9354B7B63022335483B6307F150
:10F2E00030024FF4825121F07BFD6FF0150449E0AC
:10F2F0007868C0B907F1080A0023514630463B75CB
:10F300001FF0B3FF054620B36C4688B06A46294B10
:10F31000C2E905364FF400739383274B42F8103F40
:10F320004FF4E25110E00A2200211CF013F90028EA
:10F33000E0D06C4688B06A46204BC2E90530032312
:10F3400042F8103F4FF4C251194821F049FDA5463B
:10F35000CBE7C7F810A02CB3C02207F12001484624
:10F36000C047041E10DA6D4688B06A46144B104838
:10F37000C2E90534032342F8103F4FF4C25121F093
:10F380002FFDAD4625469AE7A40807F12003C7E9FB
:10F3900006340C4A07F110034FF6FF71012021F0EB
:10F3A00045FE8CE72346F2E7E2FA0600D2E30600C8
:10F3B0000448060035F806000300000151F8060075
:10F3C0008EF806005DE4030007B500230193FFF704
:10F3D00015FE411C89B20846034A01AB21F026FE06
:10F3E000019803B05DF804FB450A06002DE9F047DB
:10F3F000154686B0894694226968064621F023FEA8
:10F40000804678B1364B05933648022304AA4FF460
:10F4100084514FF0FF35049321F0E2FC284606B0FA
:10F42000BDE8F08769680222304621F046FE60B9E7
:10F430002D4B05932B48022304AA4FF484510493C7
:10F440006FF0150521F0CCFCE8E74FF470200021A7
:10F45000AF8AFEF743FD02370446D0B1234B476124
:10F460001D214174C0F80C80436085613A463046E6
:10F47000FEF740FA074678B91D4B1A48059304AACF
:10F4800002234FF48451049321F0AAFC2046FEF796
:10F490004DFD6FF00B05C1E701234246414607F1E0
:10F4A0000C0A21F0C8FA0221504622F071FD804674
:10F4B000504628F8029BA98A22F06AFDAA8A296987
:10F4C000404624F008FAA7602146304621F065FA4C
:10F4D00005460028A2D02046FEF728FD9EE700BF83
:10F4E000E9FA060004480600FFFA0600790A060059
:10F4F0002AFB060030B504468BB0374821F068FB84
:10F5000042070D4661D514B1637B072B60D1686853
:10F510000590FFF773FD2A68ADF818003AB305A906
:10F5200002912E4901910121002300914FF6FF71B4
:10F530000593FFF793FD059B1BB96FF001000BB01E
:10F5400030BD6B60059B186800238DF8103004A94E
:10F5500042F60303ADF812301FF0ADFE70B9059806
:10F56000C3689B799B0605D46FF01500E7E7002878
:10F57000E8D1E2E721F013FDADF81800BDF818005E
:10F580003CB101230146AB752A462046FFF72EFF0A
:10F59000D5E76FF07F0307930223ADF8203042F6E2
:10F5A0000213ADF8123005ABAC7502930C4B01930E
:10F5B0000123009304AA23464FF6FF7109958DF8A5
:10F5C0001040FFF74BFD0798B9E76FF00A00B6E768
:10F5D0006FF07F00B3E700BF240200209F0A0600FF
:10F5E00039F9030073B500F13005044650F8083CC2
:10F5F0000193A0F120066FF00101284621F0D9FA0D
:10F600000D4B44F81C3C0D4B44F8183C01AB00205A
:10F6100044F8103C042324F8080C24F8060C24F8C1
:10F620000C3C3146FFF766FF18B90221284621F04D
:10F63000B1FA02B070BD00BF68740600CDEC0300E3
:10F640002DE9F04F87B01468434B904682689A4288
:10F6500000AF05467BD1D0F80C9009F1010609F105
:10F660003D0AB6F80730EBB116F8011C32462046C9
:10F6700020F081FBB0B14FF495722946204621F06D
:10F68000E2FC28B3032811D1EB4688B06A46334B1D
:10F690004FF4C451C2E9053542F8100F304821F04B
:10F6A0009FFBDD460A365645DBD150E00528204653
:10F6B0000CBF4FF0030B4FF0020B20F031FB8345E2
:10F6C00006D998F804305B45ECD288F804B0E9E735
:10F6D0004946284621F0B9F9224B994537D1207A7D
:10F6E00004F18801FEF7DEFD054600282FD00389CE
:10F6F0000BB943895BB32046FCF75EFD1A4A2B89A0
:10F7000022F8203002EB8003698959801749184D8F
:10F71000182303FB001300B202EB800200EB400051
:10F720005D601A61134D9D60042201EBC00120460B
:10F730009A82FFF7DFFE50B10F4B7B61084802232E
:10F7400007F110024FF482513B6121F049FB012087
:10F750001C37BD46BDE8F08FC1EA030051FB06002F
:10F76000044806009C0C002058AF0020587B002065
:10F7700068740600370F060065FB06002DE9F043AC
:10F78000144687B0884694226168064621F05BFCE7
:10F7900070B12B4B2B48059304AA02234FF48451DC
:10F7A000049321F01DFB4FF0FF3007B0BDE8F0835C
:10F7B00061680122304621F080FC60B9224B21486B
:10F7C000059304AA02234FF48451049321F008FB0B
:10F7D0006FF01500E9E7A2891B2102323046FEF7DF
:10F7E00089F8054660B9194B1648059304AA022307
:10F7F0004FF48451049321F0F3FA6FF00B00D4E737
:10F8000000F10C090221484622F0C2FB0746484697
:10F8100027F8028BA18922F0BBFBA289A168384698
:10F8200024F059F8D4E904122846012321F003F901
:10F830002946304607B0BDE8F04321F07EB800BF4E
:10F84000E9FA060004480600FFFA060082FB0600FB
:10F8500030B504468BB0354821F0BAF942070D4661
:10F860005DD514B1637B072B5CD168680590FFF709
:10F87000C5FB2A68ADF818003AB305A902912C49D6
:10F8800001910121002300914FF6FF710593FFF7CD
:10F89000E5FB059B1BB96FF001000BB030BD6B6041
:10F8A000059B186800238DF8103004A942F6030365
:10F8B000ADF812301FF0FFFC70B90598C3689B7952
:10F8C000DB0605D46FF01500E7E70028E8D1E2E792
:10F8D00021F065FBADF81800BDF818002CB1014609
:10F8E0002A462046FFF74AFFD7E742F60212ADF854
:10F8F000122005AA6FF07F0302920E4A079301239C
:10F90000CDE90032ADF8203004AA23464FF6FF714E
:10F9100009958DF81040FFF7A1FB0798BDE76FF040
:10F920000A00BAE76FF07F00B7E700BF24020020AB
:10F930009F0A060039F903002DE9F04F4B4B14469E
:10F9400082689A4287B0814639D1D0F80CA0484BE2
:10F950009A451CD1474D484F00263946284621F08C
:10F96000F7F878B915F8010C07222946FCF7F4FDE1
:10F9700040BB236915F8010C1A692946538812887F
:10F98000FEF7EEFE01360D2E05F10C05E5D10AF16C
:10F9900001070AF13D0BB7F80720A3899A420BD162
:10F9A00017F8010C3946FCF74FFD054620B1437BA3
:10F9B000072B0AD020F0E9F80A375F45EBD14FF06A
:10F9C00001084EE020F0E1F8DCE7DAF8483023B136
:10F9D0004946984708B92846ECE794224946284604
:10F9E00021F031FB804650B1244B0593244802237B
:10F9F00004AA4FF48451049321F0F2F9EBE7A389B0
:10FA0000022B15D1B7F8073013F0020604D12846AF
:10FA100020F0BBF8A660CFE72269A1882846FFF74F
:10FA2000E5FC0646B8B92269937D01339375EEE78C
:10FA3000012B05D0284620F0A8F8C4F80880BBE7C1
:10FA4000B7F8073013F00106E1D02269A1882846F3
:10FA5000FFF794FE0646284620F097F8002EA66091
:10FA6000AADA404607B0BDE8F08F00BFC1EA030044
:10FA70009C0C002071AF002032E30600E9FA06007A
:10FA800004480600F0B587B0437B072B02AF05465C
:10FA90000C4640F0A4800B7C062B00F29B80DFE834
:10FAA00003F004045C5C649231000B6813B31B78B0
:10FAB0008BB1022B1CD06C4688B002AA49494A4837
:10FAC000C2E90513032342F8103F4FF4C25121F05D
:10FAD00087F9A54654E00823019306230093434980
:10FAE000434B2246284621F0B3F91437BD46F0BDFA
:10FAF0001623F1E710230421CDE9003122463D4BC6
:10FB00003D49EFE7086800283AD00678002E37D143
:10FB10004FF424533E707B8039461FF0CCFBE0B19C
:10FB200042F6021320683E71FB80391D1FF0C3FBB3
:10FB300098B142F6031320683E727B8107F10801F9
:10FB40001FF0B9FB48B142F6041320683E73FB81F5
:10FB500007F10C011FF0AFFB90B908230422CDE997
:10FB600000322649264B2246BCE7086858B30026D7
:10FB70004FF420533E707B8039461FF09CFB10B938
:10FB80006FF01500B1E742F6010320683E71FB807B
:10FB9000391D1FF090FB0028F2D042F602032068C6
:10FBA0003E727B8107F108011FF085FB0028E7D03A
:10FBB00042F6030320683E73FB8107F10C011FF03E
:10FBC0007AFB0028DCD00423CDE900330D490E4B2D
:10FBD000224687E76C4688B002AA0C496FE76FF0AF
:10FBE0007F0082E7ABFB0600044806000512060012
:10FBF000050E0600090C060011FC030035FD03008C
:10FC0000390C0600D9000400F10B0600C0FB060009
:10FC10002DE9F04F8FB000AF0646D7F860809146CF
:10FC200041B1D8F804304246002198473C37BD46E0
:10FC3000BDE8F08F1078062817D0142814D06C4631
:10FC400088B06A46394BC2E90530032342F8103FB9
:10FC500037484FF4C25121F0C3F8A546D8F8043014
:10FC6000424600213046E0E70221013B002539747D
:10FC70009CB209F1010BAA4699F80030A34209D9B8
:10FC8000002CEBD1002DE9D042462946304621F028
:10FC90009BFACBE71422002107F1240023F029FE70
:10FCA000BBF8002093B2002BD8D0BBF802108DB265
:10FCB000002DD3D0AB42D1D83B7C2BB3022B27D025
:10FCC00098F81030B981002B42F6010308BF4FF4B9
:10FCD0002053FB8007F11003BB603B1D7B6207F1E3
:10FCE0000803BA863B6387F804A0D8F8043042467C
:10FCF00007F1240130469847002897D099F8003042
:10FD0000E41AA4B29B44B7E7BBF804307B82D7E780
:10FD10000BF1040307F111000BF1140C53F804EB81
:10FD200040F804EB6345F9D1CAE700BFDBFB0600EE
:10FD3000044806002DE9F04F93B002AF8046BD6E37
:10FD4000164621B16B682A46002198476CE0287C52
:10FD5000022840F08A801478062C15D0082C14D084
:10FD60006E4688B002AAAA4BC2E90534032342F8C2
:10FD7000103FA8484FF4C25121F032F8B5466B68E5
:10FD80002A4600214046E0E701465C1E3976A4B2CF
:10FD900006F1010B4FF000093378A3420AD9002C79
:10FDA000EDD1B9F1000FEAD02A464946404621F08C
:10FDB0000BFA39E0BBF800A01FFA8AF9B9F1000F7D
:10FDC000DDD0BBF80200B8823A7EBBF80410F9829D
:10FDD0006AB1022A16D0296851B307F118001FF042
:10FDE0006AFA28B33378E41AA4B29B44D4E707F143
:10FDF00018023A619BF806209BF8071042EA01229C
:10FE00007A83E8E70A236881A981A5F808A08249D6
:10FE1000019200932A46814B404621F019F81FFABF
:10FE200080F9B9F1000FBFD14437BD46BDE8F08F6E
:10FE30004FF000033B7342F60203FB8110220021C6
:10FE400007F1300023F055FD07F10C02FA6207F1CB
:10FE50001002BA636B68A7F83CA02A4607F12C0190
:10FE6000404698470028BDD1DEE703286CD11478BE
:10FE7000072C0BD0152C08D06E4688B002AA644B14
:10FE8000C2E9053442F8100F73E702215C1E39768F
:10FE9000A4B206F1010A4FF000093378A3423FF6FD
:10FEA0007EAFBAF800B01FFA8BF9B9F1000F3FF43A
:10FEB00066AF3B7E6BB1022B13D02968F1B107F11D
:10FEC00018001FF0F8F9C8B13378E41AA4B29A44C4
:10FED000E3E79AF805309AF8062043EA02237B8389
:10FEE000EBE70AF1050307F119020AF1150153F8CE
:10FEF000040B42F8040B8B42F9D1DEE79AF802308A
:10FF0000BB754FF00003BAF803203B7307F11801EB
:10FF100042F603033961BA82FB811022002107F106
:10FF2000300023F0E6FC07F10C03FB6207F110033D
:10FF3000BB63A7F83CB06B682A4607F12C0140462A
:10FF400098470028C0D16FE729680A78002A7FF413
:10FF500016AF49885C1EA1F52453A4B206F1010A2C
:10FF600091467B603378A3423FF619AFBAF800B0F0
:10FF70001FFA8BF9B9F1000F3FF401AF7A68042A38
:10FF80003FF6FDAE01A353F822F000BFA1FF03002E
:10FF90007FFD0300A1FF0300A1FF0300E1FF0300B9
:10FFA000BAF802303B832B683B601022002107F136
:10FFB000300023F09EFC3B68FB6207F11803BB6333
:10FFC000A7F83CB06B682A4607F12C0140469847D9
:10FFD00000283FF429AF3378E41AA4B29A44C1E769
:10FFE0009AF802303B769AF803307B769AF805202F
:10FFF0009AF8043043EA02237B839AF806303B7771
:020000024000BC
:100000009AF807309AF8082043EA0223FB83CAE7EC
:10001000DBFB06000448060021000400DD0B06009F
:10002000F0B58FB000AF102B3C6D054616D06E4674
:1000300088B06A4626492748C2E90513032342F8D7
:10004000103F4FF4C25120F0CBFE22466368B54604
:100050000021284698473C37BD46F0BD6389BB81E7
:10006000A389FB8107F11000022326893B74B86045
:1000700007F1110302F1100152F804CB43F804CB4D
:100080008A42F9D12168E9B9002142F6020310221F
:1000900007F128003971FB8023F02BFC3B1D7B62AC
:1000A00007F108033B63BE866368224607F124011B
:1000B000284698470028CED021892246284621F09C
:1000C00083F8C8E71FF0F7F80028DDD0F4E700BF99
:1000D000DBFB0600044806002DE9F04F91B000AFAD
:1000E000BD6EF86099B91078012816D002282ED07C
:1000F0006C4688B06A46524BC2E90530032342F889
:10010000103F50484FF4C25120F06AFEA5466B687C
:10011000F8682A46002198478DE04FF00409013B1A
:100120009BB24B453976F2D3B3FBF9FB4FF0000895
:10013000541CC7F80880C24607F11806BBF1000F2F
:1001400009D1D7E902102A4621F03EF873E00146B2
:100150004FF01209E3E723887B60BB88BB60B8F1EE
:10016000000F51D13B7E002B37D0022B3BD02968AA
:10017000002944D12B7C042B4CD14FF4205307F1A0
:100180001001304687F810A07B821FF094F80028F9
:100190003AD042F6010307F11401304687F814A063
:1001A000FB821FF088F878B342F6020387F82CA090
:1001B000FB8507F12C0130461FF07DF820B342F695
:1001C000030387F82CA0FB8507F12C0130461FF0B4
:1001D00072F8F8B94FF0010818E0A378E27843EA22
:1001E00002237B83C3E7A31C07F1190204F1120168
:1001F00053F8040B42F8040B8B42F9D1B7E73046B1
:100200001FF059F80028B5D04FF000080BF1FF3B64
:100210004C4493E71022002107F1300023F069FBE2
:10022000BB88BB87F8686B68FE622A4607F12C0121
:1002300098470028EAD14437BD46BDE8F08F00BF9B
:10024000EFFB0600044806002DE9F04385B0914617
:10025000427B04AF072A1D46064697F820308846A1
:1002600046D1C27AAABBA3B305F10E02D221FDF793
:1002700041FB044638B302210C3021F089FE0022F4
:10028000A0F8008000234FF00008CDE90023CDE95D
:1002900002884A462946204613F0CEFD85421CD0EE
:1002A0006E4688B004AA144BD061C2E90535042318
:1002B000124842F8103F4FF4025120F091FD2046C1
:1002C000B54613F087FD6FF00B000437BD46BDE85F
:1002D000F083AA1C52213046C9E7D7E9091220460B
:1002E000434620F0A8FB2146304620F026FBECE7F1
:1002F0006FF07F00E9E700BF01FC0600044806003C
:1003000073B5437B072B06460C4663D1FEF724F8F2
:10031000054658B9FEF720F8054600285DD006F1DD
:100320008801013020F0C8FC337A2B70AB68DBB158
:10033000203B00229C4253D09889A189884204D155
:10034000188B218B884228BF01221B6A53B95AB1EE
:10035000AA682262EA6804F12003AB6002B9EB608C
:10036000002234E0203BE5E7E18919BB42F60213A5
:100370008DF804101C4DADF80630019B60692B60B0
:10038000182223F0B6FA63695C6163691D606369D2
:1003900004221A746369A2891A816369228ADA8144
:1003A0006369124A5A606169304602B0BDE8704024
:1003B000FFF768BB21463046FEF7F0FB02460028F7
:1003C000C6D0AB681BB90A49681C20F075FC104602
:1003D00002B070BD6FF07F02F9E76FF00B02F6E735
:1003E0006FF07702F3E700BF54AF00209F120600C2
:1003F00032E306002DE9F041437B072B07460D460B
:100400005BD1FDF7A9FF0646002859D08468002C6F
:1004100056D00023203C9846A54209D0A189AA893C
:10042000914208BF4FF00108246A1CB1203CF3E759
:100430000123F9E7002B43D005F11C0020F0C8FB95
:10044000430703D52946384620F052FFB8F1000F84
:1004500019D0B36805F1200253B19A4223D12B6A17
:10046000DCB9F168B3608A4200D1F36000232B62EB
:10047000B3681BB91449701C20F01EFCB8F1000FC2
:1004800014D1002007E0A5F8188029463846FEF769
:1004900085FB0028DDD0BDE8F0812360F3689A4237
:1004A00008BFF460E2E71C461B68D5E700232C6810
:1004B0001A4629463846A047E3E76FF07F00EAE78F
:1004C0006FF01500E7E700BF32E306002DE9F04FBB
:1004D00087B000AF80460C463A60FDF73DFF81468D
:1004E00030B33A68214607F10C0021F047FD3B8A02
:1004F000042B1DD9042107F10C0021F07AFD78604E
:10050000B0F802A03A8AB0F800B0524514D26C4656
:1005100088B06A4621493B68D3610423C2E9051AC1
:100520001F4842F8103F4FF4015120F059FCA546F6
:100530001C37BD46BDE8F08FD9F8086026B3346893
:1005400004B1203C36F8142C5A451AD1203E07E05D
:100550002646246AB289ECB15A45A4F12004F7D1A9
:1005600098F80900B27E90420BD37A6835685346FA
:10057000043231464046A84718B931464046FFF795
:1005800039FF2646002CE4D1514607F10C0021F03A
:1005900030FDACE75A45E3D0F6E700BF30FC06007B
:1005A00004480600B0B58EB002AF00F188050446DD
:1005B00078600123007A3B7229461EF0F6FF98B15D
:1005C000227AA2B3042138461CF040F80097194A59
:1005D000242107F10C002B46F7F762FE07F10C020D
:1005E00015491046F5F77EFF4FF6FF71134A3B1D84
:1005F000012020F01BFD20461FF092FB397A884233
:1006000012D220461FF065FB70B16C4688B002AA7A
:100610000B4BC2E90530032342F8103F09484FF461
:10062000C45120F0DDFBA5463037BD46B0BD009279
:10063000CDE700BFE5FA06009DF2030041F6030096
:1006400049FC060004480600F8B5084B1C6805463E
:100650000E4617464CB154F8043C043C1BB13A46D4
:100660003146284698476468F4E7F8BDBC7C002012
:1006700037B501230546009000F18801007A8DF816
:1006800004301EF092FF78B94FF6FF710120144A32
:100690006B4620F0CBFC0021284620F07BFE08B9F9
:1006A000FEF794FA03B030BD2846FDF755FE00284A
:1006B000EAD08468002CE7D0203C04F11C031846E3
:1006C00020F086FA020708D4184620F081FA830742
:1006D00003D421462846FEF761FA246AEAE700BF00
:1006E00041F60300B0B5B4B000AF002379603872B2
:1006F000C7F8CC30144A3B1D04460D4601204FF686
:10070000FF7120F093FCD7F8CC30DBB19B0007F1F0
:100710000C0220462946F7F7ADFE044670B16D463F
:1007200088B06A46094BC2E90530032342F8103FFE
:1007300007484FF4C25120F053FBAD462046D03756
:10074000BD46B0BD1A46E4E76DE9030075FC06003E
:10075000044806002DE9F34100F18808CDE90012B4
:1007600004460F46007A414616461EF01EFF0F4A09
:1007700005466B464FF6FF71012020F057FC1DB176
:10078000207A4146FFF7AEFF207A3946FDF752FD49
:1007900040B13146013020F08FFA1DB1207A414638
:1007A000FEF786FB02B0BDE8F08100BF39E9030027
:1007B000F7B52F4A009104460E468DF804006B46AB
:1007C0004FF6FF71012020F031FC31462046F7F74B
:1007D0005FFE002823DB31462046FDF74FFF00284F
:1007E0001DDB31462046FDF725FD08B1FEF7F8F880
:1007F00031462046F7F74CFE002810DB1D4F002540
:1008000017F8013CA34204D13946304620F0A0F944
:1008100038B91035D02D07F11007F1D1002003B001
:10082000F0BD154B1D44AB68002BF7D01C6804B11C
:10083000203C002723F8087C3A46203B29463846CE
:10084000FDF7E8FD54B9E9E7A2F12006002227836D
:10085000234629461046FDF7DDFD3446226A002A6C
:10086000F2D12283234629461046FDF7D3FDD5E772
:1008700011E90300C57C0020C47C00202DE9F74F5E
:10088000044603463B4A4FF6FF71012004F18806F7
:1008900020F0CCFB207A314620F0B5FD207A31469D
:1008A0001EF083FE50B1237A8DF80430324A009650
:1008B0006B464FF6FF71012020F0B8FB2046FDF794
:1008C0004BFD074640B92046FDF708FD05460028C8
:1008D0003DD103B0BDE8F08F8568002DF3D055F809
:1008E0002089B8F1000F01D0A8F120084FF00009CD
:1008F000CA4601E04546984605F11C0B6FF0080119
:10090000584620F056F9207A31461EF04EFE80B946
:10091000A5F818A02B464A4639462046FDF77AFD31
:10092000B8F1000FCFD0D8F82030002BE2D0203B18
:10093000E0E7584620F04CF9C307E9D47B781BB1B7
:100940003146781C20F0B8F905F12009E8E7207A53
:1009500031461EF02AFE28B9284603B0BDE8F04F04
:10096000FEF73EB83146681C03B0BDE8F04F20F0FA
:10097000A3B900BF0DEA030011E90300084A10B54E
:1009800001460023141DE01820F0B1FD08B19818AD
:1009900010BD03F5AC73B3F5016FF4D1F8E700BFF8
:1009A0001057002010B50C4A11680C4ABFF35B8F3A
:1009B00000F5A87353E8004F944204D143E8001CAB
:1009C000BCF1000FF6D1BFF35B8FBFF35B8FD0F8A4
:1009D0005001BFF35B8F10BDB0790020105700208D
:1009E00008B5FFF7DFFF0346C8B1D0E9011221B90E
:1009F000002A0CBF0320022010E032B1C36813B9F3
:100A0000094B1B7833B9042008E00749087828B15E
:100A1000DB6833B9003A18BF0122500008BD03203B
:100A2000FCE70120FAE700BFADB2002070B5044634
:100A30000D460430052120F05AFDF0B9042D1BD8D5
:100A4000E37AA27C1340DB0731D4237BE27C13439F
:100A500013F0040010D02046FFF7C2FF174B05EB40
:100A600085051D44285C042806D1D4F8EC30DB78D9
:100A7000002B14BF0120022070BD237BE07C03EA21
:100A80000002160704D5E27AA67C3243D20710D4BE
:100A9000042D10D8034313F00400EDD02046FFF7D7
:100AA0009FFF074B05EB85052B44185CE4E7062008
:100AB000E2E70846E0E70020DEE700BF1501070097
:100AC000FC00070038B50546FFF76CFFD5F8EC30A1
:100AD0009B7A032B04460AD005D8013B012B8CBF1F
:100AE0000020012038BD042B0FD00020FAE7284653
:100AF000FFF776FF032806D1002CF6D020690038D6
:100B000018BF0120EEE70120ECE72846FFF768FF59
:100B1000032802D11CB124690CB1024B1C7804F0EB
:100B20000100DFE7ADB2002030B589B013460022E6
:100B3000009204460D460A46D0F8EC0006211FF04C
:100B40000BFA88B1693009D10C4B07930C4802238A
:100B500006AA4FF48251069320F078FD284609B08A
:100B6000BDE8304013F036B94FF47022002304F58D
:100B7000907009B0BDE8304019F02EBEF5F60600C1
:100B80004C48060080B500AF88B06A46074BC2E902
:100B90000530032342F8103F05484FF4C25120F0BE
:100BA00055FD6FF00B00BD4680BD00BFAFFC0600D9
:100BB0004C48060030B40D4C00232246D4F8EC50CB
:100BC0003DB10133062B04F5AC74F7D130BCFFF70F
:100BD000D9BF4FF4AC704343D018054CC0F8F04077
:100BE000EC331A4428460A6030BC70471057002086
:100BF0006C75060090B58DB0037A02AF0446052BE4
:100C000023D8DFE803F035030335224290F8DC20D7
:100C1000D0F8D830D34003F0010343F080031C49DF
:100C20000097096804F1370204F1570021F0F0F849
:100C300000B3184B7B621848022307F120024FF4DF
:100C400082513B6220F002FD0EE06C4688B002AAA1
:100C500012491148C2E90513032342F8103F4FF42B
:100C6000C25120F0F3FCA54608202C37BD4690BDAC
:100C70000023D4E71022394604F1170022F0F0FFD8
:100C8000003818BF01208000EFE70020EDE700BF2B
:100C9000947D0020F0FC06004C480600D4FC0600C1
:100CA0007FB5074B05930748022304AA4FF48251EE
:100CB000049320F0CBFC002007B05DF804FB00BFDC
:100CC00009FD06004C48060070B50446D0F8EC60FB
:100CD000FFF768FE0421054604F1D8000FF0BAFCC6
:100CE000C0B9D4F8D8300C4AB3FBF2F102FB11338F
:100CF000C4F8D83084F8DC0055B16B6843B10B21DF
:100D0000201D20F0B1FC6B68D4F8D810304698470D
:100D1000002070BD0820FCE740420F0038B5EC22EF
:100D20000546002122F0E5FD102105F127000FF016
:100D300091FC044648B90521284620F095FCFAF7B5
:100D400025FD034B1860204638BD0824FBE700BF93
:100D5000947D002030B5051D87B004460821284643
:100D600020F082FC0B4904F15700FAF71FFD70B127
:100D70000821284620F044FC074B0848059304AAA4
:100D800002234FF48251049320F060FC082007B046
:100D900030BD00BF071C060024FD06004C480600BD
:100DA000F0B587B000AFD0F8EC600446FFF7FAFD6D
:100DB00006F188010546307A02F0D6F8237A80B130
:100DC000427BD2070DD563B9344B7B610223344893
:100DD0003B6107F110024FF4825120F037FC0820EC
:100DE00018E0062B47D8DFE803F0143E18464646C5
:100DF0000400002D4FD02B69002B4CD000233B80EA
:100E00000A21201D20F030FC2B69D4F8EC00394673
:100E1000984700201C37BD46F0BD042138460FF02E
:100E200019FC0028DBD13B681E4AB3FBF2F102FB40
:100E300011333B604DB16B683BB10B21201D20F09D
:100E400013FC6B683968304698473B6884F8473034
:100E5000C3F307221B0C84F849301B0A84F848208E
:100E600084F84A30D5E7201D0A2120F0FDFBAB684D
:100E700030469847CDE76C4688B06A460A4908482C
:100E8000C2E90513032342F8103F4FF4C25120F08A
:100E9000DDFBA546A3E70220BCE700BF3DFD060041
:100EA0004C48060040420F00D4FC0600F8B5054649
:100EB00000AF0B4604300D2120F019FB68B3DC684D
:100EC000D5F8EC3003F18806197A3246022020F07A
:100ED00042FFB8B93046F6F767FF6C4688B06A46FD
:100EE000114BC2E905304FF4007393830F4B104848
:100EF00042F8103F4FF4E25120F0A8FB0820A5462D
:100F0000BD46F8BD224600F12A0304F1100152F853
:100F1000040B43F8040B8A42F9D12846092120F03A
:100F2000A3FB0020ECE700BF6AFD06000300000100
:100F30004C480600F8B5054600AF0B4604300D21BD
:100F400020F0D5FA68B3DC68D5F8EC3003F18806F8
:100F5000197A3246042020F0FEFEB8B93046F6F782
:100F600023FF6C4688B06A46114BC2E905304FF446
:100F7000007393830F4B104842F8103F4FF4E25137
:100F800020F064FB0820A546BD46F8BD224600F1CE
:100F90001A0304F1100152F8040B43F8040B8A42BF
:100FA000F9D12846072120F05FFB0020ECE700BFC5
:100FB0006AFD0600030000014C4806002DE9F047D9
:100FC0008EB00446D0F8EC00D0F8B83000AFCBB902
:100FD0008830F6F7E9FE6C4688B06A46494BC2E9AC
:100FE00005304FF400739383474B484842F8103F55
:100FF0004FF4E25120F02AFB0820A5463837BD46C1
:10100000BDE8F08704F104080521404620F06FFA9E
:1010100008B10020F2E794F8E830DB07F9D5D4F8FE
:10102000EC301A2107F11C00D3F8B8500FF012FB76
:10103000814658B1364B7B61022334483B6107F14E
:1010400010024FF4825120F001FBE2E70621204616
:1010500020F02FFB064608B92E4BECE710210C3090
:1010600020F096FF2A7B07F11C01824622F033FC18
:10107000287B0F2805D8C0F110024946504422F0C1
:1010800038FC314600222046FFF74EFD072120465E
:1010900020F00FFB064608B91F4BCCE70A210C30A5
:1010A00020F076FF07F12C02034603CAC3F80200C2
:1010B000C3F80610BA8E1A8020463146174AFFF749
:1010C00033FD0D21404620F012FA07F12C040028D0
:1010D0009FD00121284620F04EFE05F14A0607F177
:1010E0001C031A4603CAA24230607160134606F11F
:1010F0000806F6D1234603CBBB8E28646964A5F8A5
:10110000483086E784FD0600030000014C480600D5
:1011100099FD0600B4FD0600DBFD0600071D060074
:10112000F0B583B0047A022C02AF054623D844B14F
:1011300090F8DC30D0F8D840DC4004F0010444F0F2
:1011400080040321284620F0B4FA064620B310217B
:101150000C3020F01DFF009018482346006805F170
:10116000270205F1570120F053FE0446D0B1304666
:1011700012F030FE10E0032C12D06D4688B002AAA7
:101180000F4B1048C2E90534032342F8103F4FF4D7
:10119000C25120F05BFAAD4608200437BD46F0BDD1
:1011A0000024CEE7024631462846FFF7BDFC281D45
:1011B000214620F025FA2046EFE700BF947D00206D
:1011C000D4FC06004C48060070B50C21054620F002
:1011D00070FA0446F8B140210C3020F0D9FE0F4BD4
:1011E0001B680246014603F1200053F8046B41F8E6
:1011F000046B8342F9D1203203F1200153F8040B30
:1012000042F8040B8B42F9D1284600222146FFF711
:101210008BFC002070BD0820FCE700BF947D0020FF
:10122000F0B587B000AF0446FFF7BCFB261D0546AE
:101230000E21304620F05BF9A0B92F4B202219680F
:1012400004F1570022F00CFD60B92C4B7B612C4857
:10125000022307F110024FF484513B6120F0F6F9AC
:10126000082012E02046FFF7AFFF70B9237A052B64
:1012700031D8DFE803F0031A0D03302D0421204696
:1012800020F0F2F9FFF74CFFF0B11C37BD46F0BD7E
:101290002046FFF719FD0028F7D10321204620F052
:1012A000E3F90E2120F0E0F90EE02046032120F0C2
:1012B000DBF90E2120F0D8F930460A2120F0D4F9CC
:1012C000AB68D4F8EC009847204620F0E1F9DCE761
:1012D00004212046E6E76C4688B06A46094908487A
:1012E000C2E90513032342F8103F4FF4C25120F026
:1012F000ADF9A546B4E700BF947D002003FE0600CB
:101300004C480600D4FC06002DE9F04387B00E4699
:1013100000AF0546FFF746FBF36805F157090446A1
:101320004A4603F1200153F8040B42F8040B8B42A8
:10133000F9D105F1770203F1200153F8040B42F8CB
:10134000040B8B42F9D14846FAF77EF910BBD5F869
:10135000EC30DB78002B40F0A28005F104080E2170
:10136000404620F0C4F8002840D1544B2022196890
:10137000484622F075FC002838D1514B7B6102238E
:1013800050483B6107F110024FF4845120F05EF9A0
:10139000082027E04C4B7B6102233B61494807F161
:1013A00010024FF4865120F051F90E21281D20F033
:1013B0005BF9D5F8EC60D6F8B83033B9307A06F17D
:1013C000880101F093FCC6F8B800D6F8B830002BBD
:1013D000BDD0DA8902F02402002AB8D05B7B9B07DB
:1013E000B5D403201C37BD46BDE8F0832B7A052B0E
:1013F00045D8DFE803F0031C0803442603212846F0
:1014000020F032F90FE02846FFF75EFC0028E9D112
:101410000321284620F028F90E2120F025F9FFF7B6
:101420007FFE0028DED1284620F032F9DAE70A21D3
:10143000404620F019F9A368D5F8EC0098470E2132
:10144000DDE7102105F127000FF004F9064600281A
:101450009ED18CB323697BB31C4B1B883B803946E0
:10146000284620F027F84046C5E938660C2120F0D0
:10147000FBF82369D5F8EC0039469847D3E76C466A
:1014800088B06A4612490F48C2E90513032342F89F
:10149000103F4FF4C25120F0D9F8A54678E7074B2A
:1014A0001C682CB9281D062120F0DEF8204699E79B
:1014B0002846FFF7B5FE95E7022093E7947D0020CC
:1014C00003FE06004C4806001EFE0600854B060083
:1014D000D4FC06002DE9F04192B0044604AF10227E
:1014E0000021B81822F005FA237A052B3BD8DFE853
:1014F00003F0060303063A29D4F8D8303B61D4F848
:10150000EC3004F1470204F1C705CDE9015204F1C2
:10151000270603F1960204F1370800928F33424602
:10152000314604F1970001F08FFE80B3264B7B63B8
:10153000022326483B6307F130024FF4825120F02A
:1015400085F81FE0D4F8E430002BD8D007F110055F
:1015500003F11006186859682A4603C20833B342DB
:101560001546F7D1CBE76C4688B004AA184917484E
:10157000C2E90513032342F8103F4FF4C25120F093
:1015800065F8A54608203837BD46BDE8F081D4F897
:10159000EC30039703F196028F33019304F10A03B1
:1015A00002920093424607F110033146284620F08C
:1015B00054FC08B1074BBAE70D21204620F054F83F
:1015C000394620F0CDF8DEE73FFE06004C48060025
:1015D000D4FC060054FE06002DE9F04397B0044603
:1015E00004AF1022002107F1200022F082F9237AB3
:1015F000052B3BD8DFE803F0060303063A29D4F8AD
:10160000D8303B62D4F8EC3004F1470204F1C7054E
:10161000CDE9015204F1370603F1960204F12708DF
:1016200000928F334246314604F1970001F00CFEE0
:1016300088B3464B7B64022345483B6407F1400274
:101640004FF4825120F002F81FE0D4F8E430002B70
:10165000D8D007F1200503F11006186859682A460A
:1016600003C20833B3421546F7D1CBE76C4688B0C6
:1016700004AA38493648C2E90513032342F8103F4B
:101680004FF4C2511FF0E2FFA546082528464C370B
:10169000BD46BDE8F083D4F8EC3003F18F029633F9
:1016A00007F11009019304F1110302920093CDF8A0
:1016B0000C9007F1200332464146284620F0CDFB2E
:1016C00008B1254BB6E7237A052B0FD1D4F8E010EB
:1016D00009B30B4607F1200C01F1100E1868596888
:1016E000624603C2083373459446F7D1D4F8EC3010
:1016F000039703F196028F33019304F10A030292D8
:101700000093424607F120033146284620F0A5FB0E
:1017100038B1124B8EE7102207F1200022F0E9F8D1
:10172000E4E71022394604F1B70022F099FA58B9DB
:101730004946204620F014F805460028A6D101218C
:10174000201D1FF091FFA1E70B259FE73FFE06003C
:101750004C480600D4FC060054FE060077FE060046
:101760002DE9F04397B0D0F8EC80CE6898F803509C
:1017700004AF0446002D7DD11022294607F1200038
:1017800022F0B7F8237A052B58D8DFE803F00603D8
:1017900003065746D4F8D8303B6208F18F03029312
:1017A00008F1960307F11009019304F11103009366
:1017B000CDF80C9007F1200304F1270204F1370162
:1017C00004F1C70020F049FB002846D11022314621
:1017D000484622F045FA00284AD1227D637BB88032
:1017E000C7E902009A4294BF00920093D4F8EC003B
:1017F00004F147033A1D07F108011EF023FA0028FF
:1018000031DA304B7B643048022307F140024FF459
:1018100082513B641FF01AFF1FE0D4F8E030002B28
:10182000BBD007F1200C03F1100E1868596862460E
:1018300003C2083373459446F7D1AEE76C4688B0CF
:1018400004AA22492048C2E90513032342F8103FA5
:101850004FF4C2511FF0FAFEA546082528464C3722
:10186000BD46BDE8F0830121201D1FF0FDFEF5E718
:101870000B25F3E7012D18D1051D102128461FF077
:10188000BFFE314604F1B70306F1100251F8040B14
:1018900043F8040B9142F9D1072128461FF027FE97
:1018A00028B1092128461FF0DFFE0025D6E70A21CE
:1018B00028461FF01CFE0028F3D12046FFF78CFEBF
:1018C0000546CBE79BFE06004C480600D4FC06000C
:1018D00070B51A4BD0F8EC601B7805462BB301F0BD
:1018E0000F042846FFF77CF8032802D0B37A022BB6
:1018F0001ED804F00B04124A05F5AA731278BFF340
:101900005B8F53E8001F013103D143E8002000281A
:10191000F7D1BFF35B8FBFF35B8FD5F85431BFF3C3
:101920005B8F43B144F0010070BD01F00704D8E7BC
:1019300044F00404DFE704F0FE00F5E7ADB2002058
:10194000CE150020F8B505461FF083FE044600289A
:101950007AD0061D042130461FF0C9FD002876D13B
:10196000022130461FF0C3FD002869D10321304613
:101970001FF0BDFD10B16FF00F00F8BD0121304622
:101980001FF0B5FD0028F6D12046FFF79BF8002890
:1019900060D0D5F8B83033B12046FFF7BFF970B149
:1019A0006FF06800E9E7287A05F1880101F09EF9F7
:1019B000C5F8B8000028EFD16FF00B00DDE701217A
:1019C00020461FF076FE07460028E9D006210C309D
:1019D00020F0DEFA092105462046FFF779FFA870BE
:1019E0002046FEF7FDFF1D4B28701B7853BB1C4B98
:1019F0001B786B701023EB70AB7813F0010314BFEE
:101A0000032200226A712B7184F8E8306B7984F824
:101A1000E930012363722B68C4F80A30AB88E38194
:101A2000002239462046FFF77FF8204602211FF0AA
:101A30001BFE0B211FF018FE032130461FF014FE81
:101A400000209AE70123D4E76FF07F0095E76FF05D
:101A5000040092E76FF015008FE700BFAEB20020E0
:101A6000AFB200202DE9F04389B0061DD0F8EC405C
:101A7000CB6802AF8046022130461FF038FD0028B7
:101A800040F08380032130461FF031FD00287CD1D7
:101A9000012130461FF02BFD002876D11D783C4BEC
:101AA0001B787BB105F00F05D4F8B8306BB1DB893A
:101AB00003F02403D3B92046FFF744FF00285BDB83
:101AC0000F215FE005F00705EEE704F18809217AB0
:101AD0004A46202001F0D0F9C4F8B80030B9217A84
:101AE0004A46042001F0C8F9C4F8B800D4F8B81088
:101AF0000029E0D06B0721D54B7BD8071ED4404688
:101B0000FEF76EFF0328E8460AD088B002AA214BF0
:101B1000C2E90535032342F8103F4FF4C65108E0EF
:101B200088B002AA1C4BC2E9053542F8100F4FF4E9
:101B3000C4511A481FF08AFDC546BCE72A0704D5E0
:101B4000CB899B0601D4E846DFE70B7B009301F1CC
:101B5000180201F11A03204610311EF073F8002814
:101B60000FDA0F4B7B610D48022307F110024FF48F
:101B700082513B611FF06AFD08201C37BD46BDE85D
:101B8000F083012130461FF06FFD0020F5E700BF14
:101B9000ADB20020B6FE0600DDFE06004C48060091
:101BA0009BFE060037B505460C46FEF7FBFE0346D6
:101BB000F8B10068E8B122788DF8002062788DF8DD
:101BC0000120A2788DF80220E2788DF80320227996
:101BD0008DF8042062798DF805201B68D5F8EC009B
:101BE000694698470138C0B208289ABF024B185C72
:101BF000002003B030BD00BFE40007002DE9F8432A
:101C00000D46D0F8EC800446FEF7CCFEEE68F37883
:101C1000073B092B814600F2D680D8F8B8306BB16B
:101C2000271D0F2138461FF062FC98B92046FFF7A8
:101C300075F878B1C5B22846BDE8F88398F8080071
:101C400008F1880101F052F8C8F8B8000028E7D17F
:101C50000825F0E7012363723368C4F80A30B388BB
:101C6000E38102232374B1782046FFF731FEE0744C
:101C70002046FEF7B5FE102360742375337903F018
:101C800003036375737903F00103A375E37C1B07FA
:101C90000CD5B3781D0709D5052138461FF0E4FCA3
:101CA000637D03F0020363750023A37505213846A5
:101CB0001FF01DFC002859D0464B1B78A374E37C11
:101CC000980606D5B378990603D5142138461FF037
:101CD000CBFCE37CDA074BD5B378DB0748D50D2185
:101CE00038461FF0C1FCA37D84F8E830637D84F89A
:101CF000E930032138461FF0B7FC31782046FEF763
:101D000095FE2072D8F8B81020461FF030FC00284D
:101D10005BD020461FF050FC054600288BD10521E2
:101D200038461FF0E4FB314688BB2046FFF73AFFF8
:101D300000284CD12046FEF735FE06462046FFF728
:101D40002FF8002843D1237AB3B90F2138461FF06A
:101D5000CEFB88B986B1B36973B138460A211FF04A
:101D600083FCB369D4F8EC00984764E71A4BA4E706
:101D700000236375A375B6E7032120461FF074FCAA
:101D80000E211FF071FCBDE8F8431FF0B1BC2046E6
:101D9000FFF708FFD8B9237A93B90F2138461FF00F
:101DA000A6FB68B9B9F1000F0AD0D9F818303BB1D9
:101DB00038460A211FF058FCD9F818304046D3E7BE
:101DC0000C212046DDE7062535E7032533E70546E8
:101DD00031E700BFAFB20020AEB2002038B51249E3
:101DE0000446A0F1EC05343021F026FA28461FF015
:101DF000FCFCBFF35B8F0D4A04F1640353E8001F42
:101E000043E800200028F9D1BFF35B8FBFF35B8F5D
:101E100068344FF0FF3354E8002F44E800310029C4
:101E2000F9D1BFF35B8F38BD492B04001057002058
:101E3000F8B5061DCD6804460B2100AF30461FF0F3
:101E4000DFFB2B4604F1170205F1100153F8040BD8
:101E500042F8040B8B42F9D1D4F8EC30DB783BB973
:101E6000042120461FF000FC1FF05CFCBD46F8BDBD
:101E7000052130461FF03BFB18B920461FF069FDD5
:101E8000F4E7237A012B08D0022B12D1042120463B
:101E90001FF0EAFBFFF744F9E8E70A2130461FF09C
:101EA00026FB0028F2D0304600211FF0DDFB002089
:101EB000DCE76C4688B06A4606490748C2E9051364
:101EC000032342F8103F4FF4C2511FF0BFFB08201C
:101ED000A546CBE7D4FC06004C4806002DE9F843A4
:101EE0000D46D0F8EC900446FEF75CFDED68EB780B
:101EF000073B092B804600F2B9802A7994F8E83034
:101F0000134084F8E8306A7994F8E930134084F893
:101F1000E930022323742B68C4F81130AB88A4F88D
:101F20001530AB781F0706D5237B1E0703D5052187
:101F3000201D1FF099FBAB78980606D5237B9906E8
:101F400003D51421201D1FF08FFBAB78DA0742D593
:101F5000237BDB073FD50D21201D1FF085FB297852
:101F60002046FEF763FD2072D9F8B81020461FF016
:101F7000FEFA00287CD020461FF01EFB064638BB28
:101F8000271D052138461FF0B2FA00283CD129460A
:101F90002046FFF707FE00286CD12046FEF702FD21
:101FA00005462046FEF7FCFE002863D1237AB3B92C
:101FB0000F2138461FF09BFA88B185B1AB6973B128
:101FC00038460A211FF050FBAB69D4F8EC00984763
:101FD0003046BDE8F8830023A4F8E830BFE70A21C3
:101FE00038461FF084FA50B9204603211FF03CFB0D
:101FF0000E211FF039FBBDE8F8431FF07ABC002129
:1020000038461FF031FBE3E794F8E93084F8E860E4
:1020100003F0020384F8E93029462046FFF7C2FDA9
:1020200040BB237A93B90F2138461FF060FA68B19C
:10203000B8F1000F0AD0D8F818303BB138460A2161
:102040001FF012FBD8F818304846C0E70A4B1B684F
:102050000BB90621D4E720460C211FF005FB0B210C
:102060001FF0CEFABDE8F843FFF7AEB80626AFE79B
:102070000326ADE70646ABE7947D00202DE9F04F3F
:1020800093B00D4604AF0446FEF78CFCEB6804F1F8
:10209000370A8046524603F1100153F8040B42F808
:1020A000040B8B42F9D1261D052130461FF01FFA83
:1020B000D4F8ECB000286DD10BF1960304F1470978
:1020C00007F1100801930BF18F030093CDF80880FE
:1020D00004F1100304F10902514648461FF0AEFB1B
:1020E00078BB1022414604F1170021F0B9FD002809
:1020F0004ED19BF8035004F12701434665BB0A46C5
:10210000484651461FF08BFAD8B9227D637BB880D0
:10211000C7E9020007F108019A4294BF00920093B8
:10212000584643463A1D1DF08DFD60B18A4B7B63D6
:1021300002238A483B6307F130024FF482511FF0BB
:1021400085FA082503E0012130461FF08DFA284664
:102150003C37BD46BDE8F08F524648461FF05FFA57
:1021600008B17F4BE3E707F12002434603CB9342DC
:10217000C9F80000C9F80410984609F10809F4D11B
:10218000012130461FF070FA20461FF0CBFA44E0E0
:102190000425DCE79BF80330002B5FD12046FEF7D7
:1021A00029FD05460028D2D1237A052B37D8DFE850
:1021B00003F0461F1F03364607F1200369480093CA
:1021C0000068534604F1270204F1570101F0A4F816
:1021D0000028B6D10A2130461FF046FA09211FF027
:1021E00043FAD8F80C30396AD4F8EC0098472FE05D
:1021F00094F8DC300133DBB2142B84F8DC301ED0D1
:10220000102104F127000EF025FA002899D10321AE
:1022100020461FF029FAFEF783FF054697E76C4634
:1022200088B004AA50494D48C2E90513032342F877
:10223000103F4FF4C2511FF009FAA54681E707216C
:1022400030461FF054F928B1092130461FF00CFA2E
:1022500000257CE72046FFF73DF9DEE7237A052BD2
:10226000DDD801A252F823F0B3220400BF220400FB
:10227000BF220400812204001F2204001123040055
:1022800007F1200337490093096804F127035246F8
:1022900004F1570001F040F800287FF452AF0A2102
:1022A00030461FF0E1F9D8F80C30396AD4F8EC0068
:1022B00098470D2120461FF0D7F9102161E72046ED
:1022C000FEF798FC054600287FF441AF0321204625
:1022D0001FF0CAF91FF026FA054600287FF437AF31
:1022E00094F8DC300133DBB2142B84F8DC3005D1F8
:1022F0000D2120461FF0B8F91021A6E7102104F1A6
:1023000027000EF0A7F9051E18BF0125ED001EE7F6
:10231000102104F127000EF09DF9054600287FF4F6
:1023200010AFB8F1000F15D0D8F8103093B10F4BA3
:102330001B883B8407F1200120461FF0BBF80C21CD
:10234000C4E9385530461FF08FF9D8F8103007F13E
:10235000200149E70225FAE69BFE06004C480600EC
:102360000CFF0600947D0020D4FC0600854B06007F
:10237000F0B5D0F8EC40D4F8B83087B00646051D6B
:10238000002B37D1444B05934FF48451022343482B
:10239000049304AA1FF05AF90721414B5F5CD4F85B
:1023A000B8304BB11B7B002B5DD1D4F8B8001FF0C7
:1023B000E6FC0023C4F8B830022128461FF097F845
:1023C00040B9072F96BF374B1F21D95D3A462046AB
:1023D000F9F7E0FF032128461FF089F868B3324B74
:1023E0001B6853B31D6805B10C3D53F8083C002B26
:1023F00042D144E089BB0D2128461FF078F80746FA
:1024000020B1D4F8B80008B100F0E6FE264B1B68F6
:102410009BB11D6805B10C3D53F80C3C13B1394616
:10242000204698474DB12B46ED681B681DB10C3D09
:10243000002BF4D1F7E7002BF1D130461FF0D5F98E
:10244000637B072B25D1627AA37A9A4221D020465A
:1024500007B0BDE8F0401FF02EBB0139C9B20E290C
:102460009BD909279BE7022128461FF040F8002846
:102470009BD1A1E70C3D23B1394620469847002D5A
:10248000DBD02B46ED685B68002DF3D1002BF3D138
:10249000D3E707B0F0BD00BF21FF06004C4806009F
:1024A000ED000700DC000700A8790020F0B5031D4F
:1024B00089B006460F46184602211FF018F8044658
:1024C00020B1B6F8E840B4FA84F464090321184650
:1024D0001FF00DF8B0B139463046FFF749FFF4B1AF
:1024E0001D4B1E4807934FF48451022306AA0693FE
:1024F0001FF0ACF80521D6F8EC001DF05EFC0020C2
:1025000009B0F0BD012118461EF0F1FF0028E2D10C
:102510000F2118461EF0EBFF0028DCD1DFE7052174
:1025200030461FF0C6F8054690B101210C301FF06F
:102530002FFD07700094D6F8EC0023462A460621AA
:102540001DF00AFD0028DAD0284611F043FCD6E73A
:102550006FF06800D4E700BF4BFF06004C48060050
:102560002DE9F04387B00B8A00AF04460E467BB9D5
:10257000474B7B614748022307F110024FF4825119
:102580003B611FF063F800201C37BD46BDE8F083B7
:10259000012106F10C001FF02CFDA4F1EC05E83C34
:1025A0008046042120461EF0A2FF98F8001078B162
:1025B0006C4688B06A46384B3648C2E90531032379
:1025C00042F8103F4FF4C4511FF040F8A546DAE737
:1025D0000E2904D96C4688B06A46304BECE7DFF828
:1025E000CC9059F831309BB96C4688B06A462C4B78
:1025F0002848C2E9053103234FF4C45142F8103F83
:102600001FF024F80721A5462846FFF74FFFBAE739
:1026100028461FF0C3F898F80030B0B9E84688B0F3
:102620006A4620491B480326C2E905134FF4C451EA
:1026300042F8106F1FF00AF83146C54620461EF0DA
:1026400056FF00289FD00821DEE709EBC302318A3C
:1026500012798A4211D06C4688B06A461248D3611A
:102660000423C2E905014FF4015142F8103F094823
:102670001EF0ECFF0A21A546C6E7314659F8333073
:1026800028469847014600283FF47DAFBCE700BFCD
:10269000A3FF06004C480600BEFF0600EFFF060041
:1026A000110007002B00070088F70600947506004C
:1026B00030B51C4B87B0186058B91B4B05931B48AD
:1026C000022304AA4FF4845104931EF0BFFF07B005
:1026D00030BD1748174C17F0E1FE00250621201DDC
:1026E0001EF005FF78B1D4F8EC30DB78204683B9D2
:1026F000FEF76AFD014610B12046FFF7D7FE0C2118
:1027000020461EF0B1FF0135062D04F5AC74E5D16D
:10271000DDE7FEF785FD01460028F4D02046FFF7EF
:10272000C5FEF0E7947D0020460007004C480600F7
:10273000F0190020105700202DE9F04786B090F8DE
:10274000E930D1F80C80D0F8EC5023F0020380F887
:10275000E93098F8003000AF044605F18809ABB3C2
:1027600098F8063003F0C003C02B2FD04046F5F791
:102770001BFB6E4688B06C465F4BDFF88C812546AC
:102780004FF4007AC4E90530A4F81CA045F8108F76
:102790004FF4E2512A4659481EF058FF4846B546C4
:1027A000F5F702FBA546564BA4F81CA0C4E905307A
:1027B000C4F8108051482A464FF4E2511EF046FFFB
:1027C0000A20B5461837BD46BDE8F08707224146C6
:1027D000484621F045FA68B1287A414600F0C4FB2A
:1027E000064638B1014620461EF0C1FE20B33046F1
:1027F0001FF0C5FA0D21201D1EF079FE00285DD0C6
:10280000297A4A4602201FF0A6FA0646B0B9484681
:10281000F5F7CAFA6C4688B06A463A4BC2E9053009
:102820004FF400739383384B42F8103F33484FF412
:10283000E2511EF00BFFA5460820C3E7EB78BBBBB7
:1028400005F196031878012821D19A7902F0C00287
:10285000402A1CD1D3F80120C6F83A20B3F805303D
:10286000F38795F8883093B195F88E3003F0C00364
:10287000C02B0CD02549C7E900983A46F9F77CFCF3
:10288000701C41461EF0DBFE2846F9F755FD304628
:10289000F7F730FF78B11E4B7B61022317483B618D
:1028A00007F110024FF484511EF0D0FE032089E797
:1028B00005F18F03C6E73046F7F72CFF94F8E930AF
:1028C0005B0703D50A2120461EF0CEFEEB7823B12C
:1028D000B4F8E81059B1002074E794F8E930002BFF
:1028E000F6D12046FEF76AFB0028F1D06AE72046C1
:1028F000FFF73EFDEFE700BF5F0007004C48060012
:1029000091FD06006AFD060003000001C9170600DC
:10291000730007002DE9F0410B46D0F8EC5000AFF2
:1029200004460D2104301EF0E2FD50B305F1880885
:10293000297ADE68424604201FF00DFAC0B94046ED
:10294000F5F732FA6C4688B06A46204BC2E905308A
:102950004FF4007393831E4B1E4842F8103F4FF410
:10296000E2511EF073FE0820A546BD46BDE8F08189
:10297000324632F8023B0383D6F8023003615368D3
:10298000436194F8E93023F0010284F8E9209A07C2
:102990000AD5082120461EF067FEEB7843B1B4F853
:1029A000E81079B10020E0E75B07F6D50A21F1E7EE
:1029B00094F8E930002BF2D12046FEF7FFFA002808
:1029C000EDD0D2E72046FFF7D3FCEBE76AFD060027
:1029D000030000014C4806002DE9F8430E4600AF05
:1029E000D0F8EC800446FDF7DDFFF668E94688B0D4
:1029F000337805466A4614491448C2E9051303238F
:102A00004FF4C25142F8103F1EF020FECD4604F1B3
:102A100004090A2148461EF0C1FE40B175B920469E
:102A20003178FFF7A5FC0020BD46BDE8F8830B21F7
:102A300048461EF0B3FE0028F0D1F0E76B69002B8A
:102A4000EDD040469847EAE7AE0007004C48060044
:102A50002DE9F0410546A0F1E80604460F46304650
:102A6000012155F8EC891EF099FE00285FD0CFB106
:102A7000032130461EF03BFD002858D03846F7F7BA
:102A800071F80138C0B208289ABF2E4B1C5C002494
:102A9000022130461EF0E8FD21462846BDE8F041FF
:102AA000FFF766BC98F80B30002B40D0032130466E
:102AB0001EF01DFD20B92846BDE8F0411EF095BE70
:102AC000052130461EF013FDB8B114F8043C1F0771
:102AD00007D514F8033C180703D5112130461EF022
:102AE000C3FD14F8043C23F0080304F8043C14F874
:102AF000033C23F0080304F8033C14F8033CD90713
:102B000017D5062128461EF0AFFD022130461EF0E3
:102B1000ABFD98F8033013B914F8033C3BB92846D1
:102B2000FEF74CFA18B934F8041C0029B5D0BDE8FA
:102B3000F0819A0701D50821E4E75B07E5D50A2172
:102B4000E0E700BFE400070010B5044686B00B4B79
:102B5000059304AA02230A4804934FF482511EF0FD
:102B600075FDA4F590700821FFF702FC0421A4F57F
:102B70008E7006B0BDE810401EF076BDD000070094
:102B80004C4806002DE9F04100AF04461EF061FDFF
:102B9000054660B3061D032130461EF0A8FC30B385
:102BA000D4F8B80008B11FF0EAF804F18808207AD8
:102BB000414600F09BF8C4F8B800D8B94046F5F794
:102BC000F3F86C4688B06A463A4BC2E905304FF4D8
:102BD00000739383384B394842F8103F4FF4E25169
:102BE0001EF034FD0821A5462846FFF75FFCBD46D0
:102BF000BDE8F0810E2130461EF079FC28B1D4F8F2
:102C0000B820537B43F0020353732A7AD4F8B810E8
:102C1000032A4B7B3AD8002A3FD0D4F8B820537B04
:102C200043F0010353732B7D697BD4F8B8208B42AA
:102C300028BF0B461373052130461EF058FCD4F80C
:102C4000B8305A7B90B342F010025A730D213046CF
:102C50001EF04DFC0028CAD0D4F8B80020211FF087
:102C60008AF8D4F8B83005F147021A33573552F8CC
:102C7000041B43F8041BAA42F9D1D4F8B82000235E
:102C800013615361D4F8B8201383B0E7053A012AE1
:102C900003D843F020034B73BFE723F020034B73AB
:102CA000D4F8B820537B23F00103BBE722F01002D5
:102CB0005A739CE76AFD0600030000014C480600B9
:102CC00008B5074B074893F8A23003F006039A1F94
:102CD00053425341044A1370F8F7C2FC002008BD68
:102CE00050010020000D0020ADB200202DE9F74F6B
:102CF000DFF80081DFF8EC9007460E460025072438
:102D000018F8013CBB420CD1314640461FF012F886
:102D100038B1334A602303FB0522104603B0BDE8F7
:102D2000F08F072C06D1494640461FF003F80028D3
:102D300018BF2C460135072D08F16008E0D1072C9B
:102D4000274D3BD14FF00008DFF8ACB0A946444610
:102D5000C2466A4659460F208DF800A08DF80180C2
:102D6000F9F70AFA9DF8003033B914B3D9F85C20AA
:102D7000E36D9A4238BF4C4608F10108B8F1070FDD
:102D800009F16009E5D194B104F1010868464146B2
:102D90001EF0DAFF01462078F6F7C2FE11494046E0
:102DA0001EF0C8FF18B1641BB4F5107F03D90022D0
:102DB000B3E74C46E0E70C4B64115C4360235C4393
:102DC0002A192F550134314628191EF0BDFF074935
:102DD0000B6801330B60D365054B1A609DE700BF9C
:102DE000A07D002032E30600ABAAAAAA9C7D0020A9
:102DF000987D0020A17D0020A52F04002DE9F3413E
:102E00000C4C05460E46174604F52878B4F80D30EC
:102E10004BB114F8013CAB4205D1214668461EF087
:102E200093FF3946B04760344445EFD102B0BDE866
:102E3000F08100BFA17D00202DE9F041084C05463E
:102E40000E46174604F52878E3892B4202D039460E
:102E50002046B04760344445F6D1BDE8F08100BF5C
:102E6000A07D002008B5034900220220FFF7E4FFFF
:102E7000002008BD451D06002DE9F0410E4D064617
:102E80000F4690460024B5F80D3033420CD015F8AB
:102E9000013CBB4208D1414628461EF04BFF18B109
:102EA00006482044BDE8F0816034B4F5287F05F180
:102EB0006005E8D10020F5E7A17D0020A07D00207D
:102EC0002DE9F0410B78012B07460D4602D000207A
:102ED000BDE8F0818B7903F0C003402BF7D11F4E82
:102EE000002401F1010836F82C3C9A070CD516F89D
:102EF0003A3CBB4208D106223146404620F0B0FEA3
:102F000010B917482044E3E76034B4F5287F06F190
:102F10006006E8D1134E002405F1010836F81C3C88
:102F20009B0714D516F82A3CBB4210D141463046C7
:102F30001CF02FF958B10A4BD5F8010004F13A0200
:102F4000D1189850B8F804208A80E018C0E760349F
:102F5000B4F5287F06F16006E0D1B8E7DA7D0020FD
:102F6000A07D0020CA7D0020F8B50C4D06460F4616
:102F7000002415F8013CB34207D1394628461EF01B
:102F8000D9FE10B106482044F8BD6034B4F5287F5E
:102F900005F16005EDD10020F6E700BFA17D00201E
:102FA000A07D002038B5427B072A0C4611D1057A56
:102FB0001CF001FF01462846FFF7D6FF48B16378B1
:102FC000044A03EB430302EB4313984204BF01237B
:102FD000237038BDA07D00202DE9F0419AB0144641
:102FE00000AF064690B9714B7B6202233B624FF4FF
:102FF0008251034607F120026D48F1F7D5FB6FF0CF
:10300000150528466837BD46BDE8F081542207F112
:1030100010011846A047041E10DA6D4688B06A46B3
:10302000644BC2E90534032342F8103F6048002393
:103030004FF4C251F1F7B8FBAD46E0E707F10801E4
:1030400030461CF012F9054698B16C4688B06A46C5
:10305000594BC2E905364FF400739383574B42F83E
:10306000103F00234FF4E2515148F1F79DFBA54674
:10307000C5E7391D30461AF050FE786888B10A223B
:10308000294618F067FA60B16C4688B06A464C4B26
:10309000C2E90530032342F8103F4FF4C2512B46DA
:1030A000E2E71CBB07F1080221463F20FFF7E4FEE0
:1030B00020B16022214620F01CFCA2E707F10800A5
:1030C000F4F772FE6E4688B06A463E4BC2E90530A0
:1030D0004FF400739383394B42F8103F3448234632
:1030E0004FF4E451F1F760FBB5468AE707F10801B8
:1030F0000020FFF7FBFD0646C8B907F10800F4F70A
:1031000053FE6C4688B06A462F4BC2E905304FF437
:1031100000739383294B42F8103F254833464FF400
:10312000E251F1F741FB6FF00B05A54669E7542C1E
:1031300018D0502C24D107F10800F4F735FEE846EA
:1031400088B06A46214BC2E905304FF4007393837F
:103150001A4B42F8103F164800234FF4E451F1F7A0
:1031600023FBC546224607F1100106F10C0020F0B2
:10317000B2FB174BF26D19688A4288BF1A6040E7AC
:103180006D4688B06A46134BC2E905345423D361B7
:10319000042342F8103F064800234FF40151F1F791
:1031A00003FB3046AD461EF0EAFD28E7D2E30600F9
:1031B000244806003501070035F806000300000129
:1031C00051F8060054010700770107009601070037
:1031D0009C7D0020B8010700B0B50146024600AF53
:1031E00011F8010B54230C32F5F7DAF9044678B1E3
:1031F0006D4688B06A46084BC2E90530032342F8A1
:10320000103F064800234FF4C251F1F7CDFAAD4606
:103210002046BD46B0BD00BFD601070024480600C9
:1032200008B5FFF7A1FE48B1054A1368834205D0EF
:10323000044910600B6801330B60C36508BD00BF13
:10324000987D00209C7D00202DE9F0479AB01D4616
:10325000DDE923972E4B16460CAA84468A4603F1D5
:10326000300E904618685968144603C408337345F5
:103270002246F7D118681B7920602371614620220D
:1032800004A81EF08FFD23486B46202204A91EF0DF
:10329000A1FD0446C0BB102251460DF135001EF0C1
:1032A00081FD102231460DF145001EF07BFD2946BF
:1032B000062211F8013B8DF855300DF156001EF035
:1032C00071FD2299062211F8013B8DF85C300DF159
:1032D0005D001EF067FD4B463522414668461EF0F4
:1032E00079FD044680B948461EF066FD01238DF83D
:1032F000303035223B46414668461EF06BFD0446A1
:1033000010B938461EF058FD20461AB0BDE8F087C7
:10331000874B06000302070070B598B00E461446AE
:103320000146202204A81D461EF03CFD2022314605
:103330000CA81EF037FD1022294614A81EF032FDFD
:103340001022214668461EF02DFD6B46502204A92E
:1033500018461EF03FFD40B9039B054A1BBAB3FB5C
:10336000F2F102FB11331C9A136018B070BD00BF5C
:1033700040420F0000F1070C2CF0030C10B4541E57
:103380001860A4B2ACF80020023A93B201FB04F238
:103390004FF0000C40F802C074B103FB011403FBB2
:1033A00001F22044121B4FF6FF7C013B9BB26345A8
:1033B0008050A0EB0100F8D15DF8044B704700BFCE
:1033C0000346006810B102680AB91A60704700F13C
:1033D000070C2CF0030CD11DBCF800C021F0030138
:1033E0000CF1FF3CA1F800C0EFE700BF0B687BB118
:1033F000073323F003031A88013292B20346D1F84F
:1034000000C043F807CB23F003031A80086070471D
:103410000122F3E702FB0100704700BF401A90FB56
:10342000F2F080B2704700BF531E11449BB242B10C
:10343000DB430138CA1811F8013D00F8013F914201
:10344000F9D17047014402E010F8013B1BB98842F2
:10345000FAD1002070470120704700BF106008605B
:10346000704700BF0A6803460068904205BF00220B
:103470000A6000201A60704710B414682060146855
:1034800061605DF8044B1060704700BF884203D054
:103490001AB1436813607047002070470B6883427D
:1034A00009D02AB1586810601A680A601846704737
:1034B000002BF9D1FAE70023F8E700BF2DE9F0412E
:1034C000DFF834800B4E0C2706F130044546221DF0
:1034D000214628460C3CFFF7C1FFA642A5F108058E
:1034E000F5D1043F3B1DA8F12008A6F13006EBD131
:1034F000BDE8F08148810020BC80002010B4034664
:103500008C46A2B101EB4101154803EB43040901CC
:1035100001EB84010144487A0C7AA04204BF0130D7
:1035200008725DF8044B6146184610F07DB901EB56
:1035300041020B4C120100EB400302EB83032344D6
:103540009C7ADA7AA24202D05DF8044B70470132CD
:103550009A72044B01225A545DF8044B10F0B8B92A
:10356000C480002040800020F8B506461C460D4669
:1035700002B322786378D21A12F003023AD1274FAD
:1035800071004FEA450C3144AC44890001EB0C1149
:1035900001330431DBB27A18606823702146FFF7EB
:1035A0006BFF1F4B0122294630465A5510F090F907
:1035B0000020F8BD10F076F90028DAD02946304610
:1035C00010F050F90028D4D005EB450206EB460177
:1035D000124F6378120102EB81023A447100907A33
:1035E000D27A90424FEA450C0CD02078C01A10F0E5
:1035F0000302C8D0012A03D00133DBB22370D0E725
:103600001046F8BD2278D21A920702D00233DBB2FC
:103610002370D4E902039847CAE700BFC4800020A2
:10362000408000202DE9F04FDFF8649119F8003058
:1036300089B0002B5AD0DFF85CA13C2204234FF064
:10364000000B00EB400712FB00330324CDE904BB61
:1036500009F800B00AEB0717039302948346B846B3
:103660000023B96A58F8240F079307AAFFF70EFF43
:10367000044607AAB4B1079D2E786978761A06F039
:103680000306012E35D02B78591A01F003010129C8
:10369000DBB23DD1D7E90901FFF7F8FE044607AADE
:1036A000002CE8D197F82E3097F82F209A4203D0BB
:1036B00087F82F300123049397F82C3097F82D20AA
:1036C0009A4203D087F82D3001230593029B5D1E9B
:1036D000EBB2FF2B0293A7F10C07C0D1049AD84696
:1036E000DDF814B012B1BBF1000F45D009B0BDE850
:1036F000F08F01396970079BD3E902039847079D52
:103700002A786978D3B2521A02F00302012A21D032
:10371000B86A019300224146FFF7C0FE6C60019B2E
:103720006A786B702B789B1A03F00303012B08D087
:10373000D7E9090107AAFFF7A9FE012E044698D18F
:103740000EE0039B6A70294620460AEB0302FFF74E
:1037500093FEEDE7D7E9090107AAFFF797FE0446B4
:10376000029B8BB101235946584609F80B3010F0E3
:10377000AFF809B0BDE8F08F5A464146404609B05F
:10378000BDE8F04F10F050B8002C8BD0EAE700BF36
:1037900040800020C48000204B1EDBB271B1411E6E
:1037A00000EB030C002011F8013F23B15A1E013039
:1037B0001340C0B2FAD16145F5D170470846704751
:1037C000F0B5514D83B00746032601240421384645
:1037D0000DF0BEFA38681F2320FA03F2013BDBB27A
:1037E000FF2B4FF0000C4FF0010E14D020FA03F124
:1037F00001F001018A4232D00CF101021C2BD2B23D
:103800004ED9192A3BD094464FF0010E0A46013B8F
:10381000DBB2FF2BEAD180EA050301930DF1040C22
:103820000DF1080E00221CF8013B23B1591E013294
:103830000B40D2B2FAD1E645F5D1012A07D983B2BD
:10384000B3EB104F28D1C3B2B3EB106F24D1013EBC
:1038500016F0FF06BAD16FF00D0003B0F0BD0EF107
:103860000102D2B2062A2CD904FA03F271B120EA7D
:10387000020000210CF10102D2B2192AC3D1013396
:1038800004FA03F329B15B421840C4E71043012155
:10389000F0E7013B1843BEE73860002003B0F0BDFD
:1038A000AFD0012AADD104FA03F239B120EA020007
:1038B0000021BCF1010FDDD00A46A8E71043012129
:1038C000F7E701D01C2B02D996460A469FE7BCF1C8
:1038D000000F0AD1012202FA03FE69B120EA0E00AC
:1038E0008E4661460A46F44691E71C2BECD0BCF1AB
:1038F000010FD8D09646E8E7114640EA0E009446FC
:1039000096460A4683E700BFD6BE898E30B5037E51
:103910000568FF2B14D003EB43028B4205EB021228
:1039200027D04FF0000C01E099420BD09E4613784F
:103930009468FF2B03EB4302A44405EB0212F3D17E
:10394000002030BD714517D00FFA8EFE13789068B5
:103950000EEB4E0E4FEA0E1EFF2B05F80E3006D072
:1039600003EB430305EB03139A6802449A60604437
:1039700030BD9E464FF0000C13780376E4E700BF9D
:10398000A2EB010C1CF4000F10B4836844690BD146
:103990002CF07F4C6344A3420ED8E41A0023446108
:1039A00083605DF8044B7047891A21F07F418B4298
:1039B00009D95B1AA342F0D91B1B00244461836020
:1039C0005DF8044B70470C44E41AE7E72DE9F8432F
:1039D000284DBDF82C7004464FF02C0E0EFB045EF3
:1039E000084604EB840104EB4104DEF8041001EB0B
:1039F000C00605EB8405F47811F83080717804F185
:103A0000010C5FFA8CFCE04598BF4FF0000C61455B
:103A10002DD0716804EB44044FEA041901EB04143F
:103A20004FF0040801F809806360089BA360099BBC
:103A3000E3600A9B23610C9BA361119B63620D9B56
:103A4000E3610E9B23620F9BA362109BE362022340
:103A50006270A782A37086F803C0DEE90836984733
:103A60002B4641460022B047A078BDE8F8830120EC
:103A7000BDE8F883848100202DE9F04F0346407AA9
:103A8000D3E9004587B0002800F0FC80421ED2B286
:103A900005EBC2029A468B46039205952346039A8C
:103AA000516856780491BBF1FF0F66D00BEB4B04C5
:103AB0004FEA0418CDF804B013F808B003EB04146F
:103AC00000254FF0FF0C84F800C0DAF800709AF877
:103AD000182007EB08096245D9F8081018BF0296AC
:103AE0000ED1C9E0091A06D1B9F81E80BEF81EE051
:103AF000F04500F2B580B85DFF2894466DD00246CF
:103B000002EB420607EB061E3601DEF8080088428B
:103B1000E8D9029EC9F80810BCF1FF0F89F800200F
:103B200064D00FFA8CFC0CEB4C0C4FEA0C1C019887
:103B300007F80C00FF2A06D002EB420207EB02173F
:103B4000BA68521ABA60A27801326270002DAAD007
:103B5000AA6A4FF000012970A97022B1E96A0193A5
:103B600000209047019B6268002A9CD1AA6A2262C9
:103B7000EA6A6262BBF1FF0F98D1039A049F9278C0
:103B8000994606EB4601701CB2424FEA011CC6B2D0
:103B900007EB011567D0039B17F80C101878B0429B
:103BA00008BF00260429ECD16A7802EB420809EB31
:103BB0000814012094F801E0A1788E454FEA081816
:103BC00018D04FF0000307F80C30AA6AA8700AB1A9
:103BD000E96A9047039B9A78D3E70246BCF1FF0F4E
:103BE000029EC9F8081089F800209AD101988AF835
:103BF00018009FE70192AA8ADAF814104FF6FE70B7
:103C000082424B4607D04FF6FF70121AB2FA82F288
:103C1000520984F82C206A6AA262EA6862602A6902
:103C20002262AA8A02934FF6FD739A4288BF00224D
:103C3000A283AA69A261EA69E2602A6A2261AA688B
:103C4000A260002363616A682046FFF799FEE2786C
:103C5000002342F001026362E383E270029B30E7DB
:103C6000029E014656E70399059881424B46A1F111
:103C7000080207D0039212E707F80820019A8AF891
:103C8000182060E707B0BDE8F08F00BF2DE9F04FC6
:103C9000447E01238BB08376002C42D1037EFF2B20
:103CA00006463DD00FF078F87269F369357ED6F894
:103CB00000A0801A20F07F47BB4294BF002301235D
:103CC000FF2D0293A34600F087800494B14605EBD4
:103CD00045050AEB05142D01A368BB427AD8A078EC
:103CE0001AF80550FF1A9B4463781B1ADBB2012BAC
:103CF0006DD1A369A26A0393B3B9002A00F0928040
:103D00001668002E33D0029BC3B9D9F81C309B45EE
:103D100014D3FF2D00F004810423E18B069390E07F
:103D200084760BB0BDE8F08F029B23B9D9F81C3024
:103D30005B4540F281803AB1166816B1137A002BC8
:103D400073D04FF000031372E38B94F82C200133EF
:103D50009BB2E383002A5BD0A28B9A4258D2A26A1C
:103D6000002A00F0DA80137A012B51D001260023BB
:103D700051685360A36A4FF000021A72A078D4F819
:103D80000C800138A070B8F1000F20D06069D9F81C
:103D90001430626AD4F810C0ABEB00001844E3782A
:103DA00020F07F4003F00103002E35D1B4F81EE06F
:103DB000CDE9003C7346C047E378E68366F3000331
:103DC000E370A369002B029B18BF01230293FF2D10
:103DD0007FF47DAF049C4E46F37AB27A9A4207D1C3
:103DE0000132D2B2022A1ABF144623460023F472CB
:103DF00006EB83030022C3F80CB0746AB276334634
:103E0000012204210320A4460BB0BDE8F04F604717
:103E1000A378013BA370DAE7CDE9003C4FF6FF73CE
:103E2000C047D4E716460021A9E7A18BE38B99424E
:103E300087D80123137287E7FF2D51D0039BE18BB5
:103E40000693A38B6668994224BFCB1A99B205EBFF
:103E500045030AEB031C01FB06630593DCF808101D
:103E6000069B8B423CD3CDE9077BDDF818E0099532
:103E7000A3468846344663460690986900B3DF8BB4
:103E8000B3F81CC05E6867452DD2002E43D1BAB18D
:103E90003546166826B1039911B94044864246D882
:103EA00067450DD3D9789BF8030001F0010700F0B6
:103EB0000106B74236D84140C90701D4002D31D19F
:103EC0001B78FF2B07D003EB43030AEB031399681E
:103ED0008844F045D1D95C46DDE9077B099D069809
:103EE0006AB3002643E796B1A7EB0C05ADB254B117
:103EF00005FB06656D1A0599A9422CBF0025012511
:103F0000002AC6D1CCE72546002AC2D1C8E7002A3C
:103F1000BED11546C6E73D46E9E7A078012682E70F
:103F2000029E24E75C46099DDDE9077B03E75C46CA
:103F3000099DDDE9077B002E3FF403AFFEE6164640
:103F400011461CE72DE9F04F8FB0837E0090002BC7
:103F500040F09A82437E0C93002B78D10098837AAC
:103F6000C27A012141769A424169079100F0EB83C0
:103F70000133DBB2022B00990ABF0C9A1A46134692
:103F800001EB82028B72D368079A0593D31823F052
:103F90007F434B6101230B93009C267E0EF0FCFEB9
:103FA000677A236801937B1E65680490DBB2002F5B
:103FB00000F0D08405EBC30A0027FF2303930D967E
:103FC0000897DAF804B00024A9469AF803009AF892
:103FD00002800FFA88F505EB450508F1010340451D
:103FE0004FEA0517DBB20BEB051500F013819AF8C9
:103FF00000209A4208BF00238AF802301BF80720ED
:104000006978042A39D9019801EB410300EB0316C2
:10401000082A4FEA03130293B078737821D81B1A49
:1040200013F0FF032BD1062A1BD1009BDB7E8B42B2
:1040300050D00BF80740AB6AAC70002BC5D0002005
:10404000E96A98479AF803009AF80280C1E7446A3F
:104050000421034601220420A4460FB0BDE8F04F1E
:1040600060470BF807404FF00103AB70AB6A002BC1
:10407000ABD0E96A01209847A7E79846A9E7052A47
:104080001FD16A684AB9AA683AB9EA682AB92A699E
:104090001AB96A6932F07F42E3D0012B1CD0009B31
:1040A00004215C6A4D4601220846A0470123AA4527
:1040B00008938AF80280AAF1080300F0B1809A46BA
:1040C0007FE7012B00F09681062AE8D1009BDB7E7A
:1040D0008B42AED16968AFE1DDF800804046FFF762
:1040E00015FCB060D8F81410049B059A5B1A23F0F5
:1040F0007F431344984240F2B781C01A7368002B83
:1041000056D0AB8A002B53D0013B9AB2AA82D6F884
:1041100004C0F38B604526D90CF10108CDF8189046
:1041200009911BE0726ADFF8FC917D499144894551
:1041300084BF02F1E87202F5D432C646316A94BFF8
:10414000E64602F5A572013BA0EB0E00521A9BB2A7
:1041500060457262F38340F2ED81AA8A9342E1D80E
:10416000DDF8189009999A4221D9CDE909910CF10D
:104170000102D6F820E00692726ADFF8A891684939
:10418000724491448945E04607D8A2F1E872A2F54D
:10419000D432DDF81880A2F5A57201339BB27262A9
:1041A000F383AA8A9A424044E6D8DDE90991B283B2
:1041B0006B680344B360AA687369B06A134473619F
:1041C00028B103681BB1D5E901329B1A4360049AF8
:1041D0003046FFF7D5FBEA68B3691344B3612A6937
:1041E00093428CBF9B1A0023B361AB7D1BB1F27865
:1041F00063F30002F270EB7D13B1013B86F82C30C3
:10420000DDE901320399995473786A780392013396
:1042100073700EE74D46AA45AAF108037FF44FAF2D
:104220000D9E089F009A0B9B92F818B0BBEB0605F9
:1042300018BF0125002B00F09581049B07995B1A9C
:1042400023F07F48BBF1FF0F1346126801924ED056
:10425000DDF814A00695CDE908674FF00009564631
:104260001D46019A0BEB4B0302EB03144FEA031AB2
:10427000A268B24200F23883A1786378E08B5B1ABF
:10428000E9698A42A6EB02069144A8EB020831BF15
:10429000891A4FF0FF320021EA76E961A269DBB2A8
:1042A00012B1022B00F04B810022A260019A12F899
:1042B0000A202A766168002940F00481A26A1AB1B6
:1042C000127A012A00F0E3803BB1012B00D020B12B
:1042D000236A13B1616A01209847A378637095F847
:1042E00018B0BBF1FF0FBCD1DDE90867069D009C4B
:1042F0000B9B039920465E4518BF1D46FFF7BCFB8C
:10430000D4F800B002954FF0000CB246009B1A7E24
:10431000FF2A104600F036831146FF2605E000BF55
:10432000592B177F5A2B17FF19460BB203EB430388
:104330000BEB03151B01AC6A2CB194F808E0BEF13D
:10434000010F00F004821BF80330FF2B0E46EBD167
:10435000029D5646BCF1000F00F00A81924500F024
:10436000DC82002F00F027811046FF2800F0158323
:10437000FF2E00F0FE82009B1B6800EB400003EB69
:104380000013D3F808B0BBF1000F00F0C2820EF0AA
:1043900003FDDFF8B882AA4FAA4EDDF800A00A2577
:1043A0000246DAF814300192D11A21F07F418B4590
:1043B00005F1FF3501F103015CD959452CBF5B18AC
:1043C0005B4423F07F494846DAF8283098470EF0DE
:1043D000E3FC019AA9EB0203821A22F07F42033226
:1043E00023F07F439A42044646D9002D00F0D48042
:1043F0002246D6E7062A3FF418AEDDF80080404694
:10440000FFF784FAB378B060737098F81B206B786C
:104410009A427FF40EAE1BF80730062B3FF45AAEDB
:10442000009AFF23D3761BF80730062B3FF452AED9
:10443000082B3FF44FAE0499009B5A698B1A1E0259
:1044400009D4059A23F07F4313440099CA699A421C
:1044500088BFCB61EDE5059B521A22F07F42934263
:104460008CBF9B1A0023F0E7726913441B1A736117
:10447000002043E601230C93009A00235376937E99
:104480000C9A1A4340F083800FB0BDE8F08FA378F8
:10449000A6606370079B696903EB09022046FFF77A
:1044A0006FFA019B039A03F80A206378CDF80CB0E9
:1044B0000133DBB2637095F818B0BBF1FF0F7FF4E6
:1044C000D0AE11E7A36A13B11B7A012BDFD0B4F889
:1044D0001EC0BCF1000F40D1B4F81CC0E646481C19
:1044E0000290D4E9087300220494704604E0013875
:1044F0008E46441C724412D0DFF854E1524C3B44C7
:104500009E44A645F3D8DDF808E0A3F1E87301382E
:10451000A3F5D433441CA3F5A5737244ECD1049CD9
:1045200094F82C006362002800F0E380A260A4F8F5
:104530001EC0AFE7DDF818900999AA8A13E6002893
:104540007FF4B2AEA26A1AB1127A012A3FF4ACAE7D
:1045500085F81BB0A269EA61A6E6A37863704FF004
:10456000000EBCE7009C03992046FFF785FA227EE7
:1045700096427FF4F6AE002F00F0EF81009B002DF5
:1045800040F04E825D769B7E002B3FF47DAF009B1A
:1045900001225C6A03215EE540F6C133424639469A
:1045A000304618F095FC404080F311884FF003002E
:1045B00002DF2246F5E6009B597A5C684B1EDBB2AF
:1045C000012500293FF4D0AECDE9075604EBC30323
:1045D00001930694019B5E78DA785B68B24218BF5B
:1045E0001D4671D036B206EB4606330105EB0616C2
:1045F000EB5C012B53D0022B5BD1D6E901C13369AF
:104600009CF80040D6F80CE00593009BDEF8008093
:10461000D3F800905869FF2CD6E905AB02D00B689F
:10462000834260D0009B4FF000081C7E0860FF2C86
:1046300031D0CDE90256CDF810C05646F24613E00F
:1046400008790600A4760600592B177F0C76060021
:104650005A2B17FFBA684244B04788B919F8054089
:10466000BB68FF2C984438D004EB440509EB0517D0
:104670002046B9695B462D01002EEBD10029EDD013
:104680000599DDF810C0BB68DDE90256D64609B1D0
:104690007A6A0A6098448CF80040CEF80080B36AC9
:1046A0004FF00002B27013B1F16A00209847019BED
:1046B000DA7801994E780B780136F6B2B34208BF2A
:1046C0000026B2424E708DD1019A06998A42A2F11B
:1046D000080300F0068101937CE7DDE90256DDF86E
:1046E00010C0D646D7E704EB4404230119F8034071
:1046F0009DE790457FF61AAF8646481C0290029CC3
:104700000A95704605E08E4672440130904580B2AD
:1047100012D9DFF8C8E2AD4D3B449E44AE45F2D815
:10472000A646A3F1E8737244A3F5D4330130904553
:10473000A3F5A57380B2ECD8049C0A9D6362604423
:104740001FFA80FCF2E60C9B0B93059324E4009A7D
:104750000598D269904234BF121A0022049262680E
:1047600001921BF803200A92AA6920680392019A19
:10477000824280F0C480039A002A019AA0EB0200D2
:10478000039A18BF91460A9A08BF4FF00409FF2AFE
:1047900000F0B88048450246C0F0B4800020CDE962
:1047A00006A7CDE908541746DDF810A00A9A0A9327
:1047B000CE46039B8046844621E0646874B3BCF116
:1047C000040F2ED9ACF104004044B84228BF38464B
:1047D000704526D963B3B0EB090001D0504534D2FF
:1047E000E04405EB080AA7EB09001BF802204FF094
:1047F000000CFF2A29D009EB080E774525D302EBE0
:1048000042020BEB02141201A568AC44A56A15B173
:104810002D7A012D02D0A569002DCED11BF80220E2
:10482000E7E7E04405EB08008246002BDDD0DAE73D
:10483000BAF1000F04D0A0EB0900824540F2E680F7
:10484000E04405EB08008246CFE7DDE906A7DDE995
:1048500008540A9B019A02449446AA68ACEB0202EF
:104860006260A8601BF803C0BCF1FF0F31D04FF0AD
:10487000FF099E4600E094460FFA8CF202EB4202DA
:104880000BEB02181201D8F80830834280F09480B4
:10489000C01AA8601BF80220FF2AE146EBD173463C
:1048A000BCF1FF0F15D0FF2E1BF803205ED036B2EF
:1048B00006EB460636010BF806200FFA8CFC0CEBD3
:1048C0004C0C4FEA0C121BF802000BF803000BF81B
:1048D0000210EB8B013BEB83022323724FF0010CA0
:1048E00014E5DDE9075649E6B246009B069D099F9F
:1048F000089EA2EB0A02A26093F818B0F7E4039BAB
:10490000184317D0AB68019AD31A63600023AB60D9
:10491000DFE7009B83F819B039E6002F7FF42BAD59
:10492000009B5A7A5C68531EDBB2002A3FF423AD29
:10493000654649E6264A2749274840F66A1318F093
:10494000C7FA404080F311884FF0030002DF63682C
:104950000193D7E7FF23039364E4009B5A7A5C68D2
:10496000531EDBB2002A7FF42FAE07E600980276D2
:10497000A3E70EF011FA04460EF0D8F9009BC0B17F
:10498000187EF8E4029D5646BCF1000F3FF4F0ADEE
:10499000FF2E25D0002F3FF40EAE0EF0D7F90446BF
:1049A00048B3009A00235376937E002B7FF4EFAD3B
:1049B0006AE5187E5C61DEE472469E46AEEB00005E
:1049C0001346C8F80800CC466AE700BF592B177F8A
:1049D0000C7606004C760600A47606005A2B17FFCC
:1049E000002FDAD1009B5A7A5C68531EDBB2002A92
:1049F000D3D06546E8E5009DE8610EF0CDF96C7610
:104A00006861AB7E002B3FF43FADC0E5CDF810A050
:104A1000DDE90775099CDDF818A00A9B049819E7E1
:104A2000187EA2E4F8B5069E9DF81C50089CB8B903
:104A3000144F3A605A1E39727B727E60D2B273B1E3
:104A400006EBC2025460114612F808398E4203EB9D
:104A50004300A5EB030304EB0014DDB2F2D10DB16A
:104A60000120F8BD099B3B620A9B7B62FF240B9BE4
:104A7000BB623C760EF090F97D817861FC76FD6139
:104A80002846F8BD84810020044B2C2202FB003311
:104A9000187A003818BF0120704700BF84810020B9
:104AA00010B40B4B2C2202FB0032546A64B100EBB1
:104AB000800200EB420003EB8003A44601225DF874
:104AC000044B0321022060475DF8044B704700BF90
:104AD0008481002010B58AB00C9C00940D9C019438
:104AE0000E9C0294BDF83C400394109C0494119CCD
:104AF0000594129C0694139C0794149C089400241B
:104B00000994FEF763FF0AB010BD00BF10B4039C08
:104B10000294049C0394BDF814400494069C0594EC
:104B2000079C0694089C0794099C08940A9C099485
:104B300000240A945DF8044BFEF748BF10B4BDF89A
:104B4000104004945DF8044BFEF740BF2DE9F84F88
:104B5000294DBDF834609DF83880044608462C2164
:104B600001FB045104EB840704EB470405EB8405C7
:104B70004C6804EBC00E14F830909EF803409EF889
:104B8000017004F1010C5FFA8CFCE14598BF4FF015
:104B9000000C67459DF844902AD0DEF8047004EBC1
:104BA00044044FEA041A07EB04144FF0050B07F80E
:104BB0000AB063600A9BA3600B9BE3600C9B2361BC
:104BC0000F9BA362109BE36202236270A68284F8AB
:104BD000168084F81790A3708EF803C0D1E90836C8
:104BE00098472B4600220421B047A078BDE8F88FF3
:104BF0000120BDE8F88F00BF8481002010B588B087
:104C00000A9C00940B9C01940C9C0294BDF83440C7
:104C100003949DF8384004940F9C0594109C0694CE
:104C200000240794FFF792FF08B010BD2DE9F04172
:104C30001E4D064608462C2101FB065E06EB860447
:104C400006EB4404DEF8046005EB840706EBC005C0
:104C500016F83060EC78697804F1010C5FFA8CFC8E
:104C6000664598BF4FF0000C61451BD0696804EBA6
:104C70004404260101EB04144FF0070801F80680F4
:104C8000A362069BE36202236270A37085F803C0EF
:104C9000DEE9083598473B4600220421A847A07862
:104CA000BDE8F0810120BDE8F08100BF84810020D3
:104CB0002DE9F0411F4D064608462C2101FB065EFA
:104CC00006EB860406EB4404DEF8046005EB84077B
:104CD00006EBC00516F83060EC78697804F1010C39
:104CE0005FFA8CFC664598BF4FF0000C61451DD003
:104CF000696804EB4404260101EB04144FF0080832
:104D000001F806806360069BA362079BE3620223AF
:104D10006270A37085F803C0DEE9083598473B460A
:104D200000220421A847A078BDE8F0810120BDE859
:104D3000F08100BF848100202DE9F041234D06461B
:104D400008462C2101FB065E06EB860406EB4404B4
:104D5000DEF8046005EB840706EBC00516F830604A
:104D6000EC78697804F1010C5FFA8CFC664598BF19
:104D70004FF0000C614525D0696804EB440426011E
:104D80004FF6027801EB041421F80680C4E90123F0
:104D9000069BE360079B2361099B63610A9BA361F8
:104DA0000B9BA3620C9BE3620223A37085F803C0F4
:104DB000DEE9083598473B4600220421A847A07841
:104DC000BDE8F0810120BDE8F08100BF84810020B2
:104DD00070B50A4D2C2202FB0052D2E90836044677
:104DE0000846984704EB840304EB430305EB830375
:104DF000B4460022BDE87040042160478481002051
:104E00000DF0CABF401A20F07F40704701480021D2
:104E1000704700BFFF400100022801D00120704709
:104E200038B5044608461D4604F09EF818B108231C
:104E30002B70002038BD204638BD00BF082303700A
:104E40000B70704738B5054600200C4603F026FC71
:104E500098B903F07BFE10F0060F0ED13DB9084B58
:104E600044B120681860A2889A80002038BD054BA4
:104E7000002CF6D11C609C80F7E70C2038BD00BFE9
:104E8000B8810020B08100200128034605D8044ADB
:104E90000448002B08BF104670470020704700BF31
:104EA000B8810020B081002001280AD8064A074BAB
:104EB000002818BF1346186808609A888A80184628
:104EC0007047002318467047B0810020B881002049
:104ED00010B504460BF06AFF70B90CF099FBE0B90D
:104EE0000DF038F950BB0DF08DFA002837D120466F
:104EF000BDE8104015F0D2BA224A2349234840F6B3
:104F0000ED0317F0E5FF404080F311884FF00300F8
:104F100002DF0CF07DFB0028E2D01A4A1A491B4838
:104F200040F6F20317F0D4FF404080F311884FF0B1
:104F3000030002DF0DF00EF90028D4D0114A124907
:104F4000124840F6F80317F0C3FF404080F3118881
:104F50004FF0030002DF0DF055FA0028C7D0094AD0
:104F600009490A4840F6FE0317F0B2FF404080F3BB
:104F700011884FF0030002DF2046BDE8104015F015
:104F80008DBA00BFC476060000770600A47606003E
:104F90000860014815F082BA688A002015F07EBAD0
:104FA0002DE9F84F2A4D0C78AB788A4629799C4236
:104FB00028BF0C46A242297842D014FB01F105F12A
:104FC00008070134E4B2A34208BF00247B18795AD1
:104FD00001809346814600264FF001081CE001281D
:104FE0002BD012225A608AF80040A8782B792978B1
:104FF000A04288BF23469B4523D013FB01F1013318
:10500000DCB2A04208BF002437F801C0B9F80000A4
:10501000844507EB010314D1586860B1FF28DED93D
:10502000017901F00301013901290DD912215960DB
:1050300003F0B4FFD7E7C3F804800136F6B2D2E735
:1050400000263046BDE8F88F0136F6B20121EEE7C2
:10505000580D00202DE9F84F3D4F3B88984268D904
:1050600013F0FF062CD03B4DDFF8EC806C79DFF8B5
:10507000EC9005F1080AAA782B790134E4B2A24237
:1050800008BF0024A34240461CD0FEF799F983468E
:105090004846BBF1000F13D0FEF792F900284AD022
:1050A000C0F800B06B792A7813FB02F34AF80300CA
:1050B0003B886C71013E013B16F0FF063B80DAD164
:1050C000BDE8F88F3B88002BFAD0DFF89490224D92
:1050D00099F80540214E09F1080899F8022099F83D
:1050E00004300134E4B2A24208BF0024A34228469F
:1050F000E6D0FEF765F982463046BAF1000FDFD000
:10510000FEF75EF90023E0B1CAF80430C0F800A051
:1051100099F8053099F8002013FB02F348F80300D2
:105120003B8889F80540013B9BB23B80002BD4D1E2
:10513000C6E7064697E758460749BDE8F84FFEF729
:1051400055B950460449BDE8F84FFEF74FB900BFC6
:1051500000820020BC0D002004820020D0820020AC
:10516000800D00202DE9F04FDFF88C82DFF8789277
:10517000DFF87CB2DFF898A287B0D8E9000103AA73
:10518000FEF784F90546002834D0039B002B71D02C
:10519000187804AA02A904F097FB0446002855D009
:1051A000DDE90313BDF808200F78ADF80A20059358
:1051B00005AE0DF10A0504F0A1FB2146059ABDF8E4
:1051C0000A0004F0E3FB204604F056FB3246294671
:1051D000384604F079FB04460028ECD1D9F80000E9
:1051E00015F05CF9D8E9000103AAFEF74FF905466E
:1051F0000028CAD104AA02A90DF1070004F048FB57
:105200000446002845D0049B05939DF80770BDF81F
:105210000830ADF80A3005AE0DF10A0504F06EFB5A
:105220002146059ABDF80A0004F0B0FB204604F0C0
:1052300023FB32462946384604F046FB0446002844
:10524000ECD1694B186815F029F996E7039B059393
:105250001B79013B172B1FD8DFE803F02C3F851E7D
:105260002C1E1E1E1E1E1E1E1E1E1E1E1E1E1E1E50
:105270001E1E7A2C5D4840F69A135A46514617F086
:1052800027FE404080F311884FF0030002DF039BAC
:105290007EE707B0BDE8F08F554A5649534840F6BF
:1052A000323317F015FE404080F311884FF00300B1
:1052B00002DF62E75049D8F804000022FEF7EEF85A
:1052C0004E4B05995B7928460B704D4AFEF7D4F892
:1052D000454B186815F0E2F84FE74749D8F8040045
:1052E0000022FEF7DBF8059EF46934B12378002B29
:1052F0006BD02378013BDBB2237096F8203023B1CA
:10530000012B54D13046E2F7D3F93E4A002386F808
:1053100020305379917810790133DBB2994208BF7C
:1053200000239842117834D03560507900FB012178
:105330008E605371002C3FF420AF2378002B7FF454
:105340001CAF6369002B3FF418AFA069984714E7BE
:105350002949D8F804000022FEF7A0F8059928464C
:1053600004F0CAF809E705A9284604F0EDF8224937
:10537000D8F804000022FEF791F8059900293FF4BF
:10538000FCAE0B792C2B3FF4F8AE1C4B28465B7916
:105390009AE7174A1C49154840F6A13317F098FDC3
:1053A000404080F311884FF0030002DFC2E7104A4B
:1053B00010490E4840F69A3317F08AFD404080F3BA
:1053C00011884FF0030002DF9FE7094A0F490748A1
:1053D00040F6433317F07CFD404080F311884FF0D6
:1053E000030002DF85E700BF648A0020A476060080
:1053F000C476060024770600F8810020580D0020AE
:10540000F4810020C00E0020287706000C770600EB
:10541000087706002DE9F047DFF8E8A0324F82B0A8
:1054200080468946AAF104050023C8F80030D7E970
:10543000000101AAFEF72AF80646002842D0019B87
:1054400051461A784846FFF7ABFD0346002840D185
:105450002A798DF801206A790DF101010DF1020020
:105460001C46FFF79DFD44EA000212F0FF020346CE
:10547000F1D1019B197901292FD11C4C786839464B
:10548000FEF70CF8211D3046FDF7B0FF23880F2BE7
:1054900009D80198164901332380FDF7A7FF0120A1
:1054A000FFF7D8FDC0E7134A1349144840F28A6356
:1054B00017F00EFD404080F311884FF0030002DF2B
:1054C0002388E6E70E4948464A790431FFF768FD2C
:1054D0000346184602B0BDE8F087C8F8003013460E
:1054E000184602B0BDE8F087F0810020008200205D
:1054F000D0820020C476060038770600A476060025
:10550000580D00205C0D002070B5574982B0002373
:105510004868019301AAFDF7C1FF0446002859D04D
:1055200052492046FDF762FF01990A791D2A06D8E3
:105530004F4801239340034033D1172A0ED04D4AE0
:105540004D494E4840F2425317F0C2FC404080F3B0
:1055500011884FF0030002DF02B070BD0A7F8D6832
:105560003C2A2C6844D04A7F62B3606E18B144492B
:105570006366FDF73BFF94F86A306FF3000384F82D
:105580006A30002003F0E2FA0446002003F086F8B7
:1055900040EA440010F0FF00DED10AF0D3FB02B075
:1055A00070BD002AD8D1334A3649344840F23E53C0
:1055B00017F08EFC404080F311884FF0030002DFAB
:1055C00002B070BD94F84830226262F3000384F8A0
:1055D0004830D6E7274A2C49284840F20C4317F0B8
:1055E00077FC404080F311884FF0030002DF97E71B
:1055F0006E68EEB100236B60F36E63B11D4A234900
:105600001E4840F2854317F063FC404080F3118848
:105610004FF0030002DF06F1600106F15C00FDF7C8
:1056200021FF054690B13068F56603F087FCA2E7DC
:10563000104A1749114840F2824317F049FC404094
:1056400080F311884FF0030002DFD3E7094A1149C4
:105650000A484FF4916317F03BFC404080F31188F7
:105660004FF0030002DFDEE7F0810020048200201B
:105670002900003FC476060024770600A4760600C1
:10568000D0820020A8770600C47D0600847706003B
:10569000787706009C7706002DE9F047046880467D
:1056A0000CB35B4FDFF88C915A4E254624682A795B
:1056B0001D2A09D858490123934013EA010A2ED123
:1056C000182A4AD0172A16D040F27E633A46494635
:1056D000304617F0FDFB404080F311884FF0030087
:1056E00002DF002CE1D10023C8F80030BDE8F0470C
:1056F000FF20FFF7AFBC2B7F3C2B64D0022B6AD07E
:10570000DBB1434A4549434840F2A65317F0E0FB5A
:10571000404080F311884FF0030002DF2A7962B91C
:105720003F4940F2FC533A46304617F0D1FB404027
:1057300080F311884FF0030002DFDFF8FCA0BAF815
:1057400000300F2B2FD801333649AAF800302846F5
:10575000FDF74CFE002CA8D1C5E7E8880528C0D885
:1057600003F0FAFBD0F88830054663B1284A2E4989
:10577000284840F26D6317F0ABFB404080F311887E
:105780004FF0030002DF05F17C0105F17800FDF721
:1057900069FE824670B3C5F888A0284603F0CEFBA8
:1057A000002C82D19FE7214940F28A633A46304675
:1057B00017F08EFB404080F311884FF0030002DFAA
:1057C000BAF80030BFE717492846FDF70FFE002C56
:1057D0007FF46BAF87E7284609F040FD504602F0A2
:1057E0004FFF00287FF47DAF0AF0ACFA002C7FF465
:1057F0005CAF78E7064A0E4906484FF4CE6317F0CF
:1058000067FB404080F311884FF0030002DFC2E7DE
:10581000C4760600A47606002900003EC87706007C
:10582000D4770600D0820020F8770600387706008B
:10583000C47D060024770600008200200148FDF7A1
:10584000BFBD00BF048200200149FDF7CFBD00BFEE
:10585000048200200148FDF7B3BD00BFD0820020C4
:105860000149FDF7C3BD00BFD0820020024B034AAF
:105870005B790B70FDF700BE580D0020F48100200D
:1058800008B5064B064A5B790B70FDF7F5FD054B35
:105890001868BDE8084014F001BE00BF580D002094
:1058A000F4810020648A00200E490B794A799342E2
:1058B0000DD8A2EB030C5FFA8CFC60450FD8934225
:1058C0000DD00978084A13FB01F3D0587047B1F89E
:1058D00002C0ACEB030C6244D2B29042F1D900207A
:1058E000704700BF800D0020880D0020094B1979FA
:1058F0005A79187893F802C08A4209D04A1C01FBF1
:105900000030D2B2944508BF002280681A717047F7
:1059100000207047800D002038B5144C627994F84F
:1059200002E094F804C02578531CDBB29E4508BF02
:1059300000239C4509D012FB05F204F1080C2CF859
:10594000020062445160637138BD094A09490A483E
:1059500040F2E46317F0BCFA404080F311884FF046
:10596000030002DF00231B80FFDE00BF580D002074
:10597000C4760600E47E0600A476060000220B230F
:1059800002700B70704700BF002208B511460A4B29
:105990000120FDF7E9FD00B908BD084A084909489A
:1059A00040F2037317F094FA404080F311884FF0EF
:1059B000030002DF08BD00BF380D0020C4760600DA
:1059C00010780600A4760600022810B50C4602D016
:1059D0000B68022B07D004484FF0FF324FF0FF3323
:1059E00014F082FD206810BD688A002004490A680E
:1059F0000AB110467047024608601046704700BF63
:105A0000E8810020044A136823B1984206BF0021B0
:105A10001160002318467047E8810020014B186888
:105A2000704700BFE881002004490A680AB11046A7
:105A30007047024608601046704700BFEC810020A6
:105A4000044A136823B1984206BF00211160002365
:105A500018467047EC810020014B1868704700BF62
:105A6000EC81002030B505682B7887B04BB3044635
:105A70000122002168461DF018FB2B78124AC5F858
:105A800018D06A61EBB1114B0022114603209C60D3
:105A9000FDF76AFD38B94FF400420023684614F060
:105AA00023FD07B030BD0A4A0A490B484FF4F7639B
:105AB00017F00EFA404080F311884FF0030002DF28
:105AC000E9E76FF07700ECE79D4F0400280D002018
:105AD000C476060010780600A4760600F0B5254EC0
:105AE000336885B00C461746002B36D0994215D145
:105AF0000223039303AB0246009303211E4B0020B5
:105B0000FFF794F8022805460CD0039B022B09D11D
:105B100095B133680BB19C4221D014B36FF02D00C6
:105B200005B0F0BD15484FF0FF324FF0FF3314F0D1
:105B3000DBFC039D002DECD13846FFF793FF336863
:105B40000BB19C4211D0002CE8D10028E8D010F114
:105B5000780F08BF002005B0F0BD3160C8E7002312
:105B600033606FF0770005B0F0BD35600028D7D006
:105B7000EDE700BFE8810020914F0400688A002013
:105B80000E490B794A7993420DD8A2EB030C5FFAC8
:105B90008CFC60450FD893420DD00978084A13FB5E
:105BA00001F3D0587047B1F802C0ACEB030C62446B
:105BB000D2B29042F1D90020704700BFBC0D002046
:105BC000C40D0020094B19795A79187893F802C04E
:105BD0008A4209D04A1C01FB0030D2B2944508BF6A
:105BE000002280681A71704700207047BC0D0020A9
:105BF00038B50C46054603F045FE20702146284680
:105C0000024ABDE83840FDF737BC00BFFC810020E8
:105C10000122024B11460020FDF7A6BC180D002002
:105C200070B50C46054603F02DFE21462070064A4D
:105C30002846FDF721FC0122BDE87040034B1146C8
:105C40000020FDF791BC00BFFC810020180D002052
:105C50002DE9F0431A4C9DF81C6094F805C0277894
:105C600005460CF1010EA0785FFA8EFE704508BF64
:105C70004FF0000E207970451ED01CFB07FC04F18C
:105C80000800D2F80090D2F804809768D26840F8F3
:105C90000C906044C0E90435037FC0F8048006F02E
:105CA000010623F0030333438760C26081610377F9
:105CB00084F805E0BDE8F0830020BDE8F08300BF74
:105CC000DC0E002005480279417990F800C091422D
:105CD0001ABF083002FB0C0000207047DC0E0020C9
:105CE00000B50D4B0278997893F805C093F800E061
:105CF00091429CBF1A79027094450AD0531CDBB2C2
:105D0000994208BF00230549037002FB0E105DF89D
:105D100004FB0020FBE700BFDC0E0020E40E0020A7
:105D20002DE9F04F2B4C22796179237883B0914291
:105D3000019032D004F108094FF00008DFF898B064
:105D400002FB0393C2461A7FDF689107C2F3400546
:105D500002F0010624D5617923792278A07899424E
:105D60001BD00133DBB2984208BF00239942237154
:105D700013D003FB0293002DE5D176B1BAF1000FE9
:105D800026D0B8F1000F08BFB8461A7FD207DAD57F
:105D9000DA68924501D09045D5D103B0BDE8F08FC7
:105DA000CBF8083001980C4B2A462946FDF7DCFB5E
:105DB0000028D0D0094A0A490A4840F62A0317F0B9
:105DC00087F8404080F311884FF0030002DFC2E7FC
:105DD000BA46DAE7DC0E0020080D0020C476060083
:105DE00010780600A4760600064B1A7959791878BF
:105DF000914205D002FB0033986810B12030704703
:105E000000207047C00E002070B5144A13795479F1
:105E1000117895789C421FD003FB012101338C68D7
:105E2000DBB29D4208BF00231371ACB102230025F1
:105E3000266823712560E06103F024FD084A207084
:105E400021463046FDF718FB0122064B1146284635
:105E5000FDF78AFB204670BD0024FBE7C00E002042
:105E6000FC810020180D00202DE9F04F83B01D4665
:105E70009DF83C300C9CDDF83890019417460D9A43
:105E8000009253B35C1E95F800A080460E46E4B223
:105E90000AF101035FFA83FA564508BF4FF0000A82
:105EA0005745484619D0FDF78BFA83460098BBF159
:105EB000000F12D0FDF784FA90B10023CBF8043024
:105EC000C0F800B02A78019B12FB08F29850013C00
:105ED000E4B2FF2C85F800A0DAD103B0BDE8F08F62
:105EE0004946584603B0BDE8F04FFDF77FBA00BF02
:105EF00070B5334C334DA279A188334E002084B065
:105F00002346A88004F10800FDF734FAE379A2796A
:105F1000301D1A4408213346FDF72CFA02962E460E
:105F2000A37916F8080B03932A79A9786B1DCDE99C
:105F30000064FFF799FF254B1322181D6421FDF71C
:105F400019FA234B1922181D0821FDF713FA2048CE
:105F5000FDF736FA0446B8B11E4A2046111FFDF778
:105F60007DFA1B48FDF72CFA0446D8B11A4A2046A0
:105F7000111FFDF773FA194B1022FF201A80FFF74B
:105F800069F8002004B070BD154A1649164840F65D
:105F9000D40316F09DFF404080F311884FF00300BA
:105FA00002DFD9E70E4A0F490F4840F6DB0316F02F
:105FB0008FFF404080F311884FF0030002DFD5E7E8
:105FC000D80D0020C00E0020408A0020D082002082
:105FD00004820020FC810020F48100200082002047
:105FE000C4760600C47D0600A476060030B5354BA5
:105FF000354C186087B00CF08BFE2378002B5BD0FB
:10600000324A334C334D05954FF0050C82F808C0E9
:106010000494314C0394314C0092022004230D214E
:10602000CDE9011410741076137000202C4AFEF78D
:10603000F9FC002832D1012200212A481DF035F850
:106040000AF046FE044610B1204607B030BDFFF707
:106050004FFF04460028F7D10BF0C2FA044600288F
:10606000F2D102F0C7FA04460028EDD10CF070F826
:1060700004460028E8D102F091FC04460028E3D150
:106080000CF0B4F904460028DED103F0A9F9044667
:106090000028D9D10120E2F73BFDD5E7124A134988
:1060A000134840F25A2316F013FF404080F3118842
:1060B0004FF0030002DFBEE7FDF700FA0123237073
:1060C0009EE700BF648A0020B0B20020F08C002060
:1060D0008D390500DD3A050029390500808A002048
:1060E000108D0020688A0020C47606000077060024
:1060F000A476060010B586B002F08CFA002838D1DC
:1061000002F0CCFC002845D103F06CF9002852D1F4
:106110000024454B20469C80E2F7FAFC4349444A60
:10612000444B8C8094809C800122214668461CF060
:10613000BCFF414B224621460320C3F808D0FDF79F
:1061400013FA002861D14FF0FF324FF0FF33684659
:1061500014F0CAF902F064FA002848D1FFF7C8FE2B
:10616000002836D10021012006B0BDE81040FEF71E
:1061700069BE324A324933484FF4407316F0A8FEE4
:10618000404080F311884FF0030002DF02F086FCEC
:106190000028B9D0294A2A492A4840F2123316F079
:1061A00097FE404080F311884FF0030002DF03F0B8
:1061B00019F90028ACD0214A2149224840F2323353
:1061C00016F086FE404080F311884FF0030002DF96
:1061D0009EE71A4A1A491B4840F27B3316F078FEB4
:1061E000404080F311884FF0030002DFBAE7134A02
:1061F0001349144840F26E3316F06AFE404080F3B3
:1062000011884FF0030002DFA8E70C4A0E490D4841
:1062100040F2613316F05CFE404080F311884FF08D
:10622000030002DF8FE700BF580D0020DC0E0020C6
:10623000BC0D0020800D0020480D0020C476060013
:1062400000770600A47606001878060008B5FFF768
:1062500051FFBDE808400AF06BBD00BF10B582B029
:106260000024CDE90044049B0AF060FF02B010BD99
:1062700010B50346007F1A699969012482B0204055
:10628000CDE9000458690AF051FF08B1773001D117
:1062900002B010BD064A074907484E2316F018FE03
:1062A000404080F311884FF0030002DF02B010BDC0
:1062B0002078060064780600A476060008B5024837
:1062C000F3F73EFE002008BD34790600B0B586B075
:1062D000038A00AF002B42D0037E04465BB3022B3F
:1062E00016D06C4688B06946234D0A460320C1E9A2
:1062F000055342F8100F214800234FF4C251EEF726
:1063000053FAA5466FF0150528461837BD46B0BDAF
:10631000394600F0F9FF3B68054613B11846F3F71C
:10632000F1FD002DF0D120460DF054FD002528464A
:106330001837BD46B0BD39463B6000F009FB002868
:10634000F1D0F3F7DFFD3D68002DECD0284601F0D9
:1063500035FD687139680A481CF08EFEE3E709498B
:106360000222C7E90421054807F110024FF48251C7
:10637000EEF71AFAC6E700BF8C780600D44706008D
:10638000808F00207878060008B5FFF75FFF04488B
:10639000F0F7BEFF0348F0F7BBFF002008BD00BFC9
:1063A000E85F0020205F00202DE9F041424EDFF839
:1063B0001481424F82B04FF0FF324FF0FF3330462E
:1063C00014F038F80028F6D043790190042B21D836
:1063D000002B4BD13A4840F2CB134246394616F0D7
:1063E00077FD404080F311884FF0030002DF019BEE
:1063F00000221A6001A8FFF74FF94FF0FF324FF06B
:10640000FF33304614F016F80028D4D043790190B9
:10641000042BDDD9052BDDD14FF0FF324FF0FF33D8
:106420000320F2F76FF904462146019801F026F89F
:10643000019B00221A6001A8FFF72EF9002CBAD0A8
:1064400020461BF069FD2146054600201BF08AFD11
:106450002B8A0446284633B1F3F798FC14F002FC6B
:10646000002CEDD1A7E70DF0B5FCF7E7022B13D018
:106470004FF0FF324FF0FF330120F2F743F90446AB
:1064800001989CB1214601F033F8019B00221A606B
:1064900001A8FFF701F9D3E7002200230121002022
:1064A000F2F760F904460198002CEBD1046001A8D2
:1064B000FFF7F2F87FE700BF808F00202477060007
:1064C000A4760600A07806002DE9F0412E4F2F4E4D
:1064D00082B00CE0F2F746F92246BDF802100446FD
:1064E00001F054FC2046F3F70DFD14F0BBFB0DF159
:1064F000020101A8FEF78EFF04464FF0FF324FF075
:10650000FF3300211320002CE4D1019BB3B1FEF72F
:10651000FBFFDDF80480404601F050FC019D88F847
:1065200005006B79032B02D12B79182B0ED029464D
:1065300030461CF0A1FD019B002BD8D14FF0FF325B
:106540004FF0FF33384613F0CFFFD0E74FF0FF3363
:1065500021464FF0FF320520B5F80680F2F702F928
:1065600041460246044605F11C0000F05FFF40462C
:1065700000F07CFF204624B1F3F7C4FC20460DF068
:1065800029FC019DD3E700BF988F0020808F002059
:106590002DE9904389B008AF2A481CF041FD4FF027
:1065A000FF32002128481CF080FD2748FFF71EFD20
:1065B000044690BBE0F738FC4FF000084FF00009AC
:1065C0006FF00902CDE90324CDE90689CDE9014444
:1065D0001E4B1F4900944FF4E0721E4813F04CFD0F
:1065E0001D491C481CF088FC6FF00702CDE903240C
:1065F000CDE90689CDE90144184B1949009440F6CC
:106600009802184813F038FD174916481CF074FC1E
:1066100020460437BD46BDE89083E84688B013485D
:1066200042460321C8E9050442F8101F1048002320
:106630004FF4C251EEF7B8F82046C5460437BD46C0
:10664000BDE89083808F0020988F0020C9640400EB
:10665000C0DD0020E85F002000790600A963040087
:1066600028D50020205F00200C790600E078060085
:10667000D447060010B514F0BDFA054C20461CF0B6
:10668000DBFC20461CF0CCFCBDE8104014F0C6BA80
:10669000808F00202DE9F047DFF8A4A0DAF8009001
:1066A000B9F1000F32DB80460F46164610D0214C60
:1066B00000252146062230461DF0D2FA18B914F8FA
:1066C000013CBB4225D00135A94504F10804F0D1B5
:1066D000194C1A4923683568DA00501CB9F10F0FBC
:1066E0000D500844B588858001F83370D4BF09F196
:1066F000010301330A44D8BFCAF800300121102B2E
:1067000001FA08F108BF0023D17123600020BDE821
:10671000F0870A4B03EBC503DA7922FA08F1C907BF
:1067200002D50120BDE8F087012101FA08F10A43F2
:10673000DA71EBE7BD8F0020B48F0020BC8F002002
:10674000B88F00202DE9F0411A4C6468A40004D5EC
:106750001646194A1268120701D4BDE8F08103F108
:106760000C0405460F46204602211BF011FC40F6A2
:106770003E430380012120461BF00AFC034604220D
:1067800020461A700B211BF003FC0570A0F8016075
:106790003DB97B68BA68C0F80720C0F80330BDE88F
:1067A000F0814FF00008C0F80380C0F80780BDE812
:1067B000F08100BFD8020020D0020020F0B50138DF
:1067C00087B0144611280AD8DFE800F0233F5509A6
:1067D0000967097998AB090909090909090D6FF0D9
:1067E000150007B0F0BDCB68DA789978188808F002
:1067F00007FC554B06460121188818F0F2FE0121CE
:1068000005460C301BF0C4FB06702560002007B065
:10681000F0BD4D4B0D21188818F0E3FE0D212060CE
:106820000C301BF0B5FB4FF0021400234FF4407105
:1068300005220370C0F80140A0F80510C271037270
:1068400043728372C3720373E0E73F4B41211888A0
:1068500018F0C7FE412120600C301BF099FB00218D
:1068600004463E2200F8031B1DF043F840F2A73314
:10687000A4F80130CAE7344B0921188818F0B1FE9A
:10688000092120600C301BF083FB0346002203F833
:10689000012BC0F801205A60B8E7C9680020FEF754
:1068A000D1FA294B0121188818F09BFE01210546D9
:1068B0000C301BF06DFB002303702560A6E7234E10
:1068C000214F0FCE01AD0FC5336838882B701221D0
:1068D00018F087FE122120600C301BF059FB044693
:1068E000002301AE04F8013B84460FCE2D78CCF88E
:1068F00001006160A260E360257487E7124B1821F4
:10690000188818F06EFE182120600C301BF040FB38
:1069100000230446012100F8023B0DF0E3F860700B
:1069200074E7094B2121188818F05BFE21212060B3
:106930000C301BF02DFB0146002301F8113B013008
:106940000DF020F962E700BF0EB000204C79060080
:106950002DE9F041028A90B00024022A099440F205
:106960001F8105460E460C3003211BF042FB298A8D
:1069700082789142C0F053810288CE4FC2F38523C2
:10698000082B1FFA82FC3A80C2F3090409D8A3B18C
:10699000013B072B11D8DFE803F01710C5EA1010F0
:1069A00010233F2B09D109AA29462046FFF706FFED
:1069B000163040F08D84B7F800C00121604610B059
:1069C000BDE8F04118F01FBE062C00F036841D2CE7
:1069D000F3D1EB68188802F0FDFB01463888EEE73A
:1069E000621E4D2AE9D801A353F822F0E76F040094
:1069F000C56F04007B6F0400BB690400716F040065
:106A0000A97004008F700400837004007770040084
:106A1000C57004005F7004002F7004000170040052
:106A200033720400137204000D7204000572040036
:106A3000FD710400D9710400D1710400A971040032
:106A40009B7104006171040041710400297104000C
:106A50001F7104000F710400EF700400BB69040093
:106A6000BB690400BB690400CF7004000F6E040012
:106A7000FF6D0400CB6D0400BF6D0400BB69040012
:106A8000BB690400B16D0400A96D0400A36D04008E
:106A9000836D0400736E0400416E0400376E0400C1
:106AA000296E0400FB6E0400A56E04004D6D040009
:106AB000FB6C0400BB690400BB690400BB690400F3
:106AC000BB690400BB690400BB690400BB69040026
:106AD000BB690400BB690400BB690400BB69040016
:106AE000BB690400BB690400BB690400BB69040006
:106AF000BB690400BB690400BB690400BB690400F6
:106B0000BB690400BB690400BB690400BB690400E5
:106B1000BB6904004F6F0400BB690400BB6904003B
:106B2000456F0400632C00F0D0835ED8032C00F086
:106B3000A5832D2C44D1EB68604604211E8893F870
:106B4000028018F04EFD042105460C301BF020FA9F
:106B5000B7B20446C31C424639460220FEF75CF930
:106B6000A4F801602070284610B0BDE8F081621ED4
:106B7000082A3FF622AF01A353F822F0D16C04009B
:106B8000696C0400436C0400BB690400BB69040029
:106B9000BB690400BB690400BB690400236C0400EA
:106BA000454A0223CDE90E32444823460EAA4FF44B
:106BB0008251EDF7F9FD0025284610B0BDE8F081BF
:106BC000012C7FF4FAAEEA683D4B116852681960F7
:106BD000604621465A6018F004FD012105460C303C
:106BE0001BF0D6F900230370BDE77B2C00F02E8349
:106BF0007C2C7FF4E2AEEB681E885988B0B202F0BC
:106C0000C9FB04460321388818F0EBFC0321054634
:106C10000C301BF0BDF90470A0F80160A3E7294A0D
:106C2000BFE76046072118F0DCFC072105460C3061
:106C30001BF0AEF90146002001F8010BFEF734F914
:106C400091E70921604618F0CCFC092105460C307B
:106C50001BF09EF90346002203F8012B6021C0F8C7
:106C600001205A6041717EE76046412118F0B9FC6D
:106C7000412105460C301BF08BF9002104463F22D0
:106C800000F8021B1CF035FE04230F4AE372E37583
:106C900020230E49C4F81A20C0204FF4906263707C
:106CA0004FF40A73A071C4F82110A4F82720A4F8A7
:106CB0000F3058E70EB0002060790600CC47060080
:106CC000D802002078790600F7FFFF0F30F0F97F37
:106CD0000921604618F085FC092105460C301BF09F
:106CE00057F94FF450610023C34A01800D2183708E
:106CF000C3700171C0F8052035E7EA689178108803
:106D0000B2F80540CB0703D5D37843F00103D37025
:106D100013798E07D17844BF43F00103137143EA1E
:106D20000102012A00F2DC824D0700F0D6825A07E8
:106D300000F0D38214F003021CBF04F1FF3404F00E
:106D4000010202F0EBFA0146388838E6EB681A785F
:106D5000D10744BF0721597092074CBF072199788A
:106D6000587848BF997002F0CFFA0446388801215C
:106D700018F037FC012105460C301BF009F90470AE
:106D8000F1E66046022118F02CFC022105460C3089
:106D90001BF0FEF8044608F093FD0023607023709A
:106DA000E1E608F08FFDE0E7E86808F0CFFDDCE7FA
:106DB000E86800F11702C11D09F0B2F9D5E7EB68E8
:106DC0005988188802F068FACFE76046052118F064
:106DD00008FC052105460C301BF0DAF80AA9044628
:106DE0000DF1220002F04CFABDF82230A4F8013077
:106DF000BDF82820A4F8032000232370B3E6EB6835
:106E00001E889A885988B0B202F008FAF9E6EA6852
:106E1000168892780023CDE90233CDE900330221B0
:106E2000B0B202F00FF9ECE6EB68188808F02AFF20
:106E300038880121CFE6EB68187808F00BFF94E75B
:106E4000EB6818680A909A889B798DF82E30604616
:106E50000721ADF82C2018F0C4FB072105460C30A3
:106E60001BF096F80446411C0AA808F0BFFE2070EB
:106E700079E6EB6818680A909A889B798DF82E302D
:106E800060460721ADF82C2018F0ABFB0721054622
:106E90000C301BF07DF80446411C0AA808F06CFE7B
:106EA000207060E6EB68604605211E8818F099FBAB
:106EB000052105460C301BF06BF80446221DB0B2CC
:106EC000E11C02F0FFF9E37822792070002B93FA9D
:106ED000A3F3B3FA83F308BF4FF0FF330133E3703A
:106EE000002A92FAA2F3B3FA83F308BF4FF0FF33FC
:106EF0000133A4F80160237135E66046092118F0DA
:106F000070FB092105460C301BF042F80AAB044621
:106F10000DF1220208A90DF11E0002F0C7F9BDF81B
:106F20001E30A4F80130BDF82030A4F80330BDF8BD
:106F30002230A4F80530BDF82820A4F8072000234B
:106F4000237010E6E868C17908F0A6FE0DE76046F8
:106F5000032118F046FB032105460C301BF018F8FE
:106F60000146002301F8023B0130FDF767FFFAE517
:106F7000E9680120FDF766FFF7E66046092118F091
:106F800030FB092105460C301BF002F803460024B3
:106F900003F8014BC0F801405C600646FDF736FF80
:106FA000234661F30703C1F3072262F30F23090CA1
:106FB00061F31743090A61F31F63C6F80100C6F8BD
:106FC0000530D0E50421604618F00BFB042105468E
:106FD0000C301AF0DDFF00231B21032203704170E7
:106FE0008370C270BFE5EA68044B1168526819608B
:106FF00060460121EEE500BFF105FFFFD002002051
:10700000EC68B4F81350618863792279208804957C
:10701000B4F811500395B4F80F500295257B0195F3
:1070200006340094E1F770F801463888C7E4EB684D
:107030001878002800F04E815B78002B00F04A8120
:10704000A94A00231360A94A136001F0CBFC0C2865
:1070500004464FF00101388808BF002488E6EC6838
:107060006379B4F80320B4F801102078A47900946F
:10707000E0F74EF979E6E96811F8010B01F03CFC04
:1070800073E6E96811F8010B01F0C6FB6DE6022119
:10709000604618F0A6FA022105460C301AF078FF77
:1070A0000023037043705EE5EC68A57BA3796279E9
:1070B000217920880295657B01950734009401F0C1
:1070C000A5F952E6EB681878DFF7E2FE4DE6E968CD
:1070D00000220E884B88039208890290C88801908C
:1070E00089880091B0B2022101F0ACFF89E5092145
:1070F000604618F076FA092105460C301AF048FF70
:107100007B497C4A01600023426003722BE5EB68F7
:107110001E8800220621B0B207F060FF71E5EA6820
:10712000002132F8026BF6E7EA68114602F10C031F
:1071300031F8020B0A3208F041F8014638883EE483
:107140006046092118F04DFA092105460C301AF065
:107150001FFF002300F8013B082109F0F9FD02E5BB
:10716000E86800230AAA00F110010BF04BFE3888F2
:10717000112118F036FA112105460C301AF008FFDB
:107180000646002306F8013B0AAC07460FCCC7F8B9
:1071900001007160B260F360E5E4EB68188801F00B
:1071A000F5FF014638880AE4EB68604608211E882E
:1071B00018F017FA082105460C301AF0E9FE0446CB
:1071C000E11CB0B201F086FFA4F801602070CAE4AF
:1071D000E86808F0B9F8C8E5E96800224B88088833
:1071E00003920C890294CC880194898800911146FD
:1071F00001F028FF01463888FFF7E1BBE86808F096
:10720000C7FAB2E5E86808F02FFAAEE508F002FA2E
:10721000ABE56046022118F0E4F9022105460C3086
:107220001AF0B6FE00230370044608F0F1F960700E
:1072300099E4304607F074FF97E5EB689978188871
:1072400001F06CFF01463888FFF7B9BBEB681E8878
:107250000AA9B0B202F078F805210446388818F07F
:10726000C0F9052105460C301AF092FE0470A0F812
:107270000160BDF82830A0F8033074E41B481E49B3
:107280001E4A1F4B4FF0FF34046041F6FF754FF06C
:10729000FF34C1E9004500200021C2E900011F20A0
:1072A0000021C3E90001FEF725FF3888012118F00D
:1072B00098F9012105460C301AF06AFE0023114AA4
:1072C00003701360FFF7D6F94DE4EA680B4B8CE6C8
:1072D000099D48E44FF0FF33B5E61221FFF76EBB7E
:1072E0001121FFF76BBB00BFB48F0020B88F0020C7
:1072F00000FFFF3FFFFF0300D8020020B060002026
:10730000D0020020B08F00202DE9F04300240C6053
:10731000038A032B87B02FD9054688460C300421F9
:107320001AF067FE2B8A4788B0F80090BB4233D32F
:107330001B2F2FD801F02CFE4FEA19363346044696
:1073400000283AD09B0822D1A6B1012E1FD1237963
:10735000677166F301032371E9683A46E01D1CF08A
:10736000BAFA2146C9F30B0001F01EFEB0B907B00E
:10737000BDE8F0830226EAE7254A0223CDE904327C
:107380002448234604AA4FF48251EDF70DFA6FF01A
:107390001500ECE7204AF0E7204AEEE7204A0223F6
:1073A000CDE90432002304AA4FF482511948EDF7C5
:1073B000FBF9204601F0F2FDE9E71A4B0225CDE981
:1073C00004534FF48251034604AA1248EDF7ECF936
:1073D000154B1B689B0117D54FF0FF324FF0FF3361
:1073E0000120F1F78FF92946C8F800000C301AF097
:1073F000CFFD4FF48D730380D8F8000001210C30CD
:107400001AF0C6FD012303706FF06800AFE700BFFC
:1074100098790600CC470600CC790600AC790600C6
:10742000FC790600E8790600D8020020F8B50E4B7A
:107430001B68DB0600D4F8BD02F10C0406460D46BD
:10744000204602211AF0A4FD034640F205421A80AC
:10745000204604211AF09CFD00270770A0F8015077
:107460003278C270F8BD00BFD8020020024A13680B
:10747000013B1360704700BFB08F002070B5037FE1
:10748000C68803F00303013B012B0DD9154A1649A9
:10749000164842F2342315F01BFD404080F311885A
:1074A0004FF0030002DF70BD044601F10C052846D1
:1074B00004211AF06DFD237F03F00303022B0CBFA0
:1074C00046F4005646F480560680637F4380617F11
:1074D00028461AF05DFD627F04F11F01BDE870408F
:1074E0001CF0F9B9107A060024770600A47606008D
:1074F0002DE9F04F89B090F804C0C688BCF1030FA5
:1075000004AF04460D4600F11C081FD0ACF1050C79
:10751000BCF1180F34D8DFE81CF04400330033000E
:1075200033003300330033003300330033003300C3
:107530003300330033003300330033003300C30023
:1075400026012C015B0172018501B501C37F033B5C
:10755000122B00F2CA81DFE813F02902C801C8012A
:1075600050026902C8018002C801C801C801BF02F7
:10757000C8018702C801AB02C801C801D601D60103
:10758000B84AB949B94842F2241315F0A1FC404069
:1075900080F311884FF0030002DF1437BD46BDE8C9
:1075A000F08FB34A037E94F81A8094F8199092E809
:1075B00003000A0CBA73227FB9815B425106B8609E
:1075C0005EB2C8F3400800F1B982AA4B5B6803F0D1
:1075D0000053B8F1000F40F0FB82002BDDD0A64B2A
:1075E0001B689B07D9D5207F04F11E0AC0F38011C8
:1075F000524600F00F00FFF74DF80028CDD1237F51
:1076000003F00F03012B00F09C83617F8A1D8B1F09
:107610000531DBB25FFA82F8CAB27A609B460C355C
:10762000022128463B601AF0B3FC3E22027080F82B
:107630000180012128461AF0ABFC024628460225AB
:10764000157079681AF0A4FC01220270227F02F002
:107650000F0202F1080307F108029A18054612F812
:10766000082C427008F02CF981453B68C0F070830B
:10767000227FC2F38012AA70D4F81E20C5F803201E
:10768000BAF80420A5F8072005F10A086B725A46DB
:1076900004F1240140461CF01EF908F80B607CE759
:1076A00018F0010F40F03C8294F81C80B8F1000FF4
:1076B00000F02D826F4B5B6898007FF56EAF6E4BCC
:1076C0001B6840F20122134203F400793FF465AFD6
:1076D0000C35B8F1000F40F04482684A136801335A
:1076E0001360B9F1000F00F0CD82022128461AF094
:1076F0004FFC41F63E730380012128461AF048FCF6
:107700000A2303701E2128461AF042FC80F80080EC
:10771000A0F80160637FC370A37F0371D4F81F30AA
:10772000C0F80530B4F82330A0F80930D4F82B3075
:10773000C0F80B30B4F82F30A0F80F30D4F8253053
:10774000C0F81130B4F82930A0F81530638EA0F8D5
:107750001730A38EA0F81930E38EA0F81B3094F8F0
:107760003830437719E70A4640463146FFF75EFE58
:1077700013E7404B5B6899007FF50FAF3E4B1B68EA
:107780005A077FF50AAF0C35022128461AF000FC93
:1077900040F63E230380012128461AF0F9FB03231B
:1077A0000370092128461AF0F3FB18F0010F054673
:1077B00040F0B982237F2B70A5F80160E38BA5F818
:1077C0000330238CA5F80530638CA5F80730E4E678
:1077D000284B5B681B044FF000047FF5DEAE0C35D0
:1077E000022128461AF0D4FB4FF44C730380032186
:1077F00028461AF0CDFB0470A0F80160CDE6204BBE
:107800001B681C027FF5C9AE0C35022128461AF010
:10781000BFFB40F257230380022128461AF0B8FB31
:107820000680BAE6134B5B6898007FF5B6AE124B44
:107830001B6819037FF5B1AE0C35022128461AF0FA
:10784000A7FB40F23E430380012128461AF0A0FB2B
:1078500014230370032128461AF09AFB0680237F25
:1078600083709AE6107A060024770600A476060054
:107870005C4B0600D8020020D0020020B08F002010
:10788000B0600020C84B5B689A0003D5C74B1B68EB
:107890001B055ED4627FA37F94F81CC0002A92FA75
:1078A000A2F2B2FA82F208BF4FF0FF32002B93FA35
:1078B000A3F3B3FA83F36D4608BF4FF0FF338AB0EA
:1078C000511C013304A8024643620624B84B86616A
:1078D000C0E907C1436142F8104FB64800234FF496
:1078E0004251ECF761FFAD4657E6B34AB349B4489D
:1078F00042F2082315F0ECFA404080F311884FF073
:10790000030002DF49E6A84B5B689A007FF545AEAD
:10791000A64B1B685B067FF540AE0C35022128465E
:107920001AF036FB40F63E330380012128461AF058
:107930002FFB072303700A2128461AF029FB068033
:10794000A38C4380E38C8380238CC380638C03816E
:1079500023E60C35022128461AF01AFB40F23E635A
:107960000380012128461AF013FB0C230370052124
:1079700028461AF00DFB237F0370A0F80160627F98
:10798000002A92FAA2F3B3FA83F308BF4FF0FF3351
:107990000133C370A27F92FAA2F3002AB3FA83F3F1
:1079A00008BF4FF0FF3301330371F6E57E4B5B6890
:1079B00098007FF5F2AD7D4B1B68D9067FF5EDADE4
:1079C0000C35022128461AF0E3FA40F63E530380B4
:1079D000012128461AF0DCFA052303700C21284601
:1079E0001AF0D6FA034623F8026B216A626AC0F8DD
:1079F00002105A60238D4381CFE56B4B1B681A063A
:107A00004FF000047FF5C9AD0C35022128461AF06D
:107A1000BFFA4FF481630380042128461AF0B8FAB4
:107A200001230470A0F80160C370B6E590F820301F
:107A30000E2B00F057816C4688B004A9614D0A46B0
:107A40000320C1E9055342F8100F5A4800234FF4B0
:107A5000C451ECF7A9FEA5469FE50B4632464146C8
:107A60000020FEF76FFE98E54F4B5B6898006DD5E0
:107A70004E4B1B68990669D50C35022128461AF031
:107A800087FA40F63E330380012128461AF080FA37
:107A9000062303700A2128461AF07AFA0680238CFE
:107AA0004380638C8380A38CC380E38C038174E563
:107AB0006D4688B090F8200004AB434C1A46032171
:107AC000C3E9054042F8101F3A4800234FF4C4515F
:107AD000ECF76AFEAD4660E5334B90F820401B683A
:107AE0001B067FF55AAD0C35022128461AF050FAD4
:107AF0004FF481630380042128461AF049FAB4FA4E
:107B000084F35B090470A0F80160C37045E5A07FB1
:107B100004F12503FF2204F11F0107F0C7FFC9E5A7
:107B2000254A2A49264841F6427315F0D1F94040CA
:107B300080F311884FF0030002DFB5E5002104F166
:107B40001E034A46084607F0B1FF3EE50023CDE993
:107B50000233CDE900331A220221304601F072FAD5
:107B60001BE5B9F1000F40F0C480022128461AF04D
:107B70000FFA41F23E330380012128461AF008FA39
:107B800001230370122128461AF002FAC0F801906E
:107B9000C0F80590C0F80990C0F80D9080F81190D9
:107BA00080F80080F9E400BFD8020020D002002055
:107BB000EC7A0600CC470600107A0600247706000F
:107BC000A4760600187B0600287B0600747A06005F
:107BD000002B3FF4E2AC684B1B685A057FF5DDAC27
:107BE000207F00F00F03012B0DD0644A64496548E3
:107BF00041F6640315F06CF9404080F311884FF0B2
:107C0000030002DF207F04F11E08C0F3801142460A
:107C100000F00F00FEF73EFD00287FF4BEAC0C35EF
:107C2000022128461AF0B4F941F23E2303800121D3
:107C300028461AF0ADF903460B221A702846112186
:107C40001AF0A6F940F201130380054607F038FE4A
:107C50008145C0F08880237FC3F38013AB70D4F8D4
:107C60001E30C5F80330B8F80430A5F80730237F7C
:107C7000C3F3C0136B72636AC5F80A30238DEB81BE
:107C80002E748AE4022128461AF082F941F23E332A
:107C90000380012128461AF07BF901230370122189
:107CA00028461AF075F980F80080A0F80160637F1B
:107CB000C370A37F03F001030371D4F81F30C0F831
:107CC0000530B4F82330A0F80930638EA0F80B30EB
:107CD000A38EA0F80D30E38EA0F80F3094F8383062
:107CE00043745AE40B46324600211A20FEF72AFD5F
:107CF00053E4022128461AF04BF941F63E73038003
:107D0000012128461AF044F90A2303701E2128464F
:107D10001AF03EF904461D22002101301BF0E9FD56
:107D200084F8008039E4154A1749164841F6CB73A8
:107D300015F0CEF8404080F311884FF0030002DFC9
:107D400038E5C3460B237B604FF00C085B4666E4C6
:107D5000EA1C4846A91C7B6007F06AFDAA787B688C
:107D60000232AA7090E4EA1CA91C484607F060FDA4
:107D7000AB780233AB707AE7D0020020107A0600AD
:107D80004C7A0600A4760600B07A060070B500F1C1
:107D90000C040E462046022115461AF0F9F840F26E
:107DA00013530380052120461AF0F2F801230370D3
:107DB000A0F80160A0F8035070BD00BF0379032B49
:107DC00008D0053BDBB2182B01D900207047054ACB
:107DD000D05C7047037F03F00303032B14BF05201F
:107DE00004207047407B060030B583B0194B079DD7
:107DF000194AEB1AA2FB032313F47F5FC3F3871422
:107E000019D1A21C154B0095D2B201210020FCF71C
:107E10000DFF10F0FD0F0CD0114A1249124840F628
:107E20009E1315F055F8404080F311884FF0030081
:107E300002DF03B030BD0A4A0C490B4840F69913E3
:107E400015F046F8404080F311884FF0030002DF40
:107E5000D7E700BF7090002089888888717E040071
:107E6000687B0600B47B0600A4760600A87B0600AB
:107E700000B170470C4B10B502460C4602200121A0
:107E80009C60FBF771FB00B910BD084A084909481E
:107E900040F6BA1315F01CF8404080F311884FF0FB
:107EA000030002DF10BD00BF04100020687B060045
:107EB00010780600A4760600F8B505682F6E064611
:107EC000C7B16C6E00232B663CB300211723696693
:107ED00023714FF6FF73E38004F11C001E221BF098
:107EE00008FD3C232377A66021463846BDE8F840CC
:107EF000FDF7C6BC104A1149114840F6E61314F0CC
:107F0000E7FF404080F311884FF0030002DF6C6E02
:107F10002F6E00232B66002CD7D1074A0949084849
:107F200040F6EA1314F0D4FF404080F311884FF07C
:107F3000030002DF6C6EC8E7687B0600D07B06009A
:107F4000A4760600E47B060038B5044610F81C3B16
:107F500053B3174D6369A8606BB1164A16491748A9
:107F600040F6CF1314F0B4FF404080F311884FF077
:107F7000030002DFA86812490D4B0022C4E9051076
:107F800011460120FBF7F0FA00B938BD094A0D4946
:107F90000A4840F6D61314F09BFF404080F3118846
:107FA0004FF0030002DF38BDBDE83840FFF784BF63
:107FB000F40F0020687B0600FC7B0600A476060018
:107FC000B97E04001078060038B591F8293001EB2D
:107FD0008303DB6A1D7800B938BD0C46FDF71EFD32
:107FE0008442F9D015F00E0F02D1236A002BF3D092
:107FF000064A0749074840F6861314F069FF4040D7
:1080000080F311884FF0030002DF38BD687B060063
:10801000107C0600A476060000B5134B9A8C93F8EA
:10802000291093F86AC003EB810122F4437222F015
:108030000202C96A42F00E029A84062000224FF41E
:10804000006E6FF3420CA3F868E083F86AC00A7010
:10805000487093F8351003EB810304229B6B1A7070
:1080600058705DF804FB00BF7090002070B51B4C89
:10807000256AEB6E63B11A4A1A491B4840F613236E
:1080800014F026FF404080F311884FF0030002DF18
:1080900005F1600105F15C00FBF7E4F9064670B1FB
:1080A0002868EE6600F04AFF0025606E2562FDF745
:1080B000D7FB206E6566FDF7C7FB256670BD084AD5
:1080C0000A49094840F6152314F002FF404080F3A6
:1080D00011884FF0030002DFE2E700BF709000203C
:1080E000687B0600687C0600A4760600C47D060056
:1080F00030B5524C94F86A30D90785B063D5236AFD
:1081000053B193F8202042F0020283F82020236A22
:1081100093F82030DA076BD44848FDF767FC8442B7
:108120000CD0474A4749484840F6DE2314F0D0FEB9
:10813000404080F311884FF0030002DF94F82430B0
:10814000DB0703AD0DD502210391404B00950321C0
:1081500001220020FCF76AFD2946FDF735FC0028C6
:1081600059D102220321394B009500200392FCF7DC
:108170005DFD2946FDF728FC40BB3548FDF772FC44
:1081800008B1783036D12D48FDF73CFC84420CD044
:108190002B4A2C492C484FF4306314F099FE404090
:1081A00080F311884FF0030002DF236A0BB1FFF761
:1081B0005DFF94F86A3000206FF3000384F86A30A2
:1081C00000F0AAFC20B3002005B030BD1B48FDF72D
:1081D00019FC84420CD01A4A1A491B4840F6F7236E
:1081E00014F076FE404080F311884FF0030002DF68
:1081F0000C20E9E7124A1749134840F6FD2314F012
:1082000067FE404080F311884FF0030002DFBAE7B9
:1082100007F098FDD7E70948FDF7F4FB8442E7D063
:10822000074A0849084840F6E92314F051FE404047
:1082300080F311884FF0030002DFD9E7709000202F
:10824000687B06007C7C0600A4760600914F040043
:108250008C900020887C0600037803F00F0302F165
:10826000FF3C022B1FFA8CFC25D0012B0DD01031C6
:10827000C9009BB1062B11D04FF4F37313FB0CF321
:1082800040F25320184480B2704740F2162313FB8B
:108290000CF340F2E330184480B27047407810305D
:1082A000C00001F21B3100F5B37313FB0CF308445B
:1082B000184480B2704741780CEB8C03C3EB031079
:1082C000400001F11003DB0000F23B1003FB02024F
:1082D00090B270472DE9F0411D468AB04FF6FF730A
:1082E0009D429DF84080119C18D023780133DBB269
:1082F000074616462370002B63D03949394B0D8150
:1083000004F11C000022C860C1E9007681F80A80EF
:10831000996001201146FBF727F938B994F8240039
:1083200010F0010514D00AB0BDE8F0812E4A2F49A3
:108330002F4840F6441314F0CBFD404080F31188E1
:108340004FF0030002DF94F8240010F00105EAD199
:10835000042109A808F018FD099B264A0694A2FBEF
:108360000312991A02EB5102120A40F2471101FB63
:108370001233214A2149A21AA1FB02129209204973
:108380000232CDE904510133CDE90255CDE9005562
:10839000D2B2012128460993FCF730FC10F0FD0F02
:1083A000C1D0114A1749124840F2937314F090FD5E
:1083B000404080F311884FF0030002DF0AB0BDE8AF
:1083C000F081094A10490A4840F6221314F080FD52
:1083D000404080F311884FF0030002DF8DE700BFBB
:1083E00044900020E40F0020687B0600107806000F
:1083F000A476060021F1D4907090002089888888A6
:10840000C97F0400A47C0600A07C06002DE9F04F83
:10841000714C1F46714B94F86A6086468C4693E80F
:10842000030083B016F001061546DDF830809DF894
:1084300034209DF8383000908DF8041040F0A98069
:10844000A18C02F0070203F00303520021F44371F0
:1084500042EA032221F002010A43A28494F829206F
:1084600004EB8202BCF1010F0CF10803D2F82C904E
:1084700008BF4FF0000E0DEB030CA4F868E099F86C
:1084800000A01CF8083C2AF01F0113F00E0F03F0A7
:108490000F030CBF012200220B4362F3451389F83E
:1084A000003003F00F03012B0AF00F0A5BD094F8A1
:1084B0006A3065F3420384F86A30DAB25B070CD5A0
:1084C000134667F3C30384F86A30D8F80030C4F861
:1084D0006B30434BB8F804209A8099F8003003F0D1
:1084E0000F02012A05F0010B2BD099F80120E2B907
:1084F0006BF3861362F3C71389F80030062389F8FB
:10850000013094F83530E46104EB8304AD01A36BD2
:1085100005F040055A7845F004051D700AB9062299
:108520005A70304603B0BDE8F08FBAF1010F23D086
:1085300099F800306BF386136FF3C71389F8003096
:10854000DFE74A466BF3861367F3C71302F8083B6D
:10855000D8F80010C9F80810B8F8041091800C235E
:1085600089F80130CDE7BAF1010FA0D099F80120C8
:10857000A2B984F840609AE794F84020194909F1BB
:1085800008001BF0A8F994F84030063389F8013050
:10859000CEE70C26304603B0BDE8F08F052A0AD995
:1085A000063AD2B2372309F108010E4884F8402078
:1085B0001BF025FB7BE70C4A0C490D484FF4D773A1
:1085C00014F086FC404080F311884FF0030002DF76
:1085D00099F80120E4E700BF70900020644B06008A
:1085E000DB900020B1900020687B0600DC7C060058
:1085F000A476060010B5064C204609F021F804F1D7
:108600000C0009F01DF8FFF707FD002010BD00BFAA
:108610009890002008B5FFF76BFD002008BD00BF53
:1086200038B5094C04F10C05204609F019F8284624
:1086300009F016F8204609F003F8284609F000F87A
:10864000FFF7EAFC002038BD98900020034A044B55
:10865000801AA3FB0030C0F38F1070477090002089
:1086600089888888044A0068044B801AA3FB00307C
:10867000C0F38F10704700BF7090002089888888F1
:1086800038B9054890F86A3013F0010F08BF002090
:1086900070470020704700BF7090002028B9044B3D
:1086A00093F86A0000F0010070470020704700BF97
:1086B0007090002050B9064B93F86A0010F001004A
:1086C00005D093F8250000F00300704700207047A4
:1086D0007090002070B506460C4690F8260007F012
:1086E000A9FC23780546C3F38010FCF7CDFB036893
:1086F000C6F871308388A6F875308DB1237843F0C1
:108700004003237023782A68C4F8022003F00F0383
:10871000AA88E280012B04F1020503D0284670BD2F
:108720000546EFE796F8260007F0B2FC0028F5D0E2
:108730002278234642F0800203F8082B0268A260E8
:1087400082889A80284670BD1F2957D82DE9F041AC
:1087500090F8293000EB830382B0DF6A3B7803F0A6
:108760000F03012B0E46054690463FD00DF1070141
:10877000283008F0E7FF3A78037802F00F0223F080
:108780001F03134303703B780278C3F3401363F372
:10879000451202703B78D2B2C3F3801363F38612A2
:1087A00002703A46044612F8023B0078DB0963F394
:1087B000C7102346414603F8020BD7F80200C4F85D
:1087C000020092889A8004F10800324606361BF0B7
:1087D00082F8667095F86A30DB0711D49DF807308F
:1087E00085F82930002002B0BDE8F08180F8401003
:1087F0000A46413041461BF06EF8F3E712207047FD
:1088000095F8353005EB830321469A6B2846DEF751
:108810001FFD0028E2D0E6E703460A460148194654
:10882000FFF792BF709000201F2961D82DE9F04119
:1088300090F8353000EB830382B09F6B0E460546FF
:10884000904600F13404002F43D020460DF107017B
:1088500008F078FF037823F03F033A4643F004031F
:108860000370044612F8020BDBB2C0F3801003F071
:108870003F0343EA80132370B31D6370D7F80230BF
:10888000C4F802309388E3803246414604F1080080
:108890001BF021F895F86A30DA0707D49DF8073005
:1088A00085F83530002002B0BDE8F08195F8292028
:1088B00005EB82024123D16A0A7802F00F02D3400D
:1088C000DB07EBD522462846DEF7C2FC0028E5D0C0
:1088D000E9E7204608F0B4FEC0B258B995F8353043
:1088E00005EB83039F6B04233B7006237B70ACE78F
:1088F000122070470720D6E703460A46014819466A
:10890000FFF792BF709000202DE9F843099C9DF875
:1089100020902546804615F81C1B0131C9B2174628
:108920001E46217081B1174C174B2681002211463B
:108930000120C4E90087E56084F80A909C60FAF79A
:1089400013FE78B9BDE8F883104A1149114840F286
:10895000963314F0BDFA404080F311884FF00300C5
:1089600002DFE0E7094A0C490A4840F2A33314F059
:10897000AFFA404080F311884FF0030002DFBDE8FA
:10898000F88300BFF0900020141000201C7D06002A
:10899000A07C0600A4760600107806000020704730
:1089A000043008B501F11C02C0B2FDF797F800B918
:1089B00008BD783001D10C2008BD074A0749084896
:1089C0004FF4247314F084FA404080F311884FF080
:1089D000030002DF0C20EFE71C7D06005C7D060033
:1089E000A476060038B52C4C94F8483003F0010208
:1089F00058B35ABB9A07C3F341050BD50120FCF7C6
:108A000043FA0621FAF71EFD002842D094F8485098
:108A1000C5F3410594F83200C0F3C10007F0D2F964
:108A200094F8333094F832206FF34103FF2184F837
:108A30003330930684F8341002D5023D012D1ED93F
:108A4000BDE838401448DEF7C7BC12B90C252846EB
:108A500038BD236A002BF9D12146FFF7A1FF054657
:108A60000028F4D194F8483060F3000384F84830CB
:108A7000FFF706FE0028EAD107F064F9E7E70020D7
:108A800007F0C4F994F8333043F0020384F833302C
:108A9000D6E71225DBE700BFB860002038B50F4DE0
:108AA00000243CB995F8484014F0010402D0286A2B
:108AB0000A4908B1002038BDFFF772FF0028F0D145
:108AC00095F8482060F3000285F84820FFF7D8FDAC
:108AD0000028E6D107F036F9E3E700BFB8600020D0
:108AE000044A054B801A8008A3FB0030C0F34700FE
:108AF000704700BFB8600020BD86F21A044A0068C3
:108B0000044B801A8008A3FB0030C0F34700704775
:108B1000B8600020BD86F21A38B9054890F8483090
:108B200013F0010F08BF002070470020704700BFFE
:108B3000B8600020044A92F8483003F0010318435B
:108B40000CBF104600207047B8600020A0B90B4A47
:108B500092F8483013F001000FD0106A92F83210EA
:108B60000038C1F3401203F0010303FA02F318BF07
:108B7000012043EA8000704700207047B860002061
:108B800050B9064B93F8480010F0010005D093F857
:108B90003200C0F3C100704700207047B860002069
:108BA00010B5134B1348144C06224FF4D471FAF746
:108BB000E1FB124B0322181D2421FAF7DBFB104BBB
:108BC0001B22181D0821FAF7D5FB02F03BFF0D4AC6
:108BD0000D4B0E49002010601B221A800C4A012305
:108BE0004FF4A47CA4F800C00B70137010BD00BF3C
:108BF0002C9100200861002010B000200C92002071
:108C0000309100207C92002012B00020B2B20020EF
:108C1000B1B200202DE9F043D0F80080334983B091
:108C200005464FF4D4724046FAF7F8FB05F15C06AE
:108C3000294609F0E9FB286E01AA3146FAF72EFC15
:108C400028B32B4C4FF6FF7704F10809627994F8AA
:108C500002C02179531CDBB29C4508BF0023994216
:108C600094F800C031D012FB0CF202EB090129F894
:108C70000270019A4A6012680260019A1060286EC0
:108C8000637101AA3146FAF709FC0028DED1D8F851
:108C9000540108F5AA7440B10023C8F854312146A4
:108CA000FCF7BEFF03B0BDE8F083124A1249134837
:108CB00040F29D7314F00CF9404080F311884FF09E
:108CC000030002DFD8F85401E6E70A4A0C490B48D2
:108CD00040F2897314F0FCF8404080F311884FF0A3
:108CE000030002DF00231B80FFDE00BF08610020BD
:108CF00064100020747D0600BC7D0600A47606008A
:108D0000B47D060010B50C46B0B9124B002201210B
:108D100002209C60FAF728FC00B910BD0E4A0F49EA
:108D20000F4840F2437314F0D3F8404080F31188A9
:108D30004FF0030002DF10BD074A0A49084840F21D
:108D40003D7314F0C5F8404080F311884FF00300E4
:108D500002DFDAE744100020747D06001078060078
:108D6000A4760600CC7D060008B50B4B0022986067
:108D700011460120FAF7F8FB00B908BD074A084977
:108D8000084840F26F7314F0A3F8404080F3118854
:108D90004FF0030002DF08BD24100020747D0600A0
:108DA00010780600A476060038B5044610F81C3B7F
:108DB00053B3174D6369A8606BB1164A164917483B
:108DC0004FF4EB6314F084F8404080F311884FF0C7
:108DD000030002DFA86812490D4B0022C4E9051008
:108DE00011460120FAF7C0FB00B938BD094A0D4908
:108DF0000A4840F25F7314F06BF8404080F311882A
:108E00004FF0030002DF38BDBDE83840FFF7ACBFCC
:108E100034100020747D0600FC7B0600A47606005A
:108E2000698D04001078060083685A68537FDB0957
:108E300000F1080101D0DEF70FBFDFF77DBB00BFF7
:108E400000B9704710B50C46FCF706FE844210D0FE
:108E5000FCF7E4FD84420CD0064A0749074840F27B
:108E6000776314F035F8404080F311884FF0030029
:108E700002DF10BD747D0600D87D0600A4760600D2
:108E800010B50C4690B92046FCF7DAFD84420CD0B0
:108E90000D4A0E490E4840F28D6314F019F8404017
:108EA00080F311884FF0030002DF10BD064A094924
:108EB000074840F28A6314F00BF8404080F31188B1
:108EC0004FF0030002DFDEE7747D06002C7E060013
:108ED000A4760600CC7D060010B50C4690B920465D
:108EE000FCF7A2FD84420CD00D4A0E490E4840F218
:108EF000836313F0EDFF404080F311884FF00300CF
:108F000002DF10BD064A094907484FF4D06313F049
:108F1000DFFF404080F311884FF0030002DFDEE7FF
:108F2000747D06002C7E0600A4760600CC7D06002B
:108F30000148FAF745BA00BF2C9100200149FAF721
:108F400055BA00BF2C91002002494FF4D472FAF7B1
:108F500065BA00BF0861002002464FF4D471014891
:108F6000FAF758BA0861002005280DD810B5044654
:108F7000224606484FF4D471FAF74CFA038DA34207
:108F800000D110BD002010BD0020704708610020F6
:108F90000148FAF715BA00BF0C9200200149FAF710
:108FA00025BA00BF0C920020052842D870B50446AF
:108FB0000E46214822464FF4D471FAF72BFA038D5E
:108FC000A34205461FD11D4A92F805C0917810783A
:108FD0000CF10103DBB2994208BF002311799942D9
:108FE00024D01CFB00FC02F1080121F80C408C4449
:108FF000CCF8046053712B7843B995F93930002BC4
:109000000FDB002070BD6FF0150070BD0C4B00220F
:10901000012103209D60FAF7A7FA95F93930002B5A
:10902000EFDA2146284605F0A1FFEAE76FF0680075
:1090300070BD6FF015007047086100204C110020D2
:10904000541000202DE9F04F85B00528BDF8389068
:10905000BDF83CA0BDF840B0039214D804460D46BC
:109060001B4822464FF4D4711E46FAF7D3F9B0F8E4
:109070002880A045074606D175B1022D07D00120F2
:1090800005B0BDE8F08F022005B0BDE8F08F039B6E
:10909000ABB902F079FF0EE0119B0193CDF800B05F
:1090A00053464A46314602F0E9FE0028ECD197F9D2
:1090B0003930002B07DB002005B0BDE8F08F0399A5
:1090C00002F072FFF7E74146384605F04FFFF2E73E
:1090D0000861002005281DD870B504460D460E48CD
:1090E00022464FF4D471FAF795F9038DA342064650
:1090F00008D102F05DFE38B103682B6003792B7153
:10910000002070BD022070BD736B2B6096F8383064
:109110002B71F5E70220704708610020052870B523
:1091200002D90224204670BD05460C4615482A4641
:109130004FF4D471FAF76EF9038DAB4206461FD196
:109140001A2C04D8042C16D81224204670BD292CC1
:1091500001D03B2CF8D12146304602F0F9FD0446FF
:109160000028DFD196F93930002BDBDA294630466A
:1091700005F0FCFED6E7044BE340DB07EBD4E3E766
:109180000C24CFE70861002020003804052870B5C2
:1091900015D8044622460E484FF4D471FAF73AF92E
:1091A000068DA64205460AD1012102F051FD044672
:1091B00018B995F93930002B04DB204670BD022424
:1091C000204670BD2846314605F0D0FE204670BDD1
:1091D00008610020052870B514D8044622460E48C0
:1091E0004FF4D471FAF716F9068DA642054609D157
:1091F00002F044FD044618B995F93930002B04DB20
:10920000204670BD0224204670BD2846314605F038
:10921000ADFE204670BD00BF08610020052825D89E
:109220002DE9F04104460E4617464FF4D47102462C
:109230001248FAF7EFF8B0F82880A04505460FD19C
:10924000D0F830319B060ED53A46314602F0C2FDC9
:1092500020B995F93930002B0ADB0020BDE8F081F8
:109260000220BDE8F0811A20BDE8F081022070479D
:109270004146284605F07AFEEFE700BF086100206E
:10928000034A044B12881B8802800B80704700BF82
:1092900012B0002010B00020024A034B1080198049
:1092A0000020704712B0002010B000204FF0450C95
:1092B000A0F800C04FF42670A2F800C00880188003
:1092C000704700BF05281BD870B504460E461546EA
:1092D0004FF4D47102460B48FAF79CF8028DA24273
:1092E00003460BD190F87640C4F30204347093F82F
:1092F0007730C3F302032B70002070BD022070BDD5
:109300000220704708610020024A034B1070197058
:1093100000207047B2B20020B1B2002005280ED85C
:1093200010B50446224607484FF4D471FAF772F894
:10933000038DA34201D11A2010BD022010BD0220CE
:10934000704700BF0861002005281DD838B50446C5
:109350000D460E4822464FF4D471FAF75BF8038DA0
:10936000A3420FD1418DB0F88631094A01FB03F3C6
:10937000C3EB431103EB8103A2FB03239B092B8067
:10938000002038BD022038BD02207047086100204F
:10939000D34D621005281ED838B505462A460F4819
:1093A0000C464FF4D471FAF735F8028DAA42034601
:1093B0000FD1428D40F2E24101FB02F242F2107104
:1093C00001FB04210139B1FBF2F1A3F88611002061
:1093D00038BD022038BD0220704700BF0861002060
:1093E000FFF7DEBB2DE9F04105F00AFF194EDFF86B
:1093F0007880194F0025AAB24FF4D4713046FAF79D
:1094000009F80446681D04F11C022146C0B2FCF7AD
:1094100065FB70B178300CD0104840F2C263424610
:10942000394613F055FD404080F311884FF003009A
:1094300002DF01354FF6FF720023062D2285C4F8A6
:109440008830D8D10649074A8B809380BDE8F04127
:10945000FFF7A6BB086100205C7D0600A47606002D
:109460004C11002064100020747D0600014B187818
:10947000704700BFB2B20020014B1878704700BFA0
:10948000B1B200202DE9F84FDFF8688082468B46A4
:1094900017469946002501E0062D28D0AEB2324687
:1094A0004FF4D4714046F9F7B5FF038DB34204463B
:1094B00005F10105F0D190F89A61C6F34003BB4273
:1094C000EAD10622494600F2A1101AF0C9FB06F0C3
:1094D00001060028E0D15645DED104F29B10062299
:1094E00059461AF0BDFB0028D6D1012000E000202B
:1094F000BDE8F88F0861002038B58B6808601D68EA
:109500002B780C4693B16B6963B10B4A0B490C483D
:1095100040F24A3313F0DCFC404080F311884FF0F6
:10952000030002DF074BC5E9053438BDBDE838400C
:109530000846FFF779BC00BF747D0600FC7B06007F
:10954000A4760600298E0400F8B50B68DE88052E87
:1095500030D80C460746324618484FF4D471F9F714
:1095600059FF038DB342054623D102F059FD22680D
:10957000137F03F00303032B08D101231371226827
:1095800039462846BDE8F84002F05EBD53B995F86B
:1095900080319B0703D53D2385F850312268012394
:1095A0001371F8BD95F880319A07FAD53D2385F8F7
:1095B0005031236801221A71F8BD00BF08610020F4
:1095C000F8B50446008D1D464FF6FF7398420F46CE
:1095D00016460CD02046C4E94376A4F8145102F094
:1095E000CFFA94F8803113F001000ED1F8BD0A4A89
:1095F0000A490B484FF4647313F06AFC404080F34F
:1096000011884FF0030002DFE4E76FF3000384F8F2
:1096100080316FF08B00F8BD747D0600687E060017
:10962000A47606002DE9F843204C214E62790746C6
:1096300004F108051BE0F9F7EDFE0346D4301B8D5D
:10964000434526D1D9F8041001F0C4FF237962798B
:10965000A1789A4207F1FF3703F1010304D0DBB28E
:10966000994208BF0023237117F0FF071CD023790C
:1096700094F800C0934213FB0CF34FF4D4713046BE
:1096800003EB050910D035F80380B8F1050F424609
:10969000D1D9D9F804100B796FF301034FF6FF709D
:1096A0000B71FCF739F9D1E7BDE8F8834C110020C4
:1096B000086100202DE9F04F3F4A1468A042064699
:1096C0000B4604BF00211160008DA6F85A01182234
:1096D00083B0012186F8582186F87031304602F0B7
:1096E00059FA06F1D407304602F068FA384601F01C
:1096F00059FF384601F08EFF044600283AD003791E
:10970000DFF8C890DFF8BCB0DFF8C4A003F00303B3
:10971000032B0CBF0346002303604846F9F750FEB5
:1097200006F17C080546B8B1214642462846F9F7BD
:10973000A3FE384601F06EFF0446D8B1037903F06A
:109740000303032B0CBF0346002303604846F9F7CD
:1097500037FE05460028E7D1184840F22E735A46D6
:10976000514613F0B5FB404080F311884FF00300E1
:1097700002DFD9E7328D124B00960532D2B20121B9
:109780000020FBF753FA10F0FD0F0CD00D4A0E49E4
:109790000A4840F2F46313F09BFB404080F31188C9
:1097A0004FF0030002DF4FF6FF73FF20338503B055
:1097B000BDE8F04FFFF736BF7C920020A47606008C
:1097C000058D0400747D0600387E0600309100206F
:1097D000C47D060000293AD02DE9F84F4D1EDFF870
:1097E0007490DFF874B0DFF874A00746EDB200F1B2
:1097F000D40815E0237903F00303032B0CBF2346A1
:1098000000232360F9F7DCFD064690B1013D07F126
:109810007C0221463046EDB2F9F72EFEFF2D06D030
:10982000404601F0F7FE04464846002CE2D1BDE870
:10983000F88F074840F25A535A46514613F048FBF6
:10984000404080F311884FF0030002DFDEE77047ED
:10985000A476060030910020747D0600C47D0600C9
:1098600010B504460120FFF7DDFE20460121BDE8CA
:109870001040FFF7AFBF00BF0149F9F7B7BD00BF08
:1098800030910020014B5879704700BF64100020D0
:1098900010B50C4B93F804C093F805E01C78F44520
:1098A0000DD01CFB04FC083380F800E00CEB030037
:1098B00033F80C300B8043681360186810BD00202B
:1098C00010BD00BF6410002000B50B4B93F804C01E
:1098D00093F800E084450CD01CFB0EFC08330CEB25
:1098E000030033F80C300B804368136018685DF890
:1098F00004FB0020FBE700BF64100020094B19792E
:109900005A79187893F802C08A4209D04A1C01FBA0
:109910000030D2B2944508BF002280681A717047A7
:10992000002070476410002038B5144C627994F818
:1099300002E094F804C02578531CDBB29E4508BFB2
:1099400000239C4509D012FB05F204F1080C2CF809
:10995000020062445160637138BD094A09490A48EE
:1099600040F2995313F0B4FA404080F311884FF05D
:10997000030002DF00231B80FFDE00BF6410002015
:10998000747D0600E07E0600A476060070B553796B
:10999000144605460E466BB3237903F00302032AEF
:1099A0000CD04FF6FF72954204BF6FF30103237191
:1099B00021462846BDE87040FBF7AEBF4FF6FF7367
:1099C0009D4225D133689C4239D0002BF0D01F4AEC
:1099D0001F49204840F2BB5313F07AFA404080F30D
:1099E00011884FF0030002DF21462846BDE8704091
:1099F000FBF792BF154A1849164840F2A65313F0D8
:109A000067FA404080F311884FF0030002DFC3E79C
:109A10002A464FF4D4711148F9F7FCFC214602F0B4
:109A2000E1FA3368A342D0D1052D08D80B482A4665
:109A30004FF4D471F9F7EEFC038DAB4200D0002057
:109A40002146BDE8704002F04FB800BF747D0600AB
:109A5000F47E0600A4760600E87E06000861002079
:109A600090F85A20B0F85030C2F30212022A14BF04
:109A7000DB089B0890F87220B0F84C0014BF0A3B3A
:109A80000B3B9BB2D20644BF043B9BB2984228BF1B
:109A900018467047704700BF90F8803143F00203CA
:109AA00080F88031704700BF90F880316FF3410338
:109AB00080F88031704700BF0278438E12B1581E83
:109AC00080B27047C18DB0F814215818104480B28C
:109AD000704700BF10B50B684363044634300B7900
:109AE00003710521F9F758FE94F8393060F3050346
:109AF00084F8393010BD00BFB0F87030B3F5267F60
:109B000028BF4FF42673B3F5A47F4FF4267038BFF7
:109B10004FF4A47308801380704700BF00B5B0F8FD
:109B20006020B0F85A1003468A4290F87700B3F8E4
:109B30005EC028BF0A4600F00700B3F864101B2A75
:109B400038BF1B22042814BF4FF4A4704FF42960BF
:109B5000614528BF61468142B3F86EC038BF0146F7
:109B60008C45B3F86A0044D09042A3F86E1001D03F
:109B7000A3F86A2093F8D12042F00202012083F872
:109B8000D120B3F858C0B3F8622093F87610B3F838
:109B90005CE0624528BF624601F007011B2A38BF1E
:109BA0001B220429B3F8661014BF4FF4A47C4FF4B1
:109BB000296C714528BF71466145B3F86CE038BF28
:109BC00061468E45B3F868C017D06245A3F86C10A3
:109BD00001D0A3F8682093F8D1206FF3410283F8F5
:109BE000D12093F8D1200120024383F8D1205DF8E1
:109BF00004FB9042BCD10020C3E76245E9D193F851
:109C0000D11041EA510202F0010221F003010A439E
:109C100083F8D1200028E4D15DF804FBB0F860207F
:109C2000B0F85A1003468A4290F87700B3F85EC045
:109C300028BF0A4600F00700B3F864101B2A38BF9B
:109C40001B22042814BF4FF4A4704FF4296061450F
:109C500028BF61468142B3F86EC038BF01468C45CB
:109C6000B3F86A000DD09042A3F86E1001D0A3F8AB
:109C70006A2093F8D12042F00202012083F8D1201B
:109C800070479042F3D10020704700BFB0F86220C7
:109C9000B0F8581003468A4290F87600B3F85CC0DA
:109CA00028BF0A4600F00700B3F866101B2A38BF29
:109CB0001B22042814BF4FF4A4704FF4296061459F
:109CC00028BF61468142B3F86CC038BF01468C455D
:109CD000B3F8680014D08242A3F86C1001D0A3F846
:109CE00068204FF0010C93F8D1106046C1F3400298
:109CF00042EA0C0221F003010A4383F8D1207047A5
:109D00008242ECD193F8D110002001F0010CEDE774
:109D10001B2928BF1B21B2F5A47F064BA0F87210A7
:109D200028BF4FF4A472A0F87020C365A0F85810A3
:109D3000704700BF48019802F8B500238366C366E8
:109D4000A0F87430314B324A1B8812881B2B28BF75
:109D50001B23A0F87230A0F85830452301F003050A
:109D6000A0F85A304FF01B1305F128060366523550
:109D700090F87730B2F5A47FC1F340014FEAC606F0
:109D80004FEAC50528BF4FF4A472CE40CD4003F082
:109D90000703B7B2ADB2A0F87020042B4FF4A47241
:109DA0000446A0F85E50A0F86470A0F86670A0F8B1
:109DB0005C2020D0AF423B4628BF2B46934238BFA1
:109DC0001346A4F86E301B23A4F86A3094F8D130FF
:109DD00043F0020384F8D1302046FFF757FF94F890
:109DE000D130AF4243F0010384F8D13006D00123D3
:109DF00084F87430F8BD4FF42963E2E7B6F5A47F28
:109E0000F5D1A36DB3F11B1FF1D1F8BD12B0002045
:109E100010B0002008B50022D0E91E01F9F736FB8A
:109E2000B0FA80F0400908BDF8B506460F46154661
:109E300001F018FD044678B3EA1E201D082A06D852
:109E4000DFE802F0250505220505051F1C00194A5B
:109E500019491A48CF2313F03BF8404080F311888A
:109E60004FF0030002DFE3797B732146304601F0B7
:109E70000FFD304602F0E8FF2046F8BD03F032FB4C
:109E8000F1E703F025FBEEE703F018FBEBE70146F3
:109E9000384603F0B3FAE6E7064A09490748BC2307
:109EA00013F016F8404080F311884FF0030002DFF2
:109EB000C2E700BF147F060024770600A4760600E0
:109EC000E47E060070B5CD690C4606460DB303234B
:109ED0002B71338DEB8094F8281005F11C00A1B98B
:109EE000237A052B22D0062B02D11A232B7170BDA9
:109EF000104A11491148F42312F0EAFF404080F360
:109F000011884FF0030002DF70BDBDE8704003F020
:109F1000F3BA084A0A490948E42312F0D9FF40403D
:109F200080F311884FF0030002DFD0E7BDE87040F6
:109F300003F0C4BA147F060024770600A476060056
:109F4000587F0600F8B506460F46154601F08AFC14
:109F5000044600283AD02A1F201D092A06D8DFE827
:109F600002F01D202305050505260529214A224961
:109F700022484FF4337312F0ABFF404080F3118856
:109F80004FF0030002DFE3797B732146304601F096
:109F90007FFC304604F030FD2046F8BD03F06CFA3B
:109FA000F1E703F081FAEEE703F088FAEBE703F05C
:109FB00099FAE8E796F8203197F86E101BB1D6F8B9
:109FC00030315B0710D403F097FADCE7094A0C49FB
:109FD0000A4840F2B12312F07BFF404080F3118821
:109FE0004FF0030002DFB6E70A4697F86D1003F062
:109FF0008FFAC8E7147F060024770600A4760600CF
:10A00000E47E060070B5044600F18F0508462B4635
:10A01000164643310022333008F0F4FED4F8931092
:10A02000D4F89730D4F89B00D4F88F20C4F8B4103B
:10A03000C4F8B830D4F8AC10C4F8B0200023012E16
:10A0400094F8A720C4F8BC00C4F8CD104FF000006D
:10A050004FF0000184F89F3084F8A03084F8A130DC
:10A0600084F8A23084F8A33084F8A43084F8A530B2
:10A0700084F8A63094F8C830D4F8A850C4F8C95071
:10A08000C4E9300115BF002001200121002160F347
:10A09000000261F3000384F8A72084F8C83070BD83
:10A0A00038B503220C460546FFF7BEFED0F8123045
:10A0B000D0F81620C4F84720C4F84330D0F81A204E
:10A0C000C5F8A82040F2024363812846BDE8384025
:10A0D00004F08ABCF8B504220C460646FFF732FFAE
:10A0E0008368C268C4F84F20C4F84B300369C6F8CF
:10A0F000AC30E5690023E361ADB103232F792B7107
:10A10000338DEB8005F11C01204603F09DF92C2FC7
:10A1100002D00323A372F8BD28682946FBF7B0FBE1
:10A120000323A372F8BD074A0749084840F2E32316
:10A1300012F0CEFE404080F311884FF0030002DFA2
:10A14000DBE700BF147F0600587F0600A4760600F8
:10A1500070B50C46897A82B00546092900F209815A
:10A16000DFE801F009191C6C903E4C5B5E05002A8B
:10A170005BD002B070BD002AFBD10121284601F05E
:10A180008BFB2146284601F065FB002840F0A480A7
:10A190000123A372EDE7002AEBD1F2E7012A00F0D8
:10A1A000A280042AE5D101212846009301F088FB12
:10A1B000009BDA780D2A00F0DA80112A40F0B7808F
:10A1C0005B7984F82830284604F012FC21462846A2
:10A1D000FFF778FE284602F0FFFE0023A372C8E7CF
:10A1E000032AC6D10121284601F06AFB0026284631
:10A1F000FFF75AFC284684F8286037E0002AB8D1D7
:10A200000121284601F048FB2146284601F022FBA7
:10A21000002858D10723A372ABE7002AA9D1F3E79E
:10A22000062AA6D12846FFF737FC2146284601F02A
:10A2300011FB00286CD10923A3729AE7022A24D0CB
:10A24000042A96D101212846009301F039FB2846C3
:10A25000FFF72AFC009BDA780D2A00F08680112A8D
:10A2600074D15B7984F828302846002604F0C0FBBE
:10A27000214628462673FFF725FE284602F0ACFE4D
:10A28000A67276E7002A7FF474AF2146284601F0D3
:10A29000E1FA10B90423A3726BE700222146284695
:10A2A000FFF7B0FE062221462846FFF7BDFD40F22B
:10A2B0000563638195F88E3023F0180343F018038B
:10A2C00085F88E3055E70A2221462846FFF7ACFD77
:10A2D00040F6083363814CE72146284602B0BDE8CA
:10A2E0007040FFF7DDBE2846CDE90023FFF7D4FB21
:10A2F000019B009A59689868C4F84F00C4F84B1045
:10A30000D968C5F8AC1040F203532273638130E77B
:10A310000B2221462846FFF787FD4FF47F436381D8
:10A3200095F88E3023F0180385F88E3021E7184A0F
:10A33000184919484FF4C47312F0CAFD404080F325
:10A3400011884FF0030002DF1F233AE7104A11493A
:10A3500011484FF4C47312F0BBFD404080F31188E4
:10A360004FF0030002DF1F237CE71B797AE71B799C
:10A3700027E7074A0749084840F2612312F0A8FD81
:10A38000404080F311884FF0030002DFF1E600BF88
:10A39000147F060024770600A476060070B50C46EC
:10A3A000897A82B0064615460C2900F24381DFE81F
:10A3B00001F05F6494980707182342454A5C0C003B
:10A3C000002D00F09F8002B070BD082DFBD140F23F
:10A3D0000133638190F88E306FF3041380F88E3070
:10A3E000F1E7002DEFD1214601F034FA002840F0CA
:10A3F000D5800623A372E6E7022DE4D1E5690023A8
:10A40000E361002D00F0FA8003232B71338DEB8084
:10A41000237A052B00F0ED80062B40F0DC801A2318
:10A420002B712146304601F015FA002840F08C804F
:10A430000823A372C7E7002DC5D1F2E7002DC2D1D2
:10A440000A23A372BFE7072DBDD1012101F024FA31
:10A450003046FFF721FB2146304601F0FBF900288A
:10A4600040F08D800B23A372ADE7002DABD1F2E756
:10A47000002DA8D10123A372A5E7012DA3D1294660
:10A48000019301F009FA3046FFF706FB304602F06F
:10A49000D3FC019B5A689968C4F82D10C4F8292090
:10A4A0001A7B84F831205A7B84F83220D3F80E20AE
:10A4B000D3F81210C4F84710C4F84320D3F816306C
:10A4C000C6F8A8302146304601F0C4F908BB204642
:10A4D00001F002FA0223A37275E7002D7FF473AF37
:10A4E000F0E7032D0BD0042D7FF46DAF062340F26F
:10A4F000036284F82830A4F86D20A37263E7042374
:10A50000A37260E7214601F0A5F948B90523A372BB
:10A5100059E72146304602B0BDE87040FFF7DABD8A
:10A52000012221463046FFF76DFD052221463046C7
:10A53000FFF708FD40F20763638196F88E3043F021
:10A54000080386F88E303EE7062221463046FFF7A4
:10A55000F9FC304604F0E4FB0023A37201213046ED
:10A5600001F0AEF93046FFF79FFA304602F068FC82
:10A5700096F88E3043F0100386F88E3023E70B22D6
:10A5800021463046FFF7DEFC40F60C33638196F837
:10A590008E306FF3C30386F88E3014E70D22214608
:10A5A0003046FFF7CFFC304604F0BAFB94F8283071
:10A5B000062B31D0242B3FF406AF254A25492648E7
:10A5C0004FF4597312F084FC404080F311884FF02F
:10A5D000030002DFF7E61E4A1E491F4840F20B3314
:10A5E00012F076FC404080F311884FF0030002DF48
:10A5F00017E705F11C0002F061FF12E7144A174942
:10A6000015484FF43F7312F063FC404080F311880B
:10A610004FF0030002DFF7E601213046A57201F09A
:10A620004FF93046FFF740FA304602B0BDE87040BF
:10A6300002F006BC064A0749074840F2AD4312F053
:10A6400047FC404080F311884FF0030002DFBAE678
:10A65000147F060024770600A4760600587F0600C3
:10A6600092F81FC0ACF1040C02F11C03BCF10D0FF9
:10A6700008D8DFE80CF00E14170707070711070BBF
:10A680000707070B3D2380F8503170470422FFF77E
:10A690005FBD0122FFF75CBD0622FFF759BD022214
:10A6A000FFF756BD0322FFF753BD00BF08B5037A7D
:10A6B000052B0FD0062B10D0094A0A490A4840F250
:10A6C0009A2312F005FC404080F311884FF00300FC
:10A6D00002DF08BD0023837208BD837208BD00BF7E
:10A6E000147F060024770600A47606001346002295
:10A6F000FFF72EBD92F81FC0ACF1030C02F11C0352
:10A70000BCF1080F06D8DFE80CF01205050F0505AF
:10A71000050C09003D2380F8503170470822FFF7EF
:10A720003DBE0722FFF73ABE0222FFF737BE0122E5
:10A73000FFF734BE08B5037A052B0FD0062B10D0D7
:10A74000094A0A490A4840F2E24312F0C1FB40407C
:10A7500080F311884FF0030002DF08BD00238372ED
:10A7600008BD0923837208BD147F06002477060004
:10A77000A476060000230322FFF710BE0023042264
:10A78000FFF70CBE887AA0F10300B0FA80F0400910
:10A79000704700BF13460022FFF700BE70B591F866
:10A7A000343091F83520042B0C4603D8032B01D00C
:10A7B000042A0DD91343112113F0070384F8301034
:10A7C0004FF001050CD184F830300125284670BDCA
:10A7D000032A0DD0134313F007034FF00005F2D006
:10A7E000668EFFF769F9801B0304EFD42823EAE79C
:10A7F000112381F830300125F2E700BFF0B50E4695
:10A8000083B00DF1060201A9B0F86C50B0F86E707B
:10A810000446FFF771F996F83520002A5CD196F8C6
:10A820003430FBB9B4F86C30AB420ED3BDF806201F
:10A830009A420AD3B4F86E30BB4206D3BDF8042066
:10A840009A4202D3002003B0F0BD94F8D130A4F8AE
:10A850006C5043F001030120A4F86E7084F8D130ED
:10A8600003B0F0BD94F9390000281DDB94F8761090
:10A8700094F8685001F003032B440D33DB00C1F35F
:10A880004001CB409BB2BDF80650B3F5A47F38BF62
:10A890004FF4A4739D4228BF1D4632B3002803DA4B
:10A8A00096F83430002BBDD094F8772094F86A10D5
:10A8B000BDF8047002F003030B440D33DB00C2F358
:10A8C0004002D3409BB2B3F5A47F38BF4FF4A473CA
:10A8D0009F4228BF1F46A5E794F939000028C5DB31
:10A8E00096F83430002BDFD0C0E796F83430002BD8
:10A8F00098D0002896DAD7E770B5CD690C460646A1
:10A90000002D35D094F82930DB0720D52B792C2B5E
:10A9100020D11D232B71338DEB8094F830302B77B1
:10A9200096F87730C3F30203AB7796F87630C3F32B
:10A9300002036B7728682946FAF798FF94F82930C4
:10A9400000226FF3000384F82930E26170BD012317
:10A950002B71EFE70D4A0E490E4840F2B71312F083
:10A96000B7FA404080F311884FF0030002DFD0E7D0
:10A97000064A094907484FF4DA7312F0A9FA404031
:10A9800080F311884FF0030002DFBBE75C7F060015
:10A99000A07F0600A4760600587F060070B591F8E7
:10A9A0002930CD6A9B070C4603D4CDB101232B710E
:10A9B0000AE00646ADB103232B71338DEB8005F120
:10A9C0001C01304602F05EFF28682946FAF758FF5E
:10A9D00094F8293000226FF3410384F82930E262B1
:10A9E00070BD074A0749084840F2E31312F070FAB5
:10A9F000404080F311884FF0030002DFDBE700BF27
:10AA00005C7F0600587F0600A476060030B58B7A7E
:10AA1000032B83B00D4604461AD0052B06D0022125
:10AA2000204603B0BDE8304000F04ABF90F939300D
:10AA3000002B42DBAB8EABB395F834302BB194F8DE
:10AA4000762063F3061284F876200823AB72E6E7DB
:10AA500090F93930002B17DA1F4994F8762095F8D1
:10AA6000283003C9134303F007030DF1080C0CE968
:10AA7000030008336B4413F8083C63F30612062303
:10AA800084F87620AB72CAE7144A1549154840F29B
:10AA90005B4312F01DFA404080F311884FF0030031
:10AAA00002DFD9E794F87630C3F3020262F30613AB
:10AAB000092284F87630AA72B1E7084A0A4909489F
:10AAC00040F2644312F004FA404080F311884FF0E2
:10AAD000030002DFAEE700BF6C4B06005C7F0600A0
:10AAE000C87F0600A4760600E07F060091F82820C3
:10AAF00030B5940740D402F0070313F0010535D1B7
:10AB0000032B94BF002301234FEA830E754691F86F
:10AB1000283065F3020381F82830C3F3C202DB0654
:10AB20002DD412F0010424D1032A94BF0022012263
:10AB30004FEA820C644691F8283064F3C50381F82B
:10AB4000283090F8763003F00703AB4208BF4FF08F
:10AB5000000E81F834E090F8773003F00703A34249
:10AB600008BF4FF0000C81F835C030BD4FF0010E2A
:10AB7000CDE74FF0010CDEE70225AE46C7E7022421
:10AB8000A446D8E7F8B50B6A0C460546002B74D0EE
:10AB9000637B162B2FD195F93930002B2BDB266ADE
:10ABA000A66100232362371D94F8283095F894217C
:10ABB000C3F3C20363F3C50285F8942194F82820F7
:10ABC00095F8943162F3020385F8943194F82830B3
:10ABD00095F87620C3F3801363F3C302394685F8F2
:10ABE0007620204602F0AAFC0221284600F054FEFE
:10ABF0000223A37222E000F041FE10B90723A372E2
:10AC0000F8BD00F043FEE062002844D0637B266A72
:10AC1000A6610022162B226206F10407C4D0182B6D
:10AC200015D0244A2449254840F2A31312F050F9C4
:10AC3000404080F311884FF0030002DF2846314680
:10AC400000F026FE2846BDE8F84002F0FDB8214697
:10AC50002846FFF74BFFA38E43B96386394620464B
:10AC600002F0B0FC4FF605736381E7E7FEF724FFBF
:10AC7000AB8D063303449BB2EFE70E4A10490F48F1
:10AC800040F27D1312F024F9404080F311884FF018
:10AC9000030002DF7CE7074A0A4908484FF4C473FF
:10ACA00012F016F9404080F311884FF0030002DFE4
:10ACB000ACE700BF5C7F060024770600A4760600A0
:10ACC000F87F06000C80060038B505460C4602F0F9
:10ACD000ABF810B10123A37238BD284603F072FE11
:10ACE0000028F7D12146284600F0B4FD0028F1D015
:10ACF000284603F065FE0728ECD02846012103F022
:10AD000059FE28460D2103F059FE16232146637390
:10AD1000284600F0A7FD206221462846BDE83840BD
:10AD2000FFF730BF38B505460C4602F07DF810B18C
:10AD30000423A37238BD2146284600F08BFD00286D
:10AD4000F6D0182321466373284600F08BFD20625D
:10AD500021462846BDE83840FFF714BF30B503460A
:10AD600090F876C093F9394001F0010093F877101C
:10AD7000002C0CF0070502F0010201F0070E22DBA7
:10AD800022B1012262F3020183F8771090B193F8A7
:10AD90007620012161F3020283F87620012D18BF8D
:10ADA000012007D030BD0028FCD0012262F302014F
:10ADB00083F8771093F8770000F00700B0EB0E00EF
:10ADC00018BF012030BD002AEDD0012262F3020C31
:10ADD00083F876C00028E1D062F3020183F877108F
:10ADE000DCE700BFF0B50C46897A83B0074615460C
:10ADF0001E46092900F29681DFE801F005050AA93F
:10AE00007F8815424A6C002A00F0C08003B0F0BD74
:10AE1000032AFBD190F83930DB0940F0178141F269
:10AE200003736381F2E7052A00F00381062A00F02C
:10AE3000E580022AEAD190F93930002B0CDBC04AB8
:10AE4000C049C14840F2CE2312F042F8404080F39E
:10AE500011884FF0030002DF3146204602F0A8FBC4
:10AE600021463846FFF79AFC0546204600F034FD9F
:10AE7000002D40F02E8194F83530002B5BD054E04B
:10AE8000002AC3D1214603B0BDE8F040FFF77ABEE7
:10AE9000002ABBD1668EFEF70FFE801B0304B5D4DB
:10AEA00094F8352094F834103846FFF757FF0028FF
:10AEB00040F026812946384603F07CFD94F828307E
:10AEC00084F83050DB0994F8292063F3000284F8F9
:10AED000292050E0042A99D12146FFF70DFD214693
:10AEE0003846FFF75BFD384602F076F80021384619
:10AEF00003F064FD0023A37288E7002A86D121466F
:10AF0000384603B0BDE8F040FFF70CBF032A7FF4DA
:10AF10007DAF90F93930002BC0F2CD80A58E002D89
:10AF200000F0AE8094F834302BB197F8762063F3BC
:10AF3000061287F87620384601F090FF0823A372A6
:10AF40000221384603B0BDE8F04000F0B9BC012A48
:10AF500022D0062A7FF45AAF002103F02BFD2046B1
:10AF600000F0BAFC94F829301A2243F0010384F867
:10AF7000302084F8293097F87630C3F3020262F368
:10AF80000613092287F87630A2723FE7214603B004
:10AF9000BDE8F040FFF798BE022103F00BFD94F8E6
:10AFA00028303146204603F00706C3F3C20502F0FD
:10AFB0001DFB0221384600F06FFC94F82830C3F3E3
:10AFC000C202154065F3C5031E4066F3020384F810
:10AFD000283097F93930002B0CDB94F8283013F027
:10AFE000380F01D05A0705D194F8283023F03F03D9
:10AFF00084F82830204600F06FFC80E7002103F041
:10B00000D9FC1A2384F83030204600F065FC94F80F
:10B01000293043F0010384F8293097F87630C3F3E0
:10B02000020262F30613092287F876300221A27227
:10B0300087E73146204602F079FA94F86E3084F8BA
:10B0400030300021384603F0B5FCDDE73F4B90F887
:10B05000762093E8030094F82830134302AD03F000
:10B06000070305E9030008336B44022113F8083C89
:10B0700063F3061241F6060387F87620638160E7E2
:10B080002946384603F096FC94F8283094F8292095
:10B0900084F83050DB0963F3000284F8292097F824
:10B0A000762002F0070297F8761062F30611092362
:10B0B00087F8761043E7224A2549234840F2AA231D
:10B0C00011F006FF404080F311884FF0030002DFCB
:10B0D00024E70021384603F06DFC94F830300BB1C2
:10B0E00087F8503194F8283094F82920DB0963F36D
:10B0F000000284F8292097F8762002F00702D2E7B0
:10B1000021463846FFF77AFB94F8293060F3410373
:10B1100084F829302946384603F04CFC84F8305036
:10B120000123D0E6064A0B49074840F2673311F085
:10B13000CFFE404080F311884FF0030002DF65E648
:10B140005C7F0600C87F0600A47606006C4B0600F4
:10B15000E07F060024770600F8B50B6A0C4605462A
:10B160005BB300F08BFB10B90723A372F8BD00F0AE
:10B170008DFBE062002845D0637B266AA661002231
:10B18000172B226206F1040725D0182B2BD0284A52
:10B19000284929484FF4747311F09AFE404080F317
:10B1A00011884FF0030002DF2846314600F070FBA3
:10B1B0002846BDE8F84003F01FBC1D4A1F491E4841
:10B1C00040F2AB3311F084FE404080F311884FF021
:10B1D000030002DFC5E73946284602F0D3F941F6FD
:10B1E00003036381E0E721462846FFF77FFCA38E37
:10B1F000B3B963863946204602F0E4F94FF6057389
:10B200006381D1E70A4A0E490B4840F2B53311F089
:10B210005FFE404080F311884FF0030002DFABE790
:10B22000FEF74AFCAB8D063303449BB2E1E700BF57
:10B230005C7F060024770600A4760600F87F0600EF
:10B240000C80060038B505460C4603F0C5FB10B16E
:10B250000223A37238BD2146284600F0FBFA0028DD
:10B26000F6D0284603F0ACFB0728F1D028460D2184
:10B2700003F0A4FB172321466373284600F0F2FA7B
:10B28000206221462846BDE83840FFF765BF00BF71
:10B2900038B505460C4603F09FFB10B10423A3729A
:10B2A00038BD2146284600F0D5FA0028F6D02846B9
:10B2B00003F086FB0728F1D02846FEF7ABFD0028F7
:10B2C000ECD028460D2103F079FB18232146637347
:10B2D000284600F0C7FA206221462846BDE83840DB
:10B2E000FFF73ABFF8B50C46897A06461546092994
:10B2F00000F2CC80DFE801F0676CA5050905102895
:10B300002F54022D00F0A080F8BD002DFCD1214665
:10B31000BDE8F840FFF7BCBF032DF5D11946204624
:10B3200002F046F921463046FFF738FA0546204636
:10B3300000F0D2FA002D00F0988094F83030282BDD
:10B3400023D186F8503120E0002DDDD12146BDE823
:10B35000F840FFF701BF002DD6D1678EFEF7ACFB9A
:10B36000C01B0304D0D484F8305094F8352094F8EE
:10B3700034103046FFF7F2FC054600287BD194F8E4
:10B38000293065F3000384F8293096F87630C3F34A
:10B39000020262F30613092286F87630A272F8BD23
:10B3A000042DB1D12146FFF7A7FA21463046FFF719
:10B3B000F5FA304603F0B4FC0021304603F0FEFA03
:10B3C0000023A372F8BD002D9ED10123A372F8BD06
:10B3D0001946204602F0C8F894F8282096F89431CF
:10B3E000C2F3C200C3F3C2010140C3F30203C2F3BC
:10B3F0000200034043EAC10322F03F02134384F8F2
:10B40000283096F93930002B0ADB94F8283013F0F5
:10B41000380F1ED194F8283023F03F0384F82830E9
:10B420000221304600F038FA012D7FF46DAF96F816
:10B430003930DB0910D021463046BDE8F840FFF72F
:10B4400001BF002DF7D0F8BD2146BDE8F840FFF759
:10B45000DDBA5A07E4D1DDE7204600F03DFA214687
:10B460003046BDE8F840FFF713BF304603F0CAFA94
:10B470000823A372F8BD21463046FFF7BFF994F8C0
:10B48000293060F3410384F8293078E7064A0749F8
:10B49000074840F2115311F01BFD404080F3118822
:10B4A0004FF0030002DFF8BD5C7F06002477060042
:10B4B000A476060092F81FC0ACF1070C02F11C0341
:10B4C000BCF1110F0AD8DFE80CF0200909090909BD
:10B4D000090909091D09090909091A1700B52423D1
:10B4E00083B080F85031019101F076FD019900237D
:10B4F0008B7203B05DF804FB0222FFF773BC0122DC
:10B50000FFF770BC0522FFF76DBC0622FFF76ABC8F
:10B5100000238372704700BF13460022FFF762BC0E
:10B5200013460322FFF75EBC00230422FFF75ABC38
:10B5300010B592F81FE0BEF1160F02F11C030BD0FC
:10B54000BEF1180F0DD024230C4680F8503103F0C3
:10B55000E7FB0023A37210BDBDE810400122FFF7F6
:10B56000C1BEBDE810400322FFF7BCBE00238372BA
:10B57000704700BF13460022FFF7B4BE13460222F5
:10B58000FFF7B0BE00230422FFF7ACBE0023037018
:10B5900043608360C3600361704700BF0378013379
:10B5A0000370704703785BB9C3687BB102691AB155
:10B5B000816861B10B6082600023C36003617047E2
:10B5C000013BDBB20370002BEED070477047436045
:10B5D000F1E700BF03783BB100230C300B604368F8
:10B5E00043B1196041607047002304300B60436829
:10B5F000002BF6D101604160704700BF00230B6053
:10B60000836813B119608160704741608160704741
:10B61000406870470346406828B1996802685A60DC
:10B62000884208BF9A6070474078A0F10C00B0FAD9
:10B6300080F04009704700BF4078A0F10800B0FAE0
:10B6400080F04009704700BF4078A0F10200B0FAD6
:10B6500080F04009704700BF4078A0F11700B0FAB1
:10B6600080F04009704700BF4078A0F10D00B0FAAB
:10B6700080F04009704700BF4078A0F10100B0FAA7
:10B6800080F04009704700BF4078A0F10900B0FA8F
:10B6900080F04009704700BF4078A0F10600B0FA82
:10B6A00080F04009704700BF4078A0F11800B0FA60
:10B6B00080F04009704700BF4078A0F10300B0FA65
:10B6C00080F04009704700BF4078A0F10500B0FA53
:10B6D00080F04009704700BF70B5064608460D4629
:10B6E000F7F76EFE044680B10021456006720161E5
:10B6F00041628161C1614422283018F0FAF8FF23C9
:10B700004FF47F42E372A2816372204670BD00BF96
:10B710004078A0F10200B0FA80F04009704700BF05
:10B720004078A0F10100B0FA80F04009704700BFF6
:10B730004078A0F10200B0FA80F04009704700BFE5
:10B740004078A0F10900B0FA80F04009704700BFCE
:10B750004078A0F10100B0FA80F04009704700BFC6
:10B760004078A0F10100B0FA80F04009704700BFB6
:10B770004078A0F10200B0FA80F04009704700BFA5
:10B780004078A0F10900B0FA80F04009704700BF8E
:10B790004078A0F11800B0FA80F04009704700BF6F
:10B7A0004078A0F10100B0FA80F04009704700BF76
:10B7B0004078A0F10100B0FA80F04009704700BF66
:10B7C0004078A0F10900B0FA80F04009704700BF4E
:10B7D0004078A0F10900B0FA80F04009704700BF3E
:10B7E0004078A0F10300B0FA80F04009704700BF34
:10B7F0004078A0F10300B0FA80F04009704700BF24
:10B800004078A0F10300B0FA80F04009704700BF13
:10B8100010B54168044621B12046BDE81040F7F755
:10B82000E5BD094A09490A48612311F051FB40402E
:10B8300080F311884FF0030002DF61682046BDE805
:10B840001040F7F7D3BD00BF2880060068800600CF
:10B85000A4760600024B1868003818BF0120704714
:10B860008411002010B50448F7F7AAFD04460430FF
:10B87000FEF710F9204610BD8411002008B5012004
:10B88000FAF712F8003818BF012008BDFAF72EB8F1
:10B89000D430FFF7B3BE00BF38B590F84631054647
:10B8A0000C461BB11C4385F8464138BDD430FFF728
:10B8B00075FE95F846311C4385F8464138BD00BFFA
:10B8C00090F8463123EA010180F8461101B1704732
:10B8D000D430FFF767BE00BF10B5C36904462BB173
:10B8E0002C221A71E36962691A6010BD074A08497F
:10B8F000084840F21D1311F0EBFA404080F3118824
:10B900004FF0030002DFE369EAE700BF288006008A
:10B9100074800600A4760600CB6913B11A792C2A2C
:10B920000BD00B7A072B12D00B6A2BB1D0F84C211D
:10B930001A600B6AC0F84C3170471B68D0F8482178
:10B940005A60CB69C0F848310B7A072BECD1CB6A2F
:10B95000002BE9D01B68D0F848215A60CB6AC0F8A8
:10B960004831E1E710B51749FFF7B6FE044668B164
:10B97000037A013B0B2B17D8DFE803F00606060617
:10B980000A0A100D0D06130601F0EEF8204610BD50
:10B99000FEF78CFEFAE702F0ADFDF7E7FFF7B8FD22
:10B9A000F4E702F0EFFDF1E7074A084908484FF4D1
:10B9B000D37311F08DFA404080F311884FF00300EB
:10B9C00002DFE3E77C1100202880060024770600D0
:10B9D000A476060010B51749FFF77EFE044668B14D
:10B9E000037A0C2B18D8DFE803F009070707070BC9
:10B9F0000B140E0E0711070001F0C8F8204610BD09
:10BA0000FEF798FEFAE702F0A3FDF7E702F070FEFA
:10BA1000F4E7FFF7ABFDF1E7074A0849084840F2B1
:10BA2000FD1311F055FA404080F311884FF00300E8
:10BA300002DFE3E774110020288006002477060067
:10BA4000A476060010B50A4B062258687021F7F755
:10BA500091FC084B062258687021F7F78BFC064BC7
:10BA6000BDE81040586818222C21F7F783BC00BFAE
:10BA70007C110020741100208411002038B5044688
:10BA8000002501F06BFA2046C4E93A5584F8F450D9
:10BA900003F03AF9C4F81851C4E93E5584F8065148
:10BAA000A4F80451A4F80851C4F81B51A4F8385163
:10BAB000C4F82051C4F82451C4F82851C4F82C51BA
:10BAC000C4F83051C4F83451F9F7A0F994F88E3025
:10BAD00084F84651C4E94C01C4E9525523F01803D7
:10BAE00084F88E30658638BD08460149F7F77EBC7C
:10BAF0008411002038B5B0F8F2500346144625B141
:10BB0000A9420ED26D1AA0F8F250B3F8022122B168
:10BB100091420DD2521AA3F8022100231846237035
:10BB200038BD01F015F9054658B12B7A0A2B03D020
:10BB300022236FF07300F2E795F828306FF073005E
:10BB4000EDE7074A0749084840F2822311F0C0F99F
:10BB5000404080F311884FF0030002DFE5E700BFAB
:10BB60002880060088800600A4760600034B0B445C
:10BB7000B3FBF1F3A0F80831704700BFFF59620230
:10BB800010B5044603F0C8F82046BDE8104001F0A7
:10BB9000EDB900BF10B5044611B1012907D010BDA1
:10BBA00003F0C2F82046BDE8104001F03DBA03F0B2
:10BBB000BFF82046BDE8104001F058BA70B5D0F883
:10BBC0004841064644B101252068214644680D716C
:10BBD000F9F74CFE002CF7D1D6F84C410023C6F8FB
:10BBE00048313CB1054D204624682946F7F7FEFB55
:10BBF000002CF8D10023C6F84C3170BD8411002010
:10BC000090F93930002B13DA70B5044603200E4644
:10BC10001546FFF7A7FE014640B180F8286080F87E
:10BC20002950204601F060F8002070BD0C2070BD46
:10BC30000C20704710B504460120FFF793FE28B191
:10BC40000146204601F050F8002010BD0C2010BD28
:10BC500038B5044602200D46FFF784FE58B190F82F
:10BC6000283065F30003014680F82830204601F0B3
:10BC70003BF8002038BD0C2038BD00BF10B504468D
:10BC80000420FFF76FFE28B10146204601F02CF892
:10BC9000002010BD0C2010BDF8B5054690F9390004
:10BCA000002824DB05200F4616461C46FFF75AFEE7
:10BCB0000146E0B13B687A68C1F82D20C1F829300F
:10BCC000337881F83130737881F832306268A36854
:10BCD00028462568E468C1F83F40C1F83350C1F8F0
:10BCE0003720C1F83B3000F0FFFF0020F8BD0C20EA
:10BCF000F8BD00BFF8B5054690F93900002824DBEF
:10BD000006200F4616461C46FFF72CFE0146E0B102
:10BD10003B687A68C1F82D20C1F82930337881F862
:10BD20003130737881F832306268A368284625681C
:10BD3000E468C1F83F40C1F83350C1F83720C1F87A
:10BD40003B3000F0D1FF0020F8BD0C20F8BD00BF53
:10BD500038B504460D4601F0DFF9204603F044F8FB
:10BD60000A20FFF7FFFD38B1014680F82850204631
:10BD700000F0BAFF002038BD0C2038BD38B590F96E
:10BD80003930002B11DB04460B200D46FFF7EAFD8E
:10BD9000014650B12B68C0F82A302B7980F82E303C
:10BDA000204600F0A1FF002038BD0C2038BD00BFA8
:10BDB00008B590F93930002B08DB00F0C9FF20B13D
:10BDC000037A0B2B0CBF2A30002008BD02F000FEC6
:10BDD000F5E700BFF8B505460C200E461746FFF7FD
:10BDE000C1FD58B104463A4631462846FDF790FF5A
:10BDF0002846214600F078FF0020F8BD0C20F8BD51
:10BE000070B506460D4602F0E3FD20B1037A053B0E
:10BE1000012B044601D90C2070BD01463046FEF7C7
:10BE2000B1FC0028F7D029686A68AB68ED68C4F8EF
:10BE30003F503046C4F83310C4F83720C4F83B30C4
:10BE40002146FEF797FC002070BD00BF38B50546BF
:10BE500002F0BEFD20B1037A053B012B044601D957
:10BE60000C2038BD01462846FEF78CFC0028F7D090
:10BE700028462146FEF782FC002038BD2DE9F04718
:10BE80000546D0F83001BDF82090099E9A468307F8
:10BE90008846174635D495F93930002B50DB0820F9
:10BEA000FFF760FD0446002C57D0237A082B2DD0D5
:10BEB000092B37D1A4F82E802786A4F832A0A4F845
:10BEC0003490002E3FD03388A4F840307388A4F813
:10BED0004230B388A4F84430F388A4F8463033895C
:10BEE000A4F848307389A4F84A3095F93930002B0A
:10BEF00011DA2846FDF728F80146284603F036F8FF
:10BF000009E00920FFF72EFD0446CCE72786A4F8B8
:10BF100032A0A4F834902846214600F0E5FE002027
:10BF2000BDE8F0870E4A0F490F4840F27E4310F0FB
:10BF3000CFFF404080F311884FF0030002DFEAE7B3
:10BF40001A20BDE8F087094A4FF0FF33C4E91023F7
:10BF5000A4F848304FF6FF73C5E70C20E0E700BFB8
:10BF60002880060024770600A47606000000FFFF64
:10BF700008B502F02DFD28B1007AA0F10C00B0FA4E
:10BF800080F0400908BD00BF10B5044602F020FD56
:10BF900010B1037A092B00D010BD01462046BDE840
:10BFA000104002F0DDBA00BF38B504460D4602F07D
:10BFB0000FFD10B1037A092B00D038BD80F828504E
:10BFC00001462046BDE8384002F0CEBA08B502F07E
:10BFD000FFFC28B1007AA0F10900B0FA80F0400916
:10BFE00008BD00BF38B505460C4600F0B1FE10B1E3
:10BFF0008369A3420ED0284602F0EAFC10B183699F
:10C00000A34200D038BD224601462846BDE838404C
:10C0100002F050BE01462246284600F069FFEAE7DA
:10C0200010B5044600F094FE18B10146204600F019
:10C0300083FF204602F0CCFC014620B12046BDE83B
:10C04000104002F04FBE10BD2DE9F041537F144661
:10C0500005460E46002B3FD0D37F1E2B29D92846FC
:10C0600000F076FE0746284602F0B2FC0146002F9B
:10C070005ED0FA7AE37F002848D09342C07A51D04C
:10C080003A7B002A5DD098424ED00A7B002A4BD1E1
:10C09000072B6DD0112B04D14A7B94F820309A42A3
:10C0A00042D02346324639462846BDE8F04100F0EA
:10C0B000D9BE444A52F8232022B104F11C00904713
:10C0C00060B1E37F022BCAD10123224631462846C4
:10C0D000BDE8F04102F030BEFF23D377284600F0E0
:10C0E00037FE28B1E27FC37A9A420DD0037B5BB959
:10C0F000284602F06DFC002850D0E27FC37A9A42B5
:10C1000002D0037B002BE0D0BDE8F0819342C8D081
:10C110003A7B002AC5D1072B4DD0112B4BD00D2BCC
:10C12000BFD0D1E798421CD11F2385F85031EBE7EF
:10C130000028C9D0234632462846BDE8F04102F027
:10C1400073BD072B2CD0112B18D0B3F10D0218BFE3
:10C15000012298421FD00B7BEBB9002AA1D02423E7
:10C16000E3E70A7B002ADFD1072B95D0112B98D16A
:10C170004B7B94F820209A42D6D092E77A7B94F8B1
:10C180002030D21A18BF0122112804D0087B10B920
:10C19000487B9842E1D1002ACCD1C5E7034694E719
:10C1A0007A7B94F82030D21A18BF01220728EDD1EB
:10C1B000002ABFD1B8E77A7B94F820309A4283D125
:10C1C0006FE700BF8C80060070B506460C46FFF78F
:10C1D00049FB0546002860D0237A013B291D0B2B23
:10C1E00007D8DFE803F020262C33060606060639BA
:10C1F0000640304A30493148D12310F069FE4040B2
:10C2000080F311884FF0030002DFEB796373294656
:10C210003046FFF73DFB237A0A2B2AD03046BDE893
:10C22000704000F011BE084600F094FF1323E37243
:10C23000EBE7304600F0C2FF0923E372E5E7204652
:10C2400001F07AF8FF23A561E372DEE7084601F00A
:10C250009DF80C23E372D8E7204601F087F8FF230E
:10C26000A561E372D1E7304601F0DCFA1523E372F1
:10C27000CBE7738DB6F88C1140F2E24202FB03F378
:10C2800042F2107202FB013101393046B1FBF3F189
:10C29000BDE8704089B200F0DDBD064A0849074894
:10C2A000962310F015FE404080F311884FF00300F4
:10C2B00002DF91E70881060024770600A4760600D5
:10C2C000E47E06002DE9F04107460C46164602F0D2
:10C2D00083FB28B10323A37200252846BDE8F08123
:10C2E00021463846FFF7B6FA05460028F2D0214627
:10C2F0003846FFF7B7FA804670B3237A013B08F15E
:10C3000004010B2B07D8DFE803F035430649060686
:10C3100006060606063B244A2449254840F25343B4
:10C3200010F0D6FD404080F311884FF0030002DF8B
:10C3300098F80730637341463846FFF7A9FA384644
:10C3400002F05AFB0423A372002EC6D0384602F036
:10C35000E7FC0023A372C0E7134A1649144840F2D1
:10C360000D4310F0B5FD404080F311884FF00300FD
:10C3700002DFC2E7084600F0F7FEFF23E372D7E7CB
:10C38000384601F067FAFF23C4F81880E372CFE75C
:10C39000384600F037FFFF23E372C9E7084600F094
:10C3A000F5FFFF23E372C3E7088106002477060048
:10C3B000A4760600E47E060038B50B7A013B0C46F5
:10C3C00005460B2B12D8DFE803F006060B1F1111F0
:10C3D0001111112C1133BDE838400122FFF772BF53
:10C3E000284602F09DFC0023A37238BD174A184965
:10C3F000184840F2025310F06BFD404080F3118862
:10C400004FF0030002DF38BD90F81831002BE7D160
:10C410000122FFF757FF0028E7D0012385F81831E4
:10C4200038BD90F93930002B07DB02238B7238BD01
:10C43000BDE838400022FFF745BF02F071FC94F8D8
:10C4400028300022A27285F8503138BD08810600DC
:10C4500024770600A4760600F8B50C46897A0546CE
:10C46000042900F2D780DFE801F0060B202F03003B
:10C47000012A31D0F8BD002AFCD10123A372F8BDF6
:10C48000022AF7D1DA786272023A172A62D8DFE814
:10C4900002F08F61616161616F6161618A616F61E9
:10C4A00061611D61796161616174002AE2D1237A61
:10C4B0000A2B41D1284602F033FC94F828300022A0
:10C4C000A27285F85031F8BD002AD3D12146284602
:10C4D000BDE8F840FFF770BF237A0C2BCAD128467D
:10C4E000FDF7D4FB94F82830042140EA03062846DF
:10C4F000FFF7E6F9E769F6B2002F7DD03B792C2BE8
:10C500000CD04B4A4B494C4840F2754310F0E0FCCC
:10C51000404080F311884FF0030002DF002E50D11D
:10C5200001233B7138683946F9F7AAF9284602F029
:10C53000F7FB0023A372F8BD3D4A40493E484FF443
:10C54000A36310F0C5FC404080F311884FF0030056
:10C5500002DFAFE7364A3A49374840F2024310F06B
:10C56000B7FC404080F311884FF0030002DFADE7D5
:10C570001946284600F086FEA8E71946284600F02E
:10C58000EDFEA3E71946284601F094F90421284658
:10C59000FFF782F92846FDF741FB84F82800204682
:10C5A000FFF79AF992E71946284600F017FF8DE742
:10C5B0001946204600F0E6FE08212846FFF76CF9F0
:10C5C00084E703233B712B8DFB80237A0C2B07F12F
:10C5D0001C060CD0164A1B49174840F27E4310F047
:10C5E00077FC404080F311884FF0030002DF3146B2
:10C5F000284601F047F995E70D4A13490E4840F2E5
:10C60000724310F065FC404080F311884FF0030046
:10C6100002DF73E7064A0A49074840F27E5310F0EA
:10C6200057FC404080F311884FF0030002DFF8BD53
:10C6300008810600A07F0600A4760600508106004F
:10C64000247706006C810600587F0600F8B5CF6994
:10C6500000260C460546CE61002F55D00126032347
:10C660003B712B8DFB80237A042B07F11C012ED00C
:10C670000C2B28D0022B14D02D4A2E492E4840F2E4
:10C680009F1310F025FC404080F311884FF0030009
:10C6900002DF06B1F8BD38683946BDE8F840F9F761
:10C6A000EFB8637A072B2BD0092B21D0204A2149E0
:10C6B0002148F62310F00CFC404080F311884FF025
:10C6C000030002DFE5E7284601F0DCF8E1E7637AE2
:10C6D0000C2B11D0164A1749174840F2031310F0DB
:10C6E000F7FB404080F311884FF0030002DFD0E7F2
:10C6F000284600F0A9FDCCE7284600F059FEC8E71F
:10C70000204600F04DFDC4E7FFF7C0F807460028BB
:10C71000A5D1074A094908484FF4C07310F0D8FB67
:10C72000404080F311884FF0030002DF3F71FFDECD
:10C730000881060024770600A4760600587F0600CC
:10C7400038B50B7A013B0C4605460B2B15D8DFE8B4
:10C7500003F006220E3014141414143F14474B7ABD
:10C76000072B04D0132B02D0242385F85031284600
:10C7700000F032FC0023A37238BD314A31493248FF
:10C780004FF4107310F0A4FB404080F311884FF079
:10C79000030002DF38BD4B7A072B01D0092BE3D110
:10C7A00094F82830DB07E2D521462846FFF74EFFF4
:10C7B000DDE74B7A0C2BD7D1CB6993B321462846C2
:10C7C000FFF744FF284600F007FC0023A37238BDA2
:10C7D00000F002FC00221623A27285F8503138BD09
:10C7E0004B7A152B16D0072BBED1D0F8303123F061
:10C7F0002003C0F8303100F0EFFB0023A37228467D
:10C80000FFF7B6FB0028B7D128460421BDE8384021
:10C81000FFF756B8FDF782F968B9284600F0DCFB4F
:10C82000EBE7FFF72BF80028C8D1284600F00CFBF7
:10C830000423A37238BD21462846FFF707FFECE723
:10C840000881060024770600A476060070B50E7AEB
:10C85000731E0C4605460B2B07D8DFE803F0141BAC
:10C860002F43060606060660066E504A5049514898
:10C8700040F2BF2310F02CFB404080F311884FF0B2
:10C88000030002DF70BD00F0CFFA00287CD0012346
:10C89000A37270BD00F0C8FA0028F8D121462846DE
:10C8A000FEF7D8FF0028F2D021462846FFF78CFC7F
:10C8B000A369002B08BF0326A67270BD00F0B4FA6E
:10C8C0000028E4D121462846FEF7C4FF0028DED028
:10C8D00021462846FFF778FCA369002B18BF0226E3
:10C8E000A67270BD90F81831002B3FD100F09CFA71
:10C8F0000028CCD121462846FEF7ACFF0028C6D040
:10C9000021462846FFF760FCA269002A4FF0010388
:10C910000CBF03220222A27285F8183170BDFEF707
:10C9200099FF0028B3D021462846FFF74DFC162278
:10C93000022384F82820A37270BDFFF719FBE8B921
:10C94000284600F071FA0028A1D121462846FEF7BA
:10C9500081FF00289BD004212846FEF79DFF214639
:10C960002846FFF731FC0323A37270BD0C2200237D
:10C970004A72CB61BDE87040FFF7E2BE284600F086
:10C980002BFB0023A37270BD21462846FEF762FFF1
:10C9900000283FF47CAF21462846FFF715FCA36929
:10C9A000002B0CBF03230223A37270BD0881060075
:10C9B00024770600A476060030B50C46897A83B049
:10C9C0000546042900F2B280DFE801F003031B29C9
:10C9D0000700002A5ED003B030BD002AFBD1237AC5
:10C9E000042B00F09380584A584959484FF45B7320
:10C9F00010F06EFA404080F311884FF0030002DF20
:10CA0000E9E7052AE7D1237A032B01D00A2BE2D1EB
:10CA10002146284603B0BDE83040FFF791BE012A09
:10CA2000D9D1DA786272023A172A3AD801A151F8BC
:10CA300022F000BFF1CA0400A3CA0400A3CA040084
:10CA4000A3CA0400A3CA0400E7CA0400A3CA0400DE
:10CA5000DDCA0400A3CA0400A3CA0400D3CA0400A8
:10CA600011CA0400A3CA0400A3CA0400A3CA040094
:10CA7000C9CA0400A3CA040011CA0400A3CA04005E
:10CA8000BFCA0400A3CA0400A3CA0400A3CA0400C6
:10CA900011CA04002146284603B0BDE83040FFF724
:10CAA000D5BE294A29492A4840F23F3310F010FAEE
:10CAB000404080F311884FF0030002DFA8E71946D9
:10CAC000284600F01FFFA3E71946204600F02EFD80
:10CAD0009EE71946284600F081FC99E7194628464A
:10CAE00000F0FEFB94E71946204600F055FB8FE767
:10CAF000154A1649164840F2263310F0E9F940402D
:10CB000080F311884FF0030002DF81E70192FEF706
:10CB1000B5FE00283FF45FAF21462846FFF796FD9B
:10CB2000284600F059FA019AA27254E7064A0749CA
:10CB3000074840F28A3310F0CBF9404080F3118867
:10CB40004FF0030002DF46E7088106002477060065
:10CB5000A4760600131D0522FFF72EBF02F11C0369
:10CB60000122FFF729BF00BF00238372704700BF77
:10CB700013460022FFF720BF02F11C030222FFF739
:10CB80006BBC00BF131D0122FFF766BC002383723C
:10CB9000704700BF13460022FFF75EBC70B5044625
:10CBA00006F0BEFE68B1D4F8E85045B1D4F8EC20E8
:10CBB0002B68C4F8E830954208BFC4F8EC3028462A
:10CBC00070BD05460121032006F04CFE2A460646AC
:10CBD00001210320F6F792FCD4F8E85045B1D4F8CF
:10CBE000EC202B68C4F8E830954208BFC4F8EC305C
:10CBF000002EE4D0012211460320F6F77FFC2846E0
:10CC000070BD00BF70B5044606F08AFE40B1D4F88E
:10CC1000E850DDB100220123A4F8F2206B6270BD60
:10CC200005460121032006F01DFE2A460646012185
:10CC30000320F6F763FCD4F8E850002EE9D0012277
:10CC400011460320F6F75AFC002DE3D1064A0749A6
:10CC5000074840F2C91310F03BF9404080F31188B7
:10CC60004FF0030002DFD5E794810600DC81060067
:10CC7000A4760600F8B505460C4606F051FEB8B19C
:10CC8000D5F8E860B4420BD0144A15491548522330
:10CC900010F01EF9404080F311884FF0030002DFCE
:10CCA0002846FFF77BFF2046BDE8F840FEF7B0BD01
:10CCB00006460121032006F0D5FD32460746012134
:10CCC0000320F6F71BFCD5F8E860002FDAD001222C
:10CCD00011460320F6F712FCD4E700BF948106004A
:10CCE000F0810600A4760600F8B505460C4606F06D
:10CCF00017FE40B100232360D5F8EC30F3B11C607F
:10CD0000C5F8EC40F8BD06460121032006F0AAFD57
:10CD10003246074601210320F6F7F0FB2660D5F8DE
:10CD2000EC3083B11C60C5F8EC40002FEAD0012242
:10CD3000BDE8F84011460320F6F7E0BBC5F8E8402F
:10CD4000C5F8EC40F8BDC5F8E840C5F8EC40ECE7A4
:10CD500070B5054606F0E4FD18B1D5F8E840204668
:10CD600070BD04460121032006F07CFD22460646E4
:10CD700001210320F6F7C2FBD5F8E840002EEED0E3
:10CD8000012211460320F6F7B9FB204670BD00BF13
:10CD900038B50546FFF7DCFF037A013B04460B2B51
:10CDA0002DD8DFE803F0060606061A1A201414062A
:10CDB0002606014600222846FFF7DAFE636A03B919
:10CDC00038BD21462846BDE83840FFF753BF01462D
:10CDD0000022284601F092FBF0E701460022284697
:10CDE000FDF784FCEAE7014600222846FEF794FBA3
:10CDF000E4E701460022284601F0C8FBDEE7074AC7
:10CE00000749084840F2BD1310F062F8404080F333
:10CE100011884FF0030002DFD0E700BF94810600C5
:10CE200024770600A476060090F8F400A0F1010033
:10CE3000B0FA80F040097047012380F8F430704761
:10CE4000002380F8F4307047B0F80831A0F8F230D1
:10CE5000704700BFA0F8F210704700BF0023A0F891
:10CE6000F230704738B50C46097AE361013905465E
:10CE700062610B2928D8DFE801F0060606061818BB
:10CE80001D13130622061A462146FFF767FE636A42
:10CE900003B938BD21462846BDE83840FFF7EABE51
:10CEA0001A46214601F0D2FAF1E71A462146FDF76B
:10CEB000D7FBECE71A462146FEF7FCFAE7E71A46ED
:10CEC000214601F055FBE2E7064A0749074840F2D0
:10CED00037130FF0FDFF404080F311884FF003003F
:10CEE00002DFD4E79481060024770600A4760600CA
:10CEF00038B50B7A033B0C460546092B09D8DFE809
:10CF000003F0050808080D08080508052146FFF785
:10CF100021FE636A0022A26143B938BD2146FEF7B3
:10CF2000FFFA636A0022A261002BF6D02146284650
:10CF3000BDE83840FFF79EBE38B50B7A072B0C468C
:10CF4000054608D0636A03B938BD21462846BDE8C6
:10CF50003840FFF78FBEFEF7E7FAF3E7022200231F
:10CF600080F8F020A0F8F230704700BF38B590F894
:10CF7000F0300446032B1AD8DFE803F002100F103C
:10CF8000FFF7E6FE48B1057A2046FFF701FF0A2DBC
:10CF900014BF0123032384F8F03038BDFFF7D8FE17
:10CFA0000028FAD02046BDE83840FFF7F1BE074A16
:10CFB0000749084840F24B230FF08AFF404080F3B6
:10CFC00011884FF0030002DF38BD00BF94810600D6
:10CFD00024770600A476060010B590F8F0300446D9
:10CFE000032B0DD8DFE803F008020702FFF70AFE63
:10CFF000002384F8F03010BDBDE81040FFF702BEFA
:10D00000064A0749074840F24B230FF061FF4040B2
:10D0100080F311884FF0030002DF10BD94810600F9
:10D0200024770600A476060008B590F8F030022BAD
:10D0300011D000D808BD032BFCD0094A09490A4881
:10D0400040F24B230FF044FF404080F311884FF033
:10D05000030002DF08BD002380F8F03008BD00BFE8
:10D060009481060024770600A476060038B590F86F
:10D07000F0300446032B3AD8DFE803F009261213F8
:10D0800020462946FEF748FC2846FEF7C1FB20460D
:10D09000FFF784FD05460028F2D1022384F8F03022
:10D0A00038BDFFF77BFD05460028F6D0294620460F
:10D0B000FEF732FC2846FEF7ABFB2046FFF76EFD7D
:10D0C00005460028F2D1E8E7FFF768FD054600288D
:10D0D000E3D029462046FEF71FFC2846FEF798FBC2
:10D0E0002046FFF75BFD05460028F2D1D5E7074A49
:10D0F0000749084840F24B230FF0EAFE404080F316
:10D1000011884FF0030002DF38BD00BF9481060094
:10D1100024770600A476060038B50546FFF73EFDE5
:10D1200068B1044621462846FEF7F6FB2046FEF786
:10D130006FFB2846FFF732FD04460028F2D1002499
:10D14000A5F8F2402146284601F034FC85F8F0406D
:10D1500038BD00BF03780121122243F0030303709E
:10D160004170C270704700BF03780121132243F061
:10D17000030303704170C270704700BF0B784FF01B
:10D18000020C43F0030307220B7081F801C0CA7040
:10D1900090F86C300B7170470B7980F86C307047E9
:10D1A0000B784FF0020C43F0030307220B7081F859
:10D1B00001C0CA7090F86C300B71704710B50B78D5
:10D1C0000C460922082143F00303E17062702370CA
:10D1D00090F93930002BACBF0B460E23E370F7F704
:10D1E00015FE002261F30702C1F3072C0B0C6CF350
:10D1F0000F2263F317421B0A63F31F626060A26091
:10D2000010BD00BF38B50C460546F7F7FFFD237883
:10D2100043F00303237009236370E370D5F83031C2
:10D22000217263F0FF031840020C0B0CC0F30725BA
:10D230002071C1F30721100AA2711A0AE071657109
:10D240006172A372E27238BD0B78092243F00303C6
:10D250000B704A70CA70D0E94A23100CC2F3072C35
:10D260000A711A0C81F805C088714FEA102C0B72F4
:10D27000C3F30720130A81F807C048728A72CB7281
:10D28000704700BF2DE9F0414B68144F8E685A0F6C
:10D2900082EA137202F001021F40002193184941F3
:10D2A0009B18054641F1000887EA0374F7F7AEFDC5
:10D2B00004EA0003C5F8303163F0FF0306F0EF061F
:10D2C0003B4046EA0878C5E94A3608EA01010122EE
:10D2D000C5F8341185F82021BDE8F0812FCF87F7FC
:10D2E0002DE9F0414A68134F8E68530F83EA127399
:10D2F00003F00103D91807EA02074FF00002524178
:10D30000C918054642F1000487EA0178F7F77EFD67
:10D3100006F0EF0646EA0474C5E94A7608EA00001A
:10D320000C400123C5F83001C5F8344185F820319F
:10D33000BDE8F0812FCF87F70B784FF0030C43F057
:10D34000030319220B7081F801C0CA7090F82830CD
:10D350000B7190F829304B71704700BF0B7980F842
:10D3600038314B7980F83931704700BF0B78022291
:10D3700043F003030B704A70CA7090F828300B71A9
:10D38000704700BF0B7980F8283070470378074A50
:10D39000C0F805204FF0060C43F0030340F60C5193
:10D3A000037080F801C0A0F803107047F105FFFF7B
:10D3B0000B784FF0060C43F003030C220B7081F83E
:10D3C00001C0CA7090F81A310B71B0F81B31A1F886
:10D3D0000530B0F81D31A1F807307047012380F8FF
:10D3E00019310B7980F81A31B1F80530A0F81B31EA
:10D3F000B1F80730A0F81D31704700BF10B50B78A9
:10D40000172443F0030303224C700B70CA70D0F84A
:10D410002930D0F82D208A604B6090F831300B73A2
:10D4200090F832304B7301F10E0406F079FA0C21BA
:10D4300020B12046BDE8104003F094BC2046BDE872
:10D44000104003F085BC00BF0B78032243F00303B8
:10D450004FF0170C0B7081F801C0CA70D0F829305A
:10D46000D0F82D208A604B6090F831300B7390F823
:10D4700032304B73704700BF10B503780D21042282
:10D4800043F0030341700370C270841806F048FA39
:10D490000C2120B12046BDE8104003F063BC2046BB
:10D4A000BDE8104003F054BC03780121052243F08D
:10D4B000030303704170C270704700BF03780121FD
:10D4C000062243F0030303704170C270704700BF2F
:10D4D000037801210A2243F0030303704170C270F4
:10D4E000704700BF037801210B2243F00303037050
:10D4F0004170C270704700BF037801714FF0020C99
:10D5000043F003030D22037080F801C0C27070471E
:10D510000378017143F003034FF0030C03701123F0
:10D5200080F801C0C3704271704700BF0B7980F86A
:10D530006D304B7980F86E30704700BF0B784FF03C
:10D54000030C43F0030316220B7081F801C0CA706C
:10D5500090F82830C3F3C2034B7190F82830C3F31E
:10D5600002030B71704700BF0A7990F8283062F30C
:10D57000C50380F828304A7962F3020380F8283026
:10D58000704700BF0B784FF0030C43F003031722E2
:10D590000B7081F801C0CA7090F89431C3F3C203D4
:10D5A0004B7190F89431C3F302030B71704700BFC5
:10D5B000CB8843860B7980F834304B7980F835304E
:10D5C000704700BF0B784FF0050C43F0030318229F
:10D5D0000B7081F801C0CA70438ECB8090F8343054
:10D5E0000B7190F835304B71704700BF0A7990F895
:10D5F000283062F3C50380F828304A7962F30203C9
:10D6000080F82830704700BF0B784FF0180C43F0BB
:10D6100003030F220B7081F801C0CA70C38D8B8089
:10D62000038ECB80438E0B81838E4B8190F83C30F0
:10D630000B73C38FA1F80D30B0F84030A1F80F3054
:10D64000B0F84230A1F81130B0F84430A1F81330EE
:10D65000B0F84630A1F81530B0F84830A1F81730CE
:10D66000B0F84A30A1F81930704700BF0B784FF07E
:10D67000180C43F0030310220B7081F801C0CA702C
:10D68000C38D8B80038ECB80438E0B81838E4B8129
:10D6900090F83C300B73C38FA1F80D30B0F84030D8
:10D6A000A1F80F30B0F84230A1F81130B0F8443092
:10D6B000A1F81330B0F84630A1F81530B0F8483072
:10D6C000A1F81730B0F84A30A1F81930704700BF00
:10D6D0008B88C385CB8803860B8943864B898386D9
:10D6E0000B7B80F83C30B1F80D30C387B1F80F30B8
:10D6F000A0F84030B1F81130A0F84230B1F8133042
:10D70000A0F84430B1F81530A0F84630B1F8173021
:10D71000A0F84830B1F81930A0F84A30704700BF7F
:10D720008B88C385CB8803860B8943864B89838688
:10D730000B7B80F83C30B1F80D30C387B1F80F3067
:10D74000A0F84030B1F81130A0F84230B1F81330F1
:10D75000A0F84430B1F81530A0F84630B1F81730D1
:10D76000A0F84830B1F81930A0F84A30704700BF2F
:10D770000B78002243F003034FF00C0CCA700B70BF
:10D7800081F801C090F82B300B71836B094AA2FB22
:10D7900003239B0AA1F80530438EA1F80930038EBC
:10D7A000A1F80730838EA1F80B30838DA1F80D30DE
:10D7B000704700BF5917B7D10B7980F82B30B1F8FB
:10D7C000053040F2E24202FB03F38363B1F8093013
:10D7D0004386B1F807300386B1F80B308386B1F881
:10D7E0000D308385704700BF0B784FF0080C43F075
:10D7F000030301220B7081F801C0CA70038DA1F8E8
:10D800000930D0F82A304B6090F82E300B727047F8
:10D81000B1F8093003854B68C0F82A300B7A80F8DC
:10D820002E3070470B784FF0090C43F0030314229D
:10D830000B7081F801C0CA70B0F85A308B80B0F814
:10D8400058300B81B0F85E30CB80B0F85C304B8143
:10D85000704700BF0B784FF0090C43F0030315220B
:10D860000B7081F801C0CA70B0F85A308B80B0F8E4
:10D8700058300B81B0F85E30CB80B0F85C304B8113
:10D88000704700BF0B784FF0090C43F003031522DB
:10D890000B7081F801C0CA70B0F86A308B80B0F8A4
:10D8A00068300B81B0F86E30CB80B0F86C304B81B3
:10D8B000704700BF8B88A3F11B02E02A21D8B1F882
:10D8C00008C0ACF11B02E02A1BD830B5CD88A5F505
:10D8D000A47244F2481E92B2724511D84A890021BE
:10D8E0000C4662F30F04A2F5A4726CF30F0192B21E
:10D8F00063F31F4165F31F44724598BFC0E91814D4
:10D9000030BD70478B88A3F11B02E02A21D8B1F803
:10D9100008C0ACF11B02E02A1BD830B5CD88A5F5B4
:10D92000A47244F2481E92B2724511D84A8900216D
:10D930000C4662F30F04A2F5A4726CF30F0192B2CD
:10D9400063F31F4165F31F44724598BFC0E9181483
:10D9500030BD7047F8B50E6A00230C4607461546E1
:10D960000B6296B30F2D06F1040119D0112D1FD0B3
:10D97000D5B11F4A1F4920484FF49B730FF0A8FAF6
:10D98000404080F311884FF0030002DFF3796373A6
:10D9900031463846FDF77CFF237A092B10D0F8BDBD
:10D9A0002046FFF731FEF1E72046FFF7E1FEEDE705
:10D9B000084694F8282094F82910FFF7A9FDE5E718
:10D9C0003846BDE8F840FFF73FBAFDF74BFF064683
:10D9D0000028C7D1064A0949074840F21F130FF033
:10D9E00077FA404080F311884FF0030002DFB9E777
:10D9F0000482060024770600A4760600E47E060072
:10DA000070B5CC6900230D460646CB6104B31923DB
:10DA100022792371338DE38095F82830237743B939
:10DA20002B8EE3836B8E2384AB8E63842C2A09D0E8
:10DA300070BD738DE383B38D2384B6F88C3163841A
:10DA40002C2AF5D120682146BDE87040F7F718BFB1
:10DA5000064A07490748F7230FF03AFA404080F397
:10DA600011884FF0030002DFD1E700BF04820600F7
:10DA7000587F0600A4760600F8B5CC6900230D4651
:10DA80000646CB6194B1032327792371338DE3805C
:10DA900004F11C012846FFF7B7FD2C2F00D0F8BD7C
:10DAA00020682146BDE8F840F7F7EABE064A074974
:10DAB000074840F22A330FF00BFA404080F31188F8
:10DAC0004FF0030002DFDEE704820600587F060005
:10DAD000A476060030B5438D0A8E4C8E8D8E93420F
:10DAE00085B002D1838DA34214D0012381F82A305E
:10DAF00002958B6BCDE900240C7A91F82B20898D4F
:10DB00000391A4F10801B1FA81F14909D9F7A0FF05
:10DB100005B030BDB0F88C315B1B18BF0123E5E7C1
:10DB2000F8B50D6A00230C46074616460B62002D19
:10DB30003DD0291D112E0AD8DFE806F02C0909096D
:10DB40000909092809090909090909093020214A8F
:10DB50002149224840F20E330FF0BAF9404080F3D9
:10DB600011884FF0030002DFEB79637329463846D2
:10DB7000FDF78EFE237A092B14D0F8BD084694F8E1
:10DB8000282094F82910FFF7C3FCEDE72046FFF7A3
:10DB9000F5FAE9E72046FFF7EBFDE5E72046FFF75A
:10DBA00065FDE1E73846BDE8F84000F025BFFDF728
:10DBB00059FE05460028BCD1064A094907484FF4DA
:10DBC0003D730FF085F9404080F311884FF003005A
:10DBD00002DFAEE70482060024770600A476060082
:10DBE000E47E06002DE9F0411B4E336804460D46E5
:10DBF0002BB1834203D00123AB72BDE8F0812046F4
:10DC0000FFF712F90028F6D1204600F0DBFE0746A8
:10DC10000028F0D129462046FDF71CFE0028EAD056
:10DC20002046FBF749FF01218046204600F0C2FE56
:10DC3000A5F83E8085F83C700F22294620463460C6
:10DC4000FFF788FE94F83930DB090CBF41F202037C
:10DC500004236B81D1E700BF7C920020C38D052B8C
:10DC600003D9028EB2F5486F01D900207047934264
:10DC7000FBD8438EB3F5FA7FF7D200B5B0F834C0C5
:10DC8000ACF10A0189B240F6764E714502D9002006
:10DC90005DF804FB01339BB202FB03F3B3EB8C0F83
:10DCA000F5D290F83C0090428CBF00200120EFE7B5
:10DCB00038B5CB690C46054663B11A4A1A491B4868
:10DCC0004FF453730FF004F9404080F311884FF084
:10DCD000030002DFFDF7DAFD2C23E061037194F805
:10DCE0003C200121002384F82B10A3634AB1238E2A
:10DCF000E18DB3FBF2F313FB02F39BB2994298BFA1
:10DD000023862846FBF7D8FEAB8D06331844A08542
:10DD1000002221462846FFF703FF4FF60B7363816D
:10DD200038BD00BF0482060050820600A4760600BB
:10DD300038B505460C4600F04FFE10B10923A3721A
:10DD400038BD21462846FDF785FD0028F6D021463E
:10DD50002846FDF787FD2062FDF790FD10B90C23E2
:10DD6000A37238BD21462846BDE83840FFF7A0BF62
:10DD700038B505460C46FFF757F810B10323A372D8
:10DD800038BD21462846FDF765FD0028F6D021461E
:10DD90002846FDF767FDE36920621BB32C221A7148
:10DDA00094F83C200121002384F82B10A3634AB18E
:10DDB000238EE18DB3FBF2F313FB02F39BB2994286
:10DDC00098BF23862846FBF777FEAB8D06331844B1
:10DDD000A085002221462846FFF7BCFDFF23E37201
:10DDE0000623CCE7FDF74AFD38B1E369002BD5D116
:10DDF000FDF74CFD0346E061D0E70723BFE700BF16
:10DE000070B50C460546FBF757FEA38DC31A1B04DD
:10DE100000D570BD21462846FFF75CFE237A092B0A
:10DE200019D094F82A6006BBE36901221A71E169EE
:10DE30000868F7F725FDE661284600F071FF237AB0
:10DE4000092B05D10D4B1A68954204BF00221A60B8
:10DE50000023A37270BD284600F0D4FD237A092B5D
:10DE6000DFD194F82830002BDBD0002384F8283051
:10DE700021462846FFF7C4FDDEE700BF7C92002064
:10DE800070B506460C4600F0A7FD10B10623A3723C
:10DE900070BD054621463046FDF7DCFC0028F5D074
:10DEA000112221463046FFF73BFE304600F038FF96
:10DEB000237A092B04D1044B1A68964208BF1D60CF
:10DEC0000023A37270BD00BF7C92002038B51B4AAE
:10DED000136805460C465BB1834209D002238B725E
:10DEE00000F07AFDE0B12046BDE83840FDF7F4BC13
:10DEF000218E6B8D15609942628EA08E06D02146D0
:10DF00002846FFF7B9FD0423A37238BDAB8D9342B9
:10DF1000F5D1B5F88C318342F1D10523A37238BD18
:10DF200021462846FDF796FC0028DCD04FF47263AA
:10DF3000238521462846FFF7A3FFD4E77C920020E3
:10DF400070B50C46897A05460C2900F28F80DFE80F
:10DF500001F00B172A323C46588D606A7285070023
:10DF6000002A00F0918070BD002AFCD1237A082B92
:10DF700000F0AD80092B40F09C800123A37270BD9E
:10DF8000012AF0D120461946FFF7A2FB2046FFF7F1
:10DF900065FE50B940F61E73238521462846BDE82C
:10DFA0007040FFF76DBF012ADDD821462846BDE845
:10DFB0007040FFF78BBF002AD5D1FDF75FFC00282A
:10DFC00040F0AF800323A37270BD032A67D0042AF8
:10DFD000C9D10F22062384F82920A37270BD002A1C
:10DFE000C1D195F93930002B5CDA94F8283093B11F
:10DFF0000F2384F8293021462846BDE87040FFF7FA
:10E000003FBF002AAFD121462846BDE87040FFF748
:10E0100037BF002AA7D1284600F0DEFC002859D0DF
:10E020000823A37270BD002A9DD121462846BDE871
:10E030007040FFF77DBE022A95D195F83920C2F3D2
:10E04000C011D20954D184F86C10284600F0C4FCE9
:10E050000646002875D00D23A37270BD002A82D118
:10E0600021462846BDE87040FFF7CABE404A4149F4
:10E07000414840F206530EF02BFF404080F31188D8
:10E080004FF0030002DF70BDFDF7F8FB00283FF4FE
:10E090006AAF21462846BDE87040FFF709BE052358
:10E0A000A37270BDE26121462846BDE87040FFF7CB
:10E0B0003FBE2F4A2F4930484FF46E730EF008FFD1
:10E0C000404080F311884FF0030002DF70BD0A2347
:10E0D000A37270BD21462846FDF7BCFB00289FD0E7
:10E0E000102221462846FFF71BFD0A23638170BDDD
:10E0F00019462046FFF760FB2846A68DFBF7DCFC9F
:10E10000331A9BB247F6FE72934211D82046FDF7B0
:10E11000E3FB0B23A37221462846BDE87040FFF7BE
:10E120006FBE21462846FFF7A7FC0423A37270BDEB
:10E13000282385F85031284600F0F2FD0023A37211
:10E1400070BD21462846FDF785FB002883D00722B5
:10E1500021462846FFF7E4FC284600F0E1FD237A3B
:10E16000092BEBD1054B1A689542E7D11E60E5E714
:10E170000482060024770600A47606007C92002024
:10E1800070B506460C46FEF74FFE10B10523A3728C
:10E1900070BD054621463046FDF75CFB0028F5D0F2
:10E1A0002946304600F006FC112221463046FFF792
:10E1B000D1FB3046FEF710FF237A092B02D0002353
:10E1C000A37270BD96F93930002B06DB064B1A6836
:10E1D0009642F4D100221A60F1E73046FDF7F6FED0
:10E1E0000028F3D0EBE700BF7C92002070B50C460E
:10E1F000897A82B00546072900F21281DFE801F032
:10E20000091F284750626504002A00F09A8002B076
:10E2100070BD002AFBD1237A082B00F08280092BE5
:10E220000FD0864A864987484FF4ED730EF050FEB2
:10E23000404080F311884FF0030002DFE7E7002A37
:10E24000E5D12146284602B0BDE87040FFF7CABCC0
:10E25000032A00F0AD80042A65D0012AD7D11946DF
:10E260002046FFF75DFA2846022100F0A3FB204676
:10E27000FFF7F4FC002840F0B98041F21E0323852B
:10E280002146284602B0BDE87040FFF779BF002A5A
:10E29000BDD12146284602B0BDE87040FFF768BDF9
:10E2A000032A00F0A180042A00F09380022AAED154
:10E2B00019462046FFF780FA2046FDF70DFB06239E
:10E2C000A372A4E7002AA2D1DAE7002A9FD1284648
:10E2D0000192FBF7F1FBA38DC01A030497D4019AB6
:10E2E0002846114600F066FB21462846FFF7F2FB60
:10E2F000237A092B7CD094F82A60002E40F0848089
:10E30000E36901221A71E1690868F7F7B9FAE66171
:10E310002846FEF761FE237A092B3ED00023A37224
:10E3200075E7E261B5E72846022100F043FBD5F826
:10E33000303123F002032046C5F83031FDF7CCFA26
:10E34000A7E7FDF79BFA00283FF461AFE0690028DA
:10E3500062D02C23037194F83C200121002384F81F
:10E360002B10A3634AB1238EE18DB3FBF2F313FBB1
:10E3700002F39BB2994298BF23862846FBF79CFB89
:10E38000AB8D06330344A385002221462846FFF7C0
:10E39000E1FA4FF60673638139E795F93930002BBE
:10E3A00034DB294B1A689542B8D100221A60B5E7D0
:10E3B0005A791A2AB7D000212846019300F0FAFAB8
:10E3C000019B5B7984F8283021462846FFF718FB2B
:10E3D0009EE7D5F830311A2223F00203C5F8303118
:10E3E000214684F82820F0E75B79EBE72046A5E793
:10E3F0002846FEF733FD237A092B7FF47CAF94F88F
:10E400002830002B3FF477AF0023DBE72846FDF7E9
:10E41000DDFD0028C5D081E7FDF738FAE06198E717
:10E42000064A0749074840F2B9230EF051FD404023
:10E4300080F311884FF0030002DFE8E60482060053
:10E4400024770600A47606007C92002010B592F88E
:10E450001FC082B0044602F11C03BCF1110F0AD8A0
:10E46000DFE80CF02C09090909090925090909093E
:10E47000090909091E17242380F850310191FEF77C
:10E48000ABFD01990B7A092B1FD000238B7202B0D0
:10E4900010BD0322204602B0BDE81040FFF7A6BE23
:10E4A0000122204602B0BDE81040FFF79FBE0422C3
:10E4B000204602B0BDE81040FFF798BE0222204679
:10E4C00002B0BDE81040FFF791BE94F93930002B3F
:10E4D00006DB074B1A689442D7D100221A60D4E7B2
:10E4E00020460191FDF772FD01990028F1D0CCE79B
:10E4F0007C92002000238372704700BF13460022E5
:10E50000FFF774BE70B5D57F02F11C0335B10F2D36
:10E5100009D1BDE870400122FFF712BDBDE870408F
:10E520000222FFF70DBD24230E4680F85031044629
:10E5300000F0F6FB337A092B05D1044B1A6894429C
:10E5400004BF00221A600023B37270BD7C920020C9
:10E5500000238372704700BF13460022FFF7F0BC10
:10E5600000230322FFF7ECBC00230422FFF7E8BCE2
:10E5700010B524230C4680F85031FEF72DFD002302
:10E58000A37210BD00238372704700BF70B58B7AF1
:10E59000012B0C46054615D9022B06D1FBF78CFA48
:10E5A000238DC01A030413D570BD2B4A2B492C4868
:10E5B000B6230EF08DFC404080F311884FF003002D
:10E5C00002DF70BDFEF730FC88B10123A37270BD7D
:10E5D0000021284600F0EEF904F12A012846FBF755
:10E5E00079FA2846FEF7F8FC0023A37270BD28468E
:10E5F00000F0E8F90028E8D121462846FDF72AF97D
:10E600000028E2D00121284600F0D4F92846FBF783
:10E6100053FA831D238521462846FDF723F9064634
:10E6200060B1311D2046FFF7DFF8F379637331469F
:10E630002846FDF72DF90223A37270BD064A094949
:10E6400007485C230EF044FC404080F311884FF0F3
:10E65000030002DFE5E700BF7082060024770600B2
:10E66000A4760600E47E060070B5D37F012B054634
:10E670000C4607D0242380F8503100F051FB0023D2
:10E68000A37270BD8B7A012B10D013F0FD0FF8D060
:10E69000144A154915484FF496730EF019FC404082
:10E6A00080F311884FF0030002DF70BD02F11C01FE
:10E6B0002046FFF7ADF82846268DFBF7FDF9361A00
:10E6C000B6B247F6FE739E4202D80223A37270BD13
:10E6D000282385F85031284600F022FB0023A3723E
:10E6E00070BD00BF7082060024770600A476060085
:10E6F00000238372704700BF38B58B7A012B10D08E
:10E70000022B0C460ED0FBB1114A124912484FF4AD
:10E7100096730EF0DDFB404080F311884FF003004C
:10E7200002DF38BD0546FBF7C7F9238DC01A030485
:10E73000F7D404F12A012846FBF7CCF9284600F06B
:10E74000EFFA0023A37238BD01238B7238BD00BFDE
:10E750007082060024770600A476060038B5D0F84B
:10E76000F8308B4204460D461CD00F4A0F49104822
:10E7700077230EF0ADFB404080F311884FF003008B
:10E7800002DFD4F8F83043B1D4F8FC101A68C4F8AA
:10E79000F820994208BFC4F8FC202846BDE838405C
:10E7A000FDF736B80B46EEE7B8820600F0810600AA
:10E7B000A476060038B5D0F8F8502B7A013B044611
:10E7C0000B2B28D8DFE803F00606060618181D13E1
:10E7D0001306220600222946FEF7DCF96B6A2BB1EC
:10E7E00029462046BDE83840FFF7B8BF38BD0022B3
:10E7F0002946FFF7B1FEF1E700222946FBF7CAFFE1
:10E80000ECE700222946FCF7B5FEE7E7002229469F
:10E81000FFF772FFE2E7074A074908484FF4DA7347
:10E820000EF056FB404080F311884FF0030002DFEA
:10E83000D4E700BFB882060024770600A47606005D
:10E8400070B5D0F8F85004461DB394F80431012B8C
:10E8500003D1022384F8003170BD29462046FCF71D
:10E86000F9FF0028F5D029462046FCF7FBFF0646B5
:10E87000E8B1311D2846FEF781FCF3796B73314610
:10E880002046FDF705F801236B62002384F8003170
:10E8900070BD0E4A0E490F484FF4FE730EF018FB80
:10E8A000404080F311884FF0030002DFCDE7074AB4
:10E8B000094908484FF4E2730EF00AFB404080F328
:10E8C00011884FF0030002DFD3E700BFB8820600D3
:10E8D000DC810600A4760600E47E060070B5D0F860
:10E8E000F8500446ADB394F80431012B03D1012351
:10E8F00084F8003170BD29462046FCF7ABFF0028A4
:10E90000F5D029462046FCF7ADFF064600283BD04F
:10E910002046FEF71DFA2A7A037A934206F1040094
:10E9200025D0082B25D02A2194F820311BB1D4F80A
:10E9300030315B0722D4FEF7DFFDF3796B7331468C
:10E940002046FCF7A5FF01236B62002384F8003109
:10E9500070BD144A144915484FF4F6730EF0B8FA16
:10E96000404080F311884FF0030002DFBBE7232112
:10E97000DAE7092A14BF2A212321D5E70A4694F8A9
:10E980000711FEF7C5FDD8E7064A094907484FF4C5
:10E99000E2730EF09DFA404080F311884FF00300BF
:10E9A00002DFB5E7B8820600DC810600A476060027
:10E9B000E47E060080F80611704700BF704700BF74
:10E9C0000020704790F80501003818BF01207047FB
:10E9D000D0F8F800704700BF90F80401A0F10100E2
:10E9E000B0FA80F040097047012380F80431704785
:10E9F000002380F804317047B0F80831A0F80231E4
:10EA0000704700BF0023A0F80231704738B5D0F836
:10EA1000F840A4B10546D5F8FC202368C5F8F830C5
:10EA20009442214608BFC5F8FC302846FCF774FF25
:10EA30002046FCF7EDFED5F8F840002CEBD138BDB0
:10EA4000022938B5054612D004290C460AD00129FE
:10EA500000D038BDD0F8F830002BFAD0BDE83840EF
:10EA6000FFF7A8BEFFF7D2FF85F8004138BDD0F808
:10EA7000F840002380F805313CB100230122A5F8BD
:10EA80000231626285F8003138BD074A07490848FB
:10EA900040F20F230EF01CFA404080F311884FF033
:10EAA000030002DFE9E700BFB8820600DC81060050
:10EAB000A4760600F8B590F8003104460E461546D7
:10EAC000052B00F29A80DFE803F00E1607030B0314
:10EAD000BDE8F840FFF7B4BFBDE8F840FFF7B0BEAF
:10EAE00003290CD0F8BD71B10429FBD1FFF78EFFCB
:10EAF00084F80061F8BDBDE8F840FFF7EFBE0023E1
:10EB000080F80031F8BDD0F8F870002FEAD03B7AD9
:10EB100090F806C190F839E0102B11D83E4A012137
:10EB200001FA03F0024042B30A2B1FD0B3B184F8BC
:10EB300005612046FFF73EFE032384F80031F8BD4F
:10EB4000364A374937486A230EF0C2F9404080F30D
:10EB500011884FF0030002DF3B7AE5E7EB7F87F88F
:10EB60006C302046BDE8F840FFF76ABE2046FFF74C
:10EB700021FE052384F80031F8BD10F4386FDFD092
:10EB80000A2BF3D0002BE9D0BCF1000F01D10E46C7
:10EB9000CDE71EF0800F12D1BCF1010F1FD0BCF1E8
:10EBA000020F9FD12046FEF7D3F83B7A027A9A42B1
:10EBB0001FD0082A1BD02A2384F85031F8BDBCF19D
:10EBC000010FECD12046FEF7C3F808B1FF22C27254
:10EBD0002046FFF7EFFD032384F80031F8BDEB7FFB
:10EBE00084F807312046BDE8F840FFF777BE092BCF
:10EBF000E1D1232384F85031F8BD084A0849094877
:10EC00004FF43B730EF064F9404080F311884FF0ED
:10EC1000030002DFF8BD00BF7FF40100B8820600E8
:10EC200024770600A476060038B50C46097AE3611D
:10EC3000054662610C2929D8DFE801F00B070707B8
:10EC40000719191E1414072307001A462146FDF759
:10EC500093FF636A2BB121462846BDE83840FFF791
:10EC60007DBD38BD1A462146FFF74CFCF1E71A4638
:10EC70002146FBF73FFDECE71A462146FCF758FC1E
:10EC8000E7E71A462146FFF7EFFCE2E7064A0749A5
:10EC9000074840F233130EF01BF9404080F311880F
:10ECA0004FF0030002DFD4E7B882060024770600A5
:10ECB000A476060038B50B7A072B0C4605460ED015
:10ECC0000C2B01D1FDF75EFF636A0022A2612BB11C
:10ECD00021462846BDE83840FFF740BD38BDFCF767
:10ECE0004DFCF1E738B50B7A072B0C46054608D0EA
:10ECF000636A2BB121462846BDE83840FFF72EBD98
:10ED000038BDFCF73FFCF3E70422002380F8002124
:10ED1000A0F80231704700BF00220121FFF7CABEF0
:10ED200000220221FFF7C6BE00220321FFF7C2BE68
:10ED300000220421FFF7BEBEF0B5044683B00E46A4
:10ED400015467BB1D37F1B2B31D8DFF898C090F8E4
:10ED500039100CEB4307C9097F781AB201238B40A5
:10ED60003B402BD11846FCF735FE0746E8B100239F
:10ED70000360D4F8FC30E3B11860C4F8FC002A4604
:10ED800000212046FFF796FE7B6A1BB139462046DC
:10ED9000FFF7E4FCD4F8F81039B12B463246204690
:10EDA00003B0BDE8F040FFF73FBF03B0F0BD002364
:10EDB000D8E7C4F8F800C4F8FC00E0E71CF812300B
:10EDC0000A2BCFD10193FFF721FE0022A4F80221E4
:10EDD00084F8052184F800212046FEF79DF9019B67
:10EDE000C0E700BF0083060010B50446FFF70EFE23
:10EDF0000023A4F8023184F8053184F8003110BDF5
:10EE000010B50C4630B994F874316FF3000384F8F0
:10EE1000743110BD094A0A490A4840F289230EF0AC
:10EE200057F8404080F311884FF0030002DF94F858
:10EE300074316FF3000384F8743110BD3883060019
:10EE400080830600A476060000B9704708B5074A1B
:10EE50000749084840F281230EF03AF8404080F319
:10EE600011884FF0030002DF08BD00BF38830600A1
:10EE7000CC7D0600A4760600012800D0704710B5AE
:10EE80000C46F6F7CBFD84420CD0074A07490848E8
:10EE900040F279230EF01CF8404080F311884FF0C7
:10EEA000030002DF10BD00BF388306009483060014
:10EEB000A47606002DE9F041079C9DF818800546D0
:10EEC000208D4FF6FF71884225D0294620461746EF
:10EED0001E46FAF775FBF0B921780131C9B22170ED
:10EEE00049B31C491C4B0E8104F11C000022C86070
:10EEF000C1E9005781F80A80996001201146F4F7B2
:10EF000033FB50B9FF20FAF78DFB2046FF21BDE807
:10EF1000F041FAF75FBCBDE8F081104A1049114892
:10EF200040F233230DF0D4FF404080F311884FF0BE
:10EF3000030002DFE6E7094A0B490A4840F22623AC
:10EF40000DF0C6FF404080F311884FF0030002DF50
:10EF5000C7E700BFE89B00208C1100203883060023
:10EF600000770600A4760600A07C0600038E23B17D
:10EF700090F8742112F0010300D0704710B542F0F0
:10EF8000010288B0114C80F8742105310122CDE9CD
:10EF900002320690CAB2CDE90434CDE90033032130
:10EFA0001846F5F72BFE10F0FD0F0CD0084A094962
:10EFB00009484FF4F6730DF08BFF404080F3118841
:10EFC0004FF0030002DF08B010BD00BF01EE0400E7
:10EFD00038830600387E0600A476060038B50C4655
:10EFE0001546F9F7C1FF48B11CB1BDE83840FCF740
:10EFF0002DBF2946BDE83840FCF702BF022038BDCE
:10F0000038B50C461546F9F7AFFF58B190F93930CD
:10F01000002B05DA2A462146BDE83840FCF7F0BD52
:10F020000C2038BD022038BD704700BF00B97047C2
:10F0300008B5074A0749084840F212430DF048FF57
:10F04000404080F311884FF0030002DF08BD00BF8D
:10F05000C4830600CC7D0600A47606002DE9F041AD
:10F06000079C9DF818800546208D4FF6FF71884259
:10F070002CD02946204617461E46FAF7A1FA28BB8F
:10F0800021780131C9B2217081B30220FAF7CAFA9E
:10F0900002212046FAF79EFB1B491C4B0E8104F10E
:10F0A0001C000022C860C1E9005781F80A809960FD
:10F0B00001201146F4F758FA50B9FF20FAF7B2FAD6
:10F0C0002046FF21BDE8F041FAF784BBBDE8F0819E
:10F0D0000F4A1049104840F2C1330DF0F9FE40408C
:10F0E00080F311884FF0030002DFE6E7084A0B497E
:10F0F000094840F2AE330DF0EBFE404080F311883A
:10F100004FF0030002DFC0E7009C00209C110020AC
:10F11000C483060000770600A4760600A07C0600E3
:10F120002DE9F84306460020F9F7F6FC68B3036AB8
:10F13000044653B393F8202042F0020283F82020C3
:10F14000076A17B301460020F9F72AFC0546C8B93B
:10F150003F68D7F8548107F5AA79B8F1000F18D0A5
:10F160004046F6F771FB172387F858314FF6FF73C7
:10F17000A7F85A311C340223C7F85C4187F8703174
:10F18000C6F800902846BDE8F8830C252846BDE85F
:10F19000F883074A0749084840F209230DF098FE12
:10F1A000404080F311884FF0030002DFD8E700BF32
:10F1B000C4830600C47D0600A476060070B50C4624
:10F1C00015461E46F9F7D0FEB8B190F88EC01CF077
:10F1D000180C04D0BCF1180F08D00C2070BD3346B9
:10F1E0002A462146BDE87040FCF756BD33462A4604
:10F1F0002146BDE87040FCF77DBD022070BD00BF18
:10F2000030B583B001A8FFF78BFF044610B120464C
:10F2100003B030BDF9F780FC054650B195F8483091
:10F2200000226FF30003204685F848302A6203B0BD
:10F2300030BD074A0749084840F25D230DF048FEFB
:10F24000404080F311884FF0030002DFE6E700BF83
:10F25000C483060008840600A476060070B583689F
:10F260001D682C6A1CB300232B62E36E63B11E4A37
:10F270001E491F4840F279230DF02AFE404080F3DA
:10F2800011884FF0030002DF04F1600104F15C001B
:10F29000F4F7E8F80646C0B12068E666F9F74EFED6
:10F2A00095F848306FF3000385F8483070BD0E4A7A
:10F2B00010490F4840F276230DF00AFE404080F3DB
:10F2C00011884FF0030002DFCDE7074A0A490848DA
:10F2D0004FF41F730DF0FCFD404080F311884FF098
:10F2E000030002DFD8E700BFC4830600847706006E
:10F2F000A476060078770600C47D060070B5052464
:10F3000082B04FF6FF762046F9F72EFE0546684696
:10F3100055B195F93930002B06DB00F02BF8694622
:10F320002846FCF72BFD20B9013CA4B2B442EAD137
:10F33000002002B070BD00BF086070470538052886
:10F340008CBF00200120704708B5084A03460068BA
:10F3500010601B79137105211046F4F71DFA044B58
:10F360001870FFF7CBFF002008BD00BFAC110020D4
:10F37000CF150020044A0549034610681860127929
:10F3800008781A71704700BFAC110020CF1500201B
:10F3900030B5044600789DF80C5002FB01111F4A5D
:10F3A000014482FB01020A44521102EBC20002EB4B
:10F3B00080028A1AD0B2C1082070595C02F007029C
:10F3C00041FA02F212F001021FD1B0FBF5F405FB85
:10F3D0001404E4B25D1E1046043300F1080E15F863
:10F3E000011F5FFA8EFE024611F0010F02F1010CBF
:10F3F0004FEA510102D04CB1013CE4B25FFA8CF209
:10F400007245F1D110469D42E7D130BDC11D891A28
:10F41000C9B207291046F6D830BD00BFA7C867DDBE
:10F420004288008850407047F0B5344D344C484015
:10F430004FF0030C060A5FFA80FE0EEB8E2E06EBF1
:10F44000862004EA401705EA400605EA4E0004EA71
:10F450004E1E3E4340EA0E0000EB002706EB062E50
:10F4600006EB0E2600EB0720360CC0F3074040EAFF
:10F47000062000EB00100CF1FF3C08441CF0FF0CD0
:10F4800080B2D7D141401F48A0FB01400C1A00EBCD
:10F490005400400900EBC00400EB8400081AC0F3DC
:10F4A000C40400F00705145D2C41E407C0B21CD46D
:10F4B00001FB03F3561EC3F307430432604600F119
:10F4C000080516F801CFEDB201461CF0010F01F15D
:10F4D00001044FEA5C0C02D043B1013BDBB2E1B264
:10F4E000A942F2D108469642E9D1F0BD0730401A50
:10F4F000C0B207280846F6D8F0BD00BF10210200B0
:10F50000408408004D91CFBA1A491B482DE9F041BB
:10F510000023451EA1F1020C012606E00133082B51
:10F5200001F1060100F1280022D003EB830215F857
:10F530003220D407F2D59CF800409CF801E0D0F8C6
:10F540000080C2F3801206FA03F79A4001333C436D
:10F550004EEA020287888F80082B8CF800408CF8D6
:10F56000012001F1060141F8068C00F12800DCD1F0
:10F57000BDE8F081169C0020019D00202048214A12
:10F580002DE9F047204FDFF884800023951EA0F17D
:10F59000020C012615F83310C90706FA03F926D51F
:10F5A0003C7812F8011C4CB1072901EB810405D805
:10F5B00018F834104C0701D5C90618D515F83310C2
:10F5C0009CF801E09CF80040D2F800A0C1F3400193
:10F5D00099404EEA010144EA0904B2F804E08CF8CB
:10F5E00000408CF80110A0F804E0C0F800A001333E
:10F5F000082B00F1060002F10802CBD1BDE8F0872C
:10F60000829E0020429E0020B4B20020009D002077
:10F610000820704738B50020F9F74CF8F0B9F9F731
:10F62000AFFA10F0010019D10D4C0E4D621E14F806
:10F630003030072B03EB830105D815F831306FF319
:10F64000451305F8313012F830306FF3000302F83B
:10F65000303001300828EAD1002038BD0C2038BDF8
:10F66000419E0020009D00202DE9F04F074683B009
:10F670000020F9F71FF800286DD1F9F781FA10F092
:10F68000010568D13B78FF2B73D03F4E07F101098C
:10F690004FF0FF0A2C46A6F1020803F0010B06E02A
:10F6A00059455CD00134082C06F108060FD018F833
:10F6B0003420C2F34001D207F2D4BAF1FF0F08BFE1
:10F6C0005FFA84FA0134082C06F10806EFD1BAF18A
:10F6D000070F52D818F83A2063F3410208F83A208D
:10F6E000022314FB0A34D7F8013048F804304444AC
:10F6F000B9F80430A38097F800B0244C0BF0010B4C
:10F70000661E04E00135082D04F1280439D005EB0C
:10F710008503DF0016F83330C3F38012DB07F1D521
:10F720005A45EFD120460622494614F099FA00289E
:10F73000E8D1F35D43F02003F355EDB218F83A3009
:10F7400008EBCA0243F0010308F83A305570002074
:10F7500003B0BDE8F08F0C2003B0BDE8F08F304659
:10F7600006224946019314F07BFA019B002899D1A7
:10F77000EDE7284603B0BDE8F08F072003B0BDE8F1
:10F78000F08FFF25DAE700BF429E0020019D002098
:10F790002DE9F04106460020F8F78CFF00283AD109
:10F7A000F9F7EEF910F0010435D196F80080B8F1C0
:10F7B000FF0F36D01C4D0136AF1E08F0010804E0E3
:10F7C0000134082C05F1080528D017F83430C3F3AC
:10F7D0004002DB07F4D54245F2D1062228463146E5
:10F7E00014F03EFA0028EBD107EBC4035B78072B3B
:10F7F00008D80E4A03EB830312F8331060F3451167
:10F8000002F8331017F834306FF3000307F8343080
:10F810000020BDE8F0810C20BDE8F0810220BDE8A9
:10F82000F0812046BDE8F081429E0020009D00202E
:10F8300007282DE9F04104460F46154619D81B4EFE
:10F8400004EB84034FEA840816F83330DB071ED537
:10F85000A044012216F83830C3F380133B702823EC
:10F8600013FB0423F218F3582B609388AB80BDE898
:10F87000F0810F4A0F4910484FF48C730DF028FBAC
:10F88000404080F311884FF0030002DFD7E7084AB9
:10F890000A49094840F219130DF01AFB404080F361
:10F8A00011884FF0030002DFD2E700BF009D002067
:10F8B00064840600A8840600A4760600B4840600CA
:10F8C0000820704710B50020F8F7E8FE08B10C20BA
:10F8D00010BD0446F9F73AF90128F8D8194B1A482F
:10F8E000197893F82820047064F3000164F300028F
:10F8F000197083F8282093F8501093F8782064F357
:10F90000000164F3000283F8501083F8782093F824
:10F91000A01093F8C82064F3000164F3000283F898
:10F92000A01083F8C82093F8F01093F8182164F31E
:10F93000000164F3000283F8F01083F818212046D8
:10F9400010BD00BF009D0020B3B200202DE9F04F94
:10F9500083B083460020CDF800B0F8F79FFE18B1C1
:10F960000C2003B0BDE8F08F0446F9F7EFF801284A
:10F97000F6D8DDF800B0DFF828911BF8012B0192D2
:10F9800002F0010309F1FF381E4604E00134082C9F
:10F9900009F1280971D004EB840208EBC20518F8BC
:10F9A0003270FB074FEA840AC7F38012EED5B242E9
:10F9B000ECD148460622594614F052F90028E5D108
:10F9C0003E467607019A07462FD5DFF8D8C09CF847
:10F9D0000060013E16F0FF0625D095F81790B1455E
:10F9E00021D02C4A019002EB061302EB09121546B6
:10F9F0000FCBDFF8B4E085E80F003D4605EB85034B
:10FA000008EBC30218F83330D80705D5590703D5DA
:10FA10009EF81730B34234D00135082D0EF1280E70
:10FA2000ECD1009B1A788CF800601B4D02F00109A4
:10FA3000AE1E04E00137082F05F1080512D016F8B4
:10FA40003730C3F34002DB07F4D54A45F2D1062232
:10FA50002846594614F004F90028EBD106EBC706F6
:10FA6000FF237370A244002018F83A306FF30003AC
:10FA700008F83A3003B0BDE8F08F022003B0BDE8CB
:10FA8000F08F009B82F817901A78044B03F8095006
:10FA9000C9E700BF809C0020429E0020789C002087
:10FAA000019D0020B3B20020009D00202DE9F84305
:10FAB0001D465B7903F0C003402B01D0BDE8F883FD
:10FAC0000F46F1B1DFF8A890002400F0010609F11B
:10FAD000FF3804E00134082C09F12809EED004EBCA
:10FAE000840318F83330D907C3F38012F2D5B24239
:10FAF000F0D106224846394614F0B2F80028E9D180
:10FB0000E2B2072ADAD8DFF86C8002EB820318F839
:10FB10003330DB07D2D502EB8202D40004F11803A4
:10FB2000286848F8030008EB0309AB88A9F80430FB
:10FB3000002601E0062EC1D0B0B2F9F715FA013661
:10FB400006224946054600F2A1170028F2D03846A1
:10FB500014F086F80028EDD1013408EB040358F8BE
:10FB60000420C5F8A1219B88A5F8A531A6E700BF10
:10FB7000019D0020009D00202DE9F84F82461A4E7D
:10FB80001AF8018B8946002408F00108771E03E06B
:10FB9000082C06F128061BD004EB8402D50017F8C8
:10FBA0003230C3F38012DB0704F10104F0D5424583
:10FBB000EED106225146304614F052F88346002812
:10FBC000E6D118357C1906212046F3F73BFC10B925
:10FBD0000220BDE8F88F7859C9F80000A388A9F879
:10FBE00004305846BDE8F88F019D00202DE9F0470C
:10FBF0008246174E1AF8018B8946002408F0010846
:10FC0000771E03E0082C06F128061DD004EB8402C1
:10FC100007EBC20517F83230C3F38012DB0704F19B
:10FC20000104EFD54245EDD106225146304614F08D
:10FC300017F80028E6D16B6A1A68C9F800209B887B
:10FC4000A9F80430BDE8F0870220BDE8F08700BFC6
:10FC5000019D002010B504460020F8F71FFD08B1F3
:10FC60000C2010BDF8F772FF0128F9D80CB1012C57
:10FC700003D1034B1C70002010BD122010BD00BF2B
:10FC8000B4B20020034B4FF47A7202FB00F018600C
:10FC9000704700BF109C00202DE9F04782460020ED
:10FCA0008846F8F7FBFC10B10C20BDE8F08704464D
:10FCB000F8F74CFF0128F7D81B4E1AF8019B771E66
:10FCC00009F0010903E0082C06F1280620D004EB16
:10FCD0008402D50017F83230C3F38012DB0704F139
:10FCE0000104F0D54A45EED130460622514613F0C4
:10FCF000B7FF0028E7D1B8F1000F0FD0B8F1010F1E
:10FD000009D17B5D43F010037B550020BDE8F087EF
:10FD10000220BDE8F0871220BDE8F0877B5D68F324
:10FD200004137B550020F1E7019D0020034A044B9A
:10FD3000002814BF10461846704700BF809E002060
:10FD4000149C0020A8B110B50B4A12684FF4004370
:10FD500040F2E7300021E2FB03014FF47A72002306
:10FD6000D6F7DAFBBDE8104002460B4603480AF01E
:10FD7000FFBC024813F06EBA109C0020F86A002005
:10FD80000D4A08B50023138070B90C4B0C4A1B7840
:10FD90000020108003B908BDF8F7D8FE0028FAD17A
:10FDA000BDE80840FFF7B0BB1846F8F7E9FEC30707
:10FDB000EBD4FFF7E3FBE8E7809E0020B4B200201D
:10FDC000149C00200E4A08B500231380C2070ED4ED
:10FDD0000C4B0D4A1B780020108003B908BDF8F7C2
:10FDE0005DFC0028FAD1BDE80840FFF78DBB18463E
:10FDF000F8F760FC0028EBD1FFF7C0FBE8E700BF95
:10FE0000809E0020B4B20020149C00202DE9F04F09
:10FE1000834687B013F09CFB4A0143011B1A42EA58
:10FE2000D06262EB0102920042EA93729B001B18BF
:10FE300041EB02094FEAC90949EA5379C3F3103388
:10FE400043EA49434FEAD939BBF1000F16D1624A60
:10FE5000D2E90012B2F1FF3F08BFB1F1FF3F0DD070
:10FE60005E480068591A69EB0202814272F1000291
:10FE7000ACBF4FF0010A4FF0000A01E04FF0010A59
:10FE8000574ECDF804B0DFF86C810024F71F9B4675
:10FE90000DE0254417F8353043F0020307F83530FC
:10FEA0000134082C08F1060806F1280625D004EBD9
:10FEB0008403A50017F83330DA07F1D5BAF1000F43
:10FEC00001D19807ECD42B1917F83330590750D4C7
:10FED0002B1917F833301A07DBD502A930460FF07B
:10FEE0006BF900286AD1BDF80C300298A8F80430EC
:10FEF000C6F81D80C8F80000CBE75B46DDF804B00B
:10FF0000BAF1000F02D0344AC2E90039BBF1000F48
:10FF100008D00020F8F7B4FB044618B194F86A3012
:10FF20005B0702D407B0BDE8F08F94F82630072BAA
:10FF3000F8D8FF238DF8083094F8293004EB8303B8
:10FF400002A9DE6A04F1280001F0FCFB7278054684
:10FF50000232314613F0BFFC29462046F8F7BAFBBF
:10FF60009DF80830FF2BDDD084F8293007B0BDE8BC
:10FF7000F08F317C1B4B0F2202EB01121A440DF162
:10FF800017000DF1070312F8011903F8011F83424E
:10FF9000F9D106F1170102A80FF00EF9002897D049
:10FFA000114A1249124840F2F3230CF091FF4040ED
:10FFB00080F311884FF0030002DF89E70A4A0B49FA
:10FFC0000B4840F201330CF083FF404080F311886E
:10FFD0004FF0030002DF86E7286B0020109C002012
:10FFE000079D0020809C00206484060000770600A6
:10FFF000A4760600489C002010B50120FFF706FFFC
:020000025000AC
:100000000A4A12684FF4004340F2E7300021E2FB55
:1000100003014FF47A720023D6F77EFABDE8104050
:1000200002460B4602480AF0A3BB00BF109C00200A
:10003000F86A0020072813D870B500EB8003104D34
:1000400015F833301A0704464FEA8006C3F3C000A0
:1000500005D59B0706D5264405EBC605686A70BD25
:1000600000207047074A084908484FF44A730CF0CB
:100070002FFF404080F311884FF0030002DFEAE7D2
:10008000009D002064840600C8840600A476060053
:1000900007280CD800EB8003064A12F833104B07F0
:1000A00005D5282303FB002202F11E007047002023
:1000B000704700BF009D00202DE9F0478946164695
:1000C0000AB1FF231370154D002400F0010805F15B
:1000D000FF3A09E01EB13378FF2B08BF37700134B7
:1000E000082C05F1280514D004EB8403E7B21AF8B4
:1000F0003330C3F38012DB07ECD54245EFD1062243
:100100002846494613F0ACFD0028E8D13846BDE842
:10011000F087FF273846BDE8F08700BF019D00202B
:100120002DE9F04F074685B000200E469046F8F7BF
:10013000B5FA18B10C2005B0BDE8F08F0446F8F709
:1001400005FD0128F6D8BA460DF10F021AF8010B89
:100150005146FFF7B1FF072840F2B6809DF80F9097
:10016000B9F1070F00F2AC8009EB8902D200584DBB
:10017000D7F801100192531C09EB890BE9502B446D
:10018000BAF8041099803B7815F83B10009263F39D
:100190008611A95430461021F3F754F9009BE95C0D
:1001A00060F38201E95440461021F3F74BF9009BBC
:1001B000019AE95C00F0010060F3C30111F0040F43
:1001C000E95405EBCB0B4FEA89031CD0DFF808E1BB
:1001D000DFF808C19EF800108BF817100CF801909A
:1001E000DFF8FCB04FF0FF3C0CEB011C01318EF846
:1001F0000010DC4406F10F01013E11F801E90CF892
:1002000001EFB142F9D1002841D118320021A950A3
:100210002A44304E918003EB090215F8321021F088
:10022000120105F8321097F80080B71E08F0010897
:1002300004E00134082C06F1080616D017F8342023
:1002400012F0010BC2F34001F3D04145F1D1304629
:1002500006225146009313F003FD009B0028E8D1CD
:1002600007EBC40787F8019001E04FF0000B4B4407
:100270004FEA4B1215F8331042F0010221F0210130
:100280000A43002005F8332005B0BDE8F08FD61DE5
:10029000A81903EB0901D8F800B0D8F804E0D8F8A1
:1002A00008C0D8F80C8045F806B005EBC101C0F8CD
:1002B00004E0C0F808C0C0F80C8000204862A4E741
:1002C000072005B0BDE8F08F122005B0BDE8F08F23
:1002D000009D0020429E0020B3B20020789C0020A8
:1002E000809C0020072807D8044B00EB800013F8FF
:1002F0003000C0F3C000704700207047009D002010
:10030000072812D800EB8000094A12F8303013F0A9
:10031000080F4FEAC001C3F3C00007D0C3F3400089
:100320009B0703D50A44506A70470020704700BFFE
:10033000009D0020024B1B7803700248704700BFED
:10034000B3B20020809C002038B50C4650B107297C
:1003500013D82A4D15F83430DA0720D505EBC4053B
:10036000687838BD07292BD8254B04EB840213F895
:100370003230DB0732D5204638BD224A2249234895
:1003800040F269330CF0A4FD404080F311884FF037
:10039000030002DF194D15F83430DA07DED4194AAC
:1003A0001B491A4840F26A330CF092FD404080F33A
:1003B00011884FF0030002DF05EBC4056878D0E731
:1003C000104A1449114840F26D330CF081FD404051
:1003D00080F311884FF0030002DFC5E7094A0E4998
:1003E0000A4840F26F330CF073FD404080F31188EF
:1003F0004FF0030002DF2046BEE700BF409E002012
:10040000009D002064840600E0840600A4760600B7
:100410008C850600A48506004C86060010B5204B8E
:100420001B78834204460CD91E4B1C5D072C19D83F
:100430001D4B04EB840213F83230DB0720D5204635
:1004400010BD1A4A1A491B4840F279330CF040FD9E
:10045000404080F311884FF0030002DF114B1C5D18
:10046000072CE5D9114A1449124840F27B330CF0AD
:100470002FFD404080F311884FF0030002DFD7E7E3
:100480000A4A0E490B484FF45F730CF021FD4040BF
:1004900080F311884FF0030002DF204610BD00BF3B
:1004A000B3B20020789C0020009D002064840600E8
:1004B00058860600A4760600788606004C8606005C
:1004C000072823D870B500EB8003114E16F833309F
:1004D000DB0704464FEA800505D5254416F83500AC
:1004E000C0F3401070BD0B4A0B490C4840F28733F3
:1004F0000CF0EEFC404080F311884FF0030002DF67
:10050000254416F83500C0F3401070BD0020704738
:10051000009D002064840600B4840600A4760600D2
:10052000144B1B789BB1072970B50C460DD860B9E8
:10053000114E01EB81038D0016F83330DA070BD52D
:10054000254416F83500430703D4012070BD01206F
:100550007047C0F3001070BD084A094909484FF4BC
:1005600068730CF0B5FC404080F311884FF0030035
:1005700002DFE5E7B4B20020009D0020648406009D
:10058000B4840600A47606001378FF2B19D12DE958
:10059000F047194D0446AE46002303EB830C9E0042
:1005A00015F83CC01CF0010003D0CCF3801CA4451E
:1005B00009D00133082B0EF1280EEED10120BDE841
:1005C000F0870120704701F1FF3877464FF0000CAB
:1005D00017F801AF18F8019FCA450CF1010CE8D1DA
:1005E000BCF1060FF4D11E44137015F836305A07CB
:1005F000E5D5C3F30010E2E7009D002010B40F4BD7
:100600001C787CB1072A0DD80D4C02EB820C14F833
:100610003CC01CF0080F05D020B14B7903F0C0039B
:10062000402B03D000205DF8044B7047282303FBC8
:10063000024007305DF8044B0EF0ABBDB4B20020B1
:10064000009D0020024B1878003818BF0120704729
:10065000B4B2002000F07CBB08B5002302F0D2FB4E
:10066000002008BD10B584B0079BD3E90020904757
:10067000012812D004460DF10F010DF10E00F5F71F
:100680007DF90021064B00919DF80F209DF80E008A
:100690000121F4F7CBFA034BDC6004B010BD00BFBE
:1006A000A9060500CC9E002000B585B00DF10F0114
:1006B0000DF10E00F5F762F99DF80F20064B9DF83D
:1006C0000E00002101320091D2B20221F4F7AEFAFD
:1006D00005B05DF804FB00BF79070500F0B58DB0EB
:1006E0000E4605460DF12F010DF12E001C46174652
:1006F000F5F744F99DF82FC006940CF1010C002485
:10070000CDE90744CDE90344CDE901449DF82E002D
:10071000059700962B465FFA8CF20121F4F7DAF97F
:1007200010F0FD0F0AD006480094064BC4609DF8F7
:100730002F209DF82E000121F4F778FA0DB0F0BDBE
:10074000CC9E0020A9060500019B024A3121FFF73B
:10075000C5BF00BF5907050070B5059D0446F5F7F4
:1007600013F92B462046034ABDE870400621FFF7E7
:10077000B5BF00BF65060500014809F08FBE00BF88
:10078000B49E002008B501220021024812F08DFC21
:10079000002008BDB49E0020024BA0F2A462C3E971
:1007A00000207047CC9E00200020F4F76DB900BFF8
:1007B00008B5F4F725FB014B986008BDCC9E0020DE
:1007C000684620F007018D4601B502F03FFBE6F7D1
:1007D00083FABDE801408546704700BF08B50A4B63
:1007E000D3F840213AB90120F2F71CFFBDE80840D8
:1007F0000220F2F717BF0020C3F84001D3F84031C0
:10080000F4F74EF9EFE700BF00B000400020F2F728
:1008100009BF00BF38B5F8B91F4B204C1B782178B1
:100820009942DAB20DD01E4A1E491F484FF4547344
:100830000CF04EFB404080F311884FF0030002DFC4
:1008400022781A4B1A4D19782B780132994222706E
:1008500010D001332B7038BD114A1649124840F2AE
:100860004B330CF035FB404080F311884FF0030010
:1008700002DFD1E70A4A10490B4840F256330CF028
:1008800027FB404080F311884FF0030002DF2B78F4
:1008900001332B7038BD00BFB5B20020B6B20020C6
:1008A000A4860600EC860600A4760600BAB20020F4
:1008B000B9B20020CC7D06000887060010B50E4BAB
:1008C0000E4C1A7823789A4206D00D490D4A0978C1
:1008D00011700133237010BD0B4A0C490C4840F2D3
:1008E00042330CF0F5FA404080F311884FF00300DA
:1008F00002DF2378E9E700BFB8B20020B7B20020DA
:10090000B5B20020B6B20020A486060030870600EB
:10091000A476060002F0B0BB10B5184A184C127845
:1009200023789A421BD02178164B0131C9B200229C
:1009300021700399996001201146F2F715FE00B964
:1009400010BD114A1149124840F2D6330CF0C0FADA
:10095000404080F311884FF0030002DF10BD0A4AC7
:100960000C490B484FF474730CF0B2FA404080F31A
:1009700011884FF0030002DFD5E700BFB6B20020B8
:10098000B5B20020B4110020A4860600107806003D
:10099000A4760600588706002DE9F047494E144614
:1009A000494A337812789A428AB058D019B10A7FEE
:1009B00012F0020503D000200AB0BDE8F087E3681A
:1009C000D4F800901B68DFF82CA1DF68D3E901217F
:1009D00091422CBFC7EB0107C7EB020709EB0708E1
:1009E00028F07F48DAF800104046F4F70BFA0302CB
:1009F000E1D5364A364B11781A7891422DD1354AD5
:100A0000354912780978914227D000951A78013239
:100A1000D2B21A702946314B2A462846F4F706F915
:100A200010F0FD0F19D02E4A2E492F4840F2C23344
:100A30000CF04EFA404080F311884FF0030002DFC3
:100A4000274A2849284840F28A330CF041FA4040AE
:100A500080F311884FF0030002DFE36818E01D4BBC
:100A60001D4A1B7812789A42A0D1C368D0F8009032
:100A70001A68DFF880A0D768D2E9011088422CBF3D
:100A8000C7EB0007C7EB010709EB070828F07F4811
:100A9000CAF800800693154B0022CDE90732144BAB
:100AA000CDE90222CDE90423CDE900723478013486
:100AB000E4B24B46114610463470F4F70BF80AB016
:100AC000BDE8F087BAB20020B9B20020B7B200206A
:100AD000B8B20020B5B20020B6B20020BD080500B3
:100AE000A4860600B47B0600A4760600150805005F
:100AF00019090500E49E0020F0B56E4EB36889B078
:100B000083B1336873B1FF2305468DF80A3002E0E4
:100B1000037F980708D00DF10A00F5F7E1F80446C5
:100B20000028F5D109B0F0BDE368AB4244D00DF127
:100B30000A00F5F7D5F807460DF10A00002F00F07E
:100B4000A1803B7F9907F4D1FB689D421CD0F5F74B
:100B5000C7F803460DF10A00002B00F093801A7FBE
:100B60009207F4D1DA68AA42F1D19F420CD0524ADE
:100B70005249534840F20B430CF0AAF9404080F32D
:100B800011884FF0030002DF237FA269E16843F080
:100B90000203237720469047FF238DF80A3002E0B6
:100BA000037F990707D00DF10A00F5F799F804467D
:100BB0000028F5D1B6E7C56873683168284603AAEE
:100BC00098470546002853D0B368316800209847FD
:100BD00015F10B0F0FD08C35A4D0374A394938485E
:100BE0004FF489630CF074F9404080F311884FF0A2
:100BF000030002DF96E7FF240DF10B008DF80B4098
:100C0000F5F76EF860BB0123306800930021CDE951
:100C10000411069107903160039BD6E9010104AAF3
:100C2000F5F716F800287FF47DAF234A26492448BB
:100C300040F246430CF04CF9404080F311884FF0ED
:100C4000030002DF6EE743F00203037783699847EE
:100C50008DF80B400DF10B00F5F742F80028D2D0CB
:100C6000037F9A07F6D4C26831689142F2D1EAE76D
:100C7000237FA269E16843F002032377204690476F
:100C800009B0F0BD224600212046FFF785FE30F076
:100C900002033FF447AF084A0C49094840F20143B8
:100CA0000CF016F9404080F311884FF0030002DF8A
:100CB00038E700BFE89E0020A4860600748706007F
:100CC000A4760600948706008C870600B47B060095
:100CD00010B5154812F04DF810B3144B00249C6069
:100CE00000F004FB00281ADB214601202246E6F72B
:100CF000C9FB22460B200121E6F7C4FB2246214610
:100D00001820E6F7BFFB0120E6F78CFB0B20E6F787
:100D100089FB1820E6F786FB02F0C8F8204610BDD4
:100D20006FF0120010BD00BF58400600E89E002082
:100D300008B500F0EBFA002809DB0120E6F780FB9C
:100D40000B20E6F77DFB1820E6F77AFB002008BDB4
:100D5000034603488AB2194683681B68184700BFD8
:100D60005840060030B4074DAB685C6834B18AB2B5
:100D7000A44601460023284630BC60476FF085003A
:100D800030BC70475840060030B4074DAB685C6813
:100D900034B18AB2A44601460023284630BC6047DD
:100DA0006FF0850030BC7047584006000020704747
:100DB00030B5044683B078B3234B1A68824225D0FD
:100DC000FF250DF107008DF80750F4F789FF38B9BA
:100DD0001AE0A1420AD00DF10700F4F781FF98B1A3
:100DE000037F9B07F7D4C168002CF2D1037F82698F
:100DF00043F00203037790470DF107008DF8075089
:100E0000F4F76EFF0028EBD103B030BD9B686BB1E7
:100E1000014600209847D3E70B4A9368002BCFD0B8
:100E200011680029CCD000209847C9E7074A084933
:100E3000084840F215130CF04BF8404080F311883D
:100E40004FF0030002DFBBE7E89E0020A486060007
:100E5000A0870600A47606000020704738B5044637
:100E6000F4F730FF54B110B324680020F4F758FFB2
:100E70002046F4F7C9FF58B1002038BD1A4DAB68C1
:100E80001BB32C680023AB602B60002CECD1ECE78B
:100E9000164A174917484FF4C3730CF019F840402D
:100EA00080F311884FF0030002DF002038BD0F4AA5
:100EB0001149104840F24F130CF00AF8404080F3FB
:100EC00011884FF0030002DFCEE7084A0B490948BA
:100ED0004FF4AA730BF0FCFF404080F311884FF0F1
:100EE000030002DFCDE700BFE89E0020A4860600D5
:100EF000CC870600A4760600A8870600B8870600FF
:100F0000054A136892681B1A18BF0123B2FA82F0CF
:100F10000B704009704700BFE89E00206FF08B0007
:100F2000704700BFD0E90132002A04DB9A4238BF83
:100F30001A4610467047C068984238BF1846704736
:100F400010B51446F3F75CFF2146F3F75BFF034649
:100F500010F4000004D10333092B88BF184610BDDC
:100F6000002010BD262810B504461CD0272812D01A
:100F7000252808D00A281ED9272821D80330400068
:100F800001F0E2FF02E0022001F0DEFF2046BDE8B2
:100F9000104001F0DFBF502001F0D6FF2046BDE831
:100FA000104001F0D7BF1A2001F0CEFF2046BDE867
:100FB000104001F0CFBF0230400001F0C5FFE5E76F
:100FC000064A074907484FF4FC730BF081FF404085
:100FD00080F311884FF0030002DFD7E7A4860600F4
:100FE00024770600A476060002F014B802F01AB8BE
:100FF00008B502F041F8BDE8084002F0ABB900BF07
:1010000008B502F039F802F0A5F9BDE8084002F091
:1010100049B900BF08B502F02FF802F09BF902F0C1
:101020007FF902F0B3FBBDE8084002F03BB900BF16
:1010300008B50146174801F019FF02F043F860B106
:1010400002F04CFA01F06AFF00F09CF900280EDB78
:10105000BDE808400020FFF701BF01F0F7FF02F0F4
:101060003DFA01F05BFF00F08DF90028F0DA0A4A42
:101070000A490B484FF41D730BF02AFF404080F3E0
:1010800011884FF0030002DF0020BDE80840FFF7A1
:10109000E5BE00BF15090500A4860600D48706003A
:1010A000A476060010B5044601F0E6FF02F052F9FE
:1010B00002F036F902F06AFB02F0F4F82046BDE8CF
:1010C0001040FFF7B5BF00BF08B50146134801F057
:1010D000CDFE01F0F7FF40B100F054F900280ADB23
:1010E000BDE808400020FFF7B9BE01F0AFFF00F0F7
:1010F00049F90028F4DA0A4A0A490B4840F28323E6
:101100000BF0E6FE404080F311884FF0030002DF51
:101110000020BDE80840FFF7A1BE00BF150905008B
:10112000A4860600D4870600A47606002DE9F047C1
:1011300084B01D46FF239DF830908DF80F30064691
:101140000F46904604E090F81CC01CF0030F3AD004
:101150000DF10F00F4F7C4FD04460028F3D1DFF8C9
:101160002CA1DAF80830002B45D1EB68CAF8003022
:10117000CAE901672846C047044603E0017F11F031
:1011800003010AD00DF10F00F4F7AAFD0246002872
:10119000F4D1204604B0BDE8F087FFF7FDFB30F046
:1011A0000203F6D0344A354935484FF43E730BF00C
:1011B0008FFE404080F311884FF0030002DF20468D
:1011C00004B0BDE8F087DFF8C4A0DAF8083093B9BE
:1011D000B9F1000F36D1AC42C7D0274A2949284877
:1011E0004FF436730BF074FE404080F311884FF0DB
:1011F000030002DFB9E72A46CDF80090434639469E
:101200003046F4F725FD024630B3B9F1000F16D190
:10121000002C14BF204610462146FFF7BDFB30F0DE
:1012200002030CD0144A1549154840F2B3230BF0C1
:101230004FFE404080F311884FF0030002DF6FF053
:101240007604A6E7CDF8009043462A463946304654
:10125000F4F7FEFC0028F2D1074A0B49084840F297
:10126000A6230BF035FE404080F311884FF00300B9
:1012700002DF0022C9E700BFA4860600B47B060097
:10128000A4760600E8870600E0870600E89E0020B6
:1012900001F1100009F002B970B505468AB00C469C
:1012A0000122002104A811F000FF0F4B019300263A
:1012B000032369462846039602930BF09BFC002803
:1012C00010DB4FF40043314640F2E730E4FB03010A
:1012D0004FF47A720023D5F71FF902460B4604A893
:1012E00009F002F90AB070BD9112050010B5012095
:1012F00003F0BEFE0449002301244B608C60CB60E8
:10130000BDE810400BF076BCF89E002008B5012027
:1013100003F0AEFEBDE808400BF0C4BC0C4B1A78DD
:101320000AB10020704710B50120187003F0A0FE2C
:101330004FF4FA710446FFF7AFFF38B920460BF0BF
:10134000B1FC02280CBF00206FF0040010BD00BFEC
:10135000BBB2002008B50A4BBFF35B8F53E8002FE8
:10136000511C43E800100028F8D1BFF35B8F002A1E
:1013700001DD002008BD03F083FE002008BD00BF92
:10138000F49E002008B50C4B1A68002A11DDBFF34B
:101390005B8F53E8002F511E43E800100028F8D15E
:1013A000BFF35B8F012A01DD002008BD03F07EFE44
:1013B000FAE76FF0770008BDF49E00200220704726
:1013C00096207047014B33F8100070471C880600C8
:1013D00010B50446FFF71EFE01F098FF2046BDE859
:1013E0001040FFF725BE00BF30B583B00546FFF7BC
:1013F000FFFD962001F0BEFF002318461A4619464D
:1014000001F0D0FE0120F4F7BBFB0446002843D0D6
:1014100004F11C0001F0F2FD01F040FEE0B92548A6
:10142000294601F023FDFFF70DF950BB02F0AAF8A1
:1014300000210446084601F0F7FD00210546084654
:1014400001F0EEFD2C44C334201A02F053F803B02F
:10145000BDE8304002F088B8174A1849184840F2F1
:101460009F430BF035FD404080F311884FF003009F
:1014700002DF1048294601F0F9FCFFF7E3F80028E5
:10148000D4D00DF10700FEF755FF002201469DF86C
:10149000070002F039F9C9E7074A0A49084840F24B
:1014A0009B430BF015FD404080F311884FF0030083
:1014B00002DFADE7651B05002C880600808806006A
:1014C000A476060078880600814208B50ED00B7A13
:1014D000DB0702D46FF08B0008BD124B1360FFF7DF
:1014E00039FF00280FDB6FF00A0008BD0B7B01EB12
:1014F00083010B691B7803F00F03012B14BF6FF0FE
:101500008B00002008BD084A0849094840F25443AE
:101510000BF0DEFC404080F311884FF0030002DF47
:10152000E1E700BF751905002C880600D487060086
:10153000A476060010B50446FFF76CFD01F0E6FE48
:101540002046FFF775FD0B4B0021012208469C60E9
:10155000F2F70AF800B910BD074A084908484FF4E5
:10156000B5630BF0B5FC404080F311884FF00300E9
:1015700002DF10BDC41100202C8806001078060080
:10158000A476060010B5D8B10C46FFF7FBFE002884
:1015900004DB2046BDE81040FFF760BC0C4A0D4953
:1015A0000D4840F27A430BF093FC404080F31188E1
:1015B0004FF0030002DF2046BDE81040FFF74EBCAD
:1015C000064801F053FCBDE8104001F03FBD00BFEC
:1015D0002C880600D4870600A4760600D1130500E7
:1015E000084B042210B598182821F1F7C3FE064BCA
:1015F00000249C8002222146044811F056FD20461A
:1016000010BD00BF289F0020D4110020109F002093
:10161000084B042210B598182821F1F7ABFE064BB1
:1016200000249C8002222146044811F03EFD204601
:1016300010BD00BF289F0020D4110020109F002063
:1016400010B504460548F1F7BBFE20B10346002063
:101650005870636010BD6FF00B0010BD289F002014
:1016600003460020187058709860704738B52D4CAC
:10167000227961792378914203D002FB03439D686C
:1016800035B92948F1F79CFE054688B1284638BD92
:10169000264808F051FF23796279A1789A42F5D063
:1016A0000133DBB2994208BF00232371284638BDBD
:1016B0001E484FF42032002308F016FFB0B91B4833
:1016C00008F03AFF237961792278A07899421BD0FB
:1016D00013FB02F2164901338A58DBB2984208BF65
:1016E0000023237182B11546284638BD114A12499C
:1016F000124840F2B9130BF0EBFB404080F3118825
:101700004FF0030002DFDAE70A4A0D490B484FF4B5
:10171000DF730BF0DDFB404080F311884FF00300D6
:1017200002DFB3E7D4110020289F0020109F002083
:10173000DC1100202C88060000770600A476060045
:101740009488060010B5027843789A4214D0D4B237
:1017500044700278944204D05A1C4370D3B2022BD6
:101760000ED01A4600EB82040B70606800B110BD09
:10177000FFF77CFF606010BD0133DBB2022BF0D1BC
:1017800000221346EEE700BFF8B502784378934293
:1017900004462CD0D5B2184A92F805E000EB850734
:1017A0000EF101039078DBB2984208BF0023107954
:1017B00098420E4679680BD094461CF8080B10FB33
:1017C0000EF04CF8001053710C4808F067FE002131
:1017D0006B1CDBB2022B0ABF00221A46134679604B
:1017E0002370012104EB820431706068F8BD1A4651
:1017F00004EB82046068F8BDD4110020109F002023
:1018000070B5037AC3F302130446002B93FAA3F0D6
:10181000B0FA80F008BF4FF0FF3082B000F1010550
:1018200045D0217A5A1E134063F3061105F12400B6
:101830002172FFF797FB00230DF1070104F10C0063
:101840008DF80730FFF7A0FF0546002840D0284656
:1018500001F0DAFB2B7803F00F03022B1ED00DF101
:10186000070104F11800FFF78FFF064600283DD05E
:101870009DF807302BB1D5F80230C6F80230EB885E
:10188000F3802146204801F0F1FA962001F072FD24
:10189000002002B0BDE8704001F03CBC1B4821466E
:1018A00001F0E4FA02B0BDE8704001F0DBBC184A78
:1018B0001849194840F2B3530BF00AFB404080F33B
:1018C00011884FF0030002DF237AC3F30213A8E765
:1018D0000F4A1249104840F2BC530BF0F9FA40404D
:1018E00080F311884FF0030002DFB0E7084A0C498B
:1018F000094840F2C6530BF0EBFA404080F31188E0
:101900004FF0030002DFB3E7E913050025190500D6
:101910002C88060098880600A4760600A088060099
:10192000A488060010B50446FFF774FB237A03F081
:101930007102012A05D1C3F3420262F30613237236
:10194000DBB213F0700F05D0636853B193F8203009
:101950009B0706D501F0DAFC2046BDE81040FFF7F2
:1019600067BB2046FFF74CFF01F06AFBBDE8104063
:1019700001F0FABD70B5C36804461E68F3F740FA7B
:1019800005463046FFF7CEFA00232D1AC4E900536E
:1019900023812046BDE87040D7F7D6B910B582B094
:1019A0000446FFF7D7FC00281ADB144A14491548EF
:1019B00000940023F4F752FC08B1773001D102B053
:1019C00010BD114A1149124840F2B2230BF080FABF
:1019D000404080F311884FF0030002DF02B010BDD9
:1019E000094A0C490A4840F2AF230BF071FA404013
:1019F00080F311884FF0030002DFD6E7498D020023
:101A000085150500C91405002C88060064780600B9
:101A1000A4760600D48706002DE9F0410D46417AF0
:101A20009DF818801746CA071E4609D5B8F1000F61
:101A300017D02B78B7EBD31F1AD00020BDE8F08168
:101A40002946044611F8020B079AC0F38010FEF7EE
:101A50009BFD0028EDD1637ADB07EED5B8F1000FCE
:101A6000E7D1079B1878FEF72BFD0028E1D1E4E7CA
:101A7000062205F10801304612F0F2F8B0FA80F0C3
:101A80004009BDE8F08100BF2DE9F84F1F460B9BD0
:101A90009DF828909DF8305006460C4692466BB94A
:101AA000437A03F00303012B2CD9002D3AD023787D
:101AB000BAEBD31F4AD00020BDE8F88F88460D9AB4
:101AC00018F8020BC0F380104146FEF75DFD0028B8
:101AD000F2D094F800B0BAEBDB1FECD104F10801AE
:101AE0003846062212F0BCF80028E4D10D9B1B7882
:101AF000FF2B1ED0B27AFF2A1BD0981AB0FA80F0C2
:101B00004009D9E711F8020B0D9AC0F38010FEF7D7
:101B10003BFD0028CBD1737A03F00303012BCAD914
:101B2000002DC4D10D9B1878FEF7CAFC0028BED149
:101B3000C1E7CBF3801BCB45BDD10B9806224146B4
:101B400012F08EF8B0FA80F04009B5E7062204F1F1
:101B50000801384612F084F8B0FA80F04009BDE878
:101B6000F88F00BF2DE9F0438BB0044601F0A0FAD6
:101B7000C0B250B9FFF74EFA7A48214601F076F923
:101B80000BB0BDE8F04301F061BA01F0B1FA0546CF
:101B900001F0D0FB814601F0D7FB01F00FFE0646B5
:101BA00001F0EEFDEDB2804601F086FBFFF732FA60
:101BB000002DE1D016F0FF0677D1FF2301208DF82C
:101BC0002730F3F7DDFF0546002800F09F80237BD8
:101BD00004EB830305F11C011F693B465FFA89F999
:101BE00013F8020B00F00F0CBCF1010F08BF07F156
:101BF0000808C0F380124FEAD017287F00F00F00CA
:101C000018BF4FF00008032857D00528B4D1687FCB
:101C10002228B1D160680028AED090F8200080075B
:101C2000AAD40DF127000390CDE901890097204641
:101C3000FFF72AFF00289FD00420F3F7A1FF002818
:101C40009AD04948214601F011F901F0FFF901F05D
:101C500025FA00284CD1626892F8203043F0010345
:101C600082F82030F3F7AEFF17224FF6FF730271B0
:101C7000C3808460054601F02BFC286101F07CFCE8
:101C800000210446084601F0CFF9241A6C6196B190
:101C90009DF827306B76F3F795FF2946E8602868B2
:101CA000F3F7BEFF0BB0BDE8F0835FFA88F0FEF7F4
:101CB000B5FB034682E7FF23ECE7687F0C287FF43F
:101CC0005BAFB8F1000F7FF457AF0DF12700019023
:101CD000CDF800902046CDE906230591FFF79CFE44
:101CE00010BB287F079BDDE9051200F00F008CE791
:101CF0001E4A1F491F4840F256630BF0E9F8404066
:101D000080F311884FF0030002DFA4E7174A1A4955
:101D1000184840F2F6530BF0DBF8404080F311888E
:101D20004FF0030002DF52E70E48214601F09EF813
:101D300001F098FA237E04EB8303D86901F064F97B
:101D400001F0ACF90028ADD0084A0949094840F231
:101D50000F630BF0BDF8404080F311884FF0030093
:101D600002DF9FE725190500351505002C880600C0
:101D700080880600A4760600788806000021D7F740
:101D80009BB800BF30B5044683B0FFF743F9A37D8D
:101D90006FF30003A3759B0601D46368B3B3962069
:101DA00001F0E8FA00231A461946184601F0FAF93C
:101DB0000120F3F7E5FE0546D0B105F11C0001F066
:101DC0001DF9FEF73FFC40B901F05CFA11482146CD
:101DD00003B0BDE8304001F049B80DF10700FEF74F
:101DE000A9FA002201469DF8070001F08DFCEBE7FF
:101DF000094A0A490A4840F25D330BF069F840404D
:101E000080F311884FF0030002DFD6E701F02AFAD1
:101E1000CEE700BF19920200E88806007888060025
:101E2000A476060010B50446FFF7F4F801F06EFA48
:101E30002046BDE81040FFF7FBB800BF08B5FFF72C
:101E4000A1FF01F0F7F8BDE8084001F08DBB00BF2D
:101E500070B582B00546FFF7CBF801F003FA012018
:101E6000F3F78EFE044600283FD004F11C0001F079
:101E7000C5F801F013F9E0B9FEF7E4FB50BB01F03F
:101E800081FB00210446084601F0CEF800210646F9
:101E9000084601F0C5F83444C334201A01F02AFB87
:101EA00001F0F0F91848294602B0BDE8704000F092
:101EB000DDBF164A1649174840F21A330BF008F8EE
:101EC000404080F311884FF0030002DFFEF7BAFBB9
:101ED0000028D4D00DF10700FEF72CFA00220146AD
:101EE0009DF8070001F010FCC9E7084A0A490948B3
:101EF00040F216330AF0ECFF404080F311884FF0B7
:101F0000030002DFB1E700BF19920200E888060073
:101F100080880600A47606007888060070B5C3683D
:101F200004461E68F2F76CFF05463046FEF7FAFFDE
:101F300000232D1AC4E90053238120460121BDE866
:101F40007040D6F7B9BF00BF00B9704708B5074A5F
:101F50000749084840F28F230AF0BAFF404080F357
:101F600011884FF0030002DF08BD00BFE8880600BB
:101F7000CC7D0600A476060008B54B6823B14B68FB
:101F800093F82030DB0714D481420DD04B6A13B193
:101F90006FF08B0008BD0F4B1360FFF7DBF90028D3
:101FA00009DB6FF00A0008BD0B4800F05FFF01F08D
:101FB0004DF8002008BD094A09490A484FF40D733D
:101FC0000AF086FF404080F311884FF0030002DFE3
:101FD000E7E700BF1D1F050079910200E8880600B1
:101FE000D4870600A476060008B50C4B03989860C9
:101FF000002211460120F1F7B7FA00B908BD084ADE
:10200000084909484FF422730AF062FF404080F308
:1020100011884FF0030002DF08BD00BFE811002067
:10202000E888060010780600A476060030B504465D
:1020300085B0FEF7EFFF0DF10F012046FEF760FFC0
:10204000C0B9054601F062F9A27D0095C2F34103D3
:10205000013303F00303032B08BF002363F34202A1
:10206000A2752B46032229462846F2F7DFFD2046BB
:10207000FEF7DEFF05B030BD2DE9F8439DF8209056
:10208000164680460D464A46194630461F46FEF71C
:10209000B5FA0446A0B91DB198F817309B071CD4B7
:1020A00098F81650C5F38013B3420CD0C5F3C105A0
:1020B000012D05D926B17B7903F0C003402B12D046
:1020C0002046BDE8F88308F119000622394611F0D0
:1020D000C7FD0028EAD10124F2E74846FEF710F9CF
:1020E0000028EDD1DCE7099B002BF4D0099A0123ED
:1020F0001370F0E710B5D8B10C46FFF743F900288C
:1021000004DB2046BDE81040FEF7A8BE0C4A0D498E
:102110000D484FF41E730AF0DBFE404080F3118837
:102120004FF0030002DF2046BDE81040FEF796BEE8
:10213000064800F09BFEBDE8104000F087BF00BFDE
:10214000E8880600D4870600A47606002D20050046
:10215000002070470020704710B582B00446FFF79A
:10216000F9F8002819DB134A134914480094002396
:10217000F4F774F808B1773001D102B010BD104AFD
:102180001049114883230AF0A3FE404080F31188D0
:102190004FF0030002DF02B010BD094A0B490A48A4
:1021A00080230AF095FE404080F311884FF0030031
:1021B00002DFD8E77D1D0500F5200500791F050029
:1021C000E888060064780600A4760600D487060036
:1021D00090F816C01CF0080F02D132B901207047E8
:1021E000002AFBD11846FEF76BB910B50446084625
:1021F0001946FEF795F918B9A07DC0F3C00010BDCF
:10220000012010BD2DE9F04F83B00C469DF83850E9
:102210009DF83010D0F80490AD01984605F04005C7
:10222000237845F0250545EAC11503F010031D4349
:1022300017460F9B2570222262701A68C4F802208C
:102240009B88E3800D9B1968A1609B88A381D9F8C6
:102250000430C4F80E30B9F8083099F80A10217526
:10226000012263826275B9F80EA0064601F084F976
:102270000546002F3CD007F0030B0BF12B0B4FEA68
:10228000CB0BC7F340032BFA03FB4146384600F063
:10229000CBFE05F5AF683569D844A8EB000283464C
:1022A0004DBB109B1A60A575E575B9F80E302383F8
:1022B000B9F810306383B38AA383D9F81830C4F80F
:1022C0001E3099F81C3084F8223099F81E2094F8BA
:1022D000233062F3040384F82330FFF76FF894F897
:1022E000233060F3471384F8233003B0BDE8F08F48
:1022F0004FF4B07BC9E740F2E24338460121019236
:1023000003FB0AFA00F08EFE019A2B18002B01DB6A
:10231000934201D25344F9E7109AABEB080B1360D8
:10232000044A5B44A2FB0323627D9B0A0132E382E1
:102330006275BAE75917B7D1F8B50546FEF76AFED8
:10234000F3F752FD0446002836D02249A2790878D6
:10235000214B60F30002A271204A1B881278A380EF
:102360000121217022721BB195F91D30002B04DB75
:102370002846BDE8F840FEF75BBE95F85B3003F0F9
:102380000703022B16D0042B0CBF4FF4BC77282771
:1023900001F0DEF8064601F0E1F8361AE6602A6B35
:1023A000C4E9042700232B63AB632846BDE8F8404B
:1023B000FEF73EBE1827EBE7094A0A490A484FF4E0
:1023C00052730AF085FD404080F311884FF00300FE
:1023D00002DFBAE7BDB2002014B00020BCB200207A
:1023E0004889060024800600A476060008B500F09F
:1023F00089FE02780346012161F301021A70002070
:1024000008BD00BF00207047704700BF10B40648E9
:10241000064C0749074A0023238003700B70137092
:102420005DF8044B704700BFBDB2002014B000201F
:10243000BEB20020BCB2002038B550B30D460446F1
:10244000FEF7A0FF002817DBE2682389518A0133D9
:102450000B445382F3F7C8FC044608B3A279002367
:1024600063F3000201212170A380A2712372284628
:10247000BDE83840FEF7F2BC104A11491148AC23C0
:102480000AF026FD404080F311884FF0030002DF80
:10249000DAE70D4800F0EAFCBDE8384000F0D6BDB0
:1024A000064A0A490748B4230AF012FD404080F367
:1024B00011884FF0030002DFD0E700BF4889060013
:1024C000D4870600A4760600392305002480060080
:1024D000F8B505460120F3F753FB044650B395F8D1
:1024E0005B60B5F84E7006F007060021304600F03C
:1024F00017FD95F87230B2001B07F9B242F00102E5
:1025000004F11C040ED50431C9B2082000F04CFDC2
:102510002246314605F1730001F03AF8BDE8F84073
:1025200000F06CBD082000F03FFD2046BDE8F840FB
:1025300000F064BD064A074907484FF421730AF0CA
:10254000C7FC404080F311884FF0030002DFC6E76C
:102550004889060078880600A476060038B5044647
:10256000FEF746FD962000F005FF94F85A2094F8F7
:102570005B00C2F3C00300F0070002F00702002175
:1025800000F010FE2046FFF7A3FF00F087FD58BBC8
:1025900000F0F8FF054694F85B00012100F0070009
:1025A00000F042FD94F85B3003F007030544022B72
:1025B00005F1A30516D0042B0CBF4FF4BC732823E0
:1025C00094F85A00C0F3C00100F007001D4400F069
:1025D00027FD281A00F08EFF21460A48BDE8384042
:1025E00000F044BC1823EBE7074A0849084840F2CA
:1025F00039230AF06DFC404080F311884FF003004E
:1026000002DFC5E729270500488906008088060003
:10261000A4760600F8B50F4690F85A10B0F84C6052
:1026200001F007040546C1F3C001204600F078FC24
:1026300095F87230A200DB0642F00102F1B20DD52E
:102640000431C9B2082000F0AFFC394605F194000E
:1026500000F0ECFFBDE8F84000F0D6BC082000F028
:10266000A3FC3846BDE8F84000F0CEBCF0B5054606
:1026700083B001AAC06D0F46296EF0F707FF95F8E9
:1026800072305A07064638D448B3019C95F8713029
:1026900095F8702004341C4412B9627885F87020D3
:1026A00033B12378012262F30103237095F871306E
:1026B00095F87020D31A63702846F7F7D1F963783C
:1026C00083422AD960700121237803F00F0300228E
:1026D00043EA01132370A2703C6003B0F0BD43F0E5
:1026E000040385F8723000F00DFD044623786FF383
:1026F000041323703C6003B0F0BD43F0040385F87D
:10270000723000F0FFFC0446002EEFD0037843F057
:10271000100303703C6003B0F0BD32682B6E9A4228
:10272000D1D10021D0E700BF2DE9F04383B00446AA
:1027300000F0BEFCC0B250B9FEF762FCB8482146BA
:1027400000F094FB03B0BDE8F04300F07FBC00F064
:10275000CFFCC5B200F0B0FDFEF752FCB14A1388C1
:10276000012003441380F3F70BFA0746002800F01A
:102770000181002D4DD1AC4A1378002B40F0BF8071
:10278000012301A920461370FFF770FF4FF00008E6
:10279000019E4546962000F0EDFD94F85B0000F0A8
:1027A000070000F0B7FCA148214600F05FFB00F0F5
:1027B000DBFE94F87220337862F3C303337094F82D
:1027C00072303278C3F3400363F3820232703146D1
:1027D0002046FFF71FFF00F061FC002840F0008159
:1027E00000F0B6FE00287DD0002D00F08280A08988
:1027F0004FF6FF73984200F003812946F7F794F8EB
:10280000B8F1000F40F0998003B0BDE8F043F3F752
:10281000FFB994F872303A7F03F00101C2F38000EF
:10282000884200F0B78094F91D2081F0010161F326
:102830000003002A84F8723005DA94F8203043F05F
:10284000040384F8203094F8723013F0040640F04A
:10285000FD80D4E9170101AAF0F718FE054600280B
:1028600000F00A81019B94F8719003F1040808EBD1
:1028700009035A7872B194F87230DB060AD5D4F89D
:10288000A4300133C4F8A430D4F8A83043F10003D5
:10289000C4F8A83094F870304A44D2B29A42C0F0DA
:1028A000F18000F01B81624A624963484FF47573FE
:1028B0000AF00EFB404080F311884FF0030002DF66
:1028C000002594F91D30002BC0F2FD803A7F94F86A
:1028D0007230D0065EBF18F8096086F01006C6F3A5
:1028E000001659E000F028FE00F02CFE002D7FF4C9
:1028F0007EAFB8F1000F20D103B0BDE8F08303F143
:10290000FF3894F872305FFA88F801A9204682F8FF
:102910000080C3F38009FFF7A9FEB8F1000F7FF430
:1029200035AF3F48214600F0A1FA94F91D30002B45
:1029300012DA00F097FC019E3BE7F3F743F903231B
:102940003B71A3893868FB803946F3F751F903B02E
:10295000BDE8F043F3F75CB900F078FB00F09EFBB4
:10296000002840F0A28094F8723069F3820384F862
:10297000723035E72E4A31492F48FF230AF0A8FA72
:10298000404080F311884FF0030002DF002D3FF438
:10299000F2AE3EE700263546C2F3C002C3F3400163
:1029A0008A4272D04FF000081F4A0021C3F3800909
:1029B000234B11702046012201A91A70FFF756FE21
:1029C000002EAED13B7F019EDA063FF5E3AE3378B1
:1029D000DB063FF5DFAE7378002B7FF4DBAEA0E7BC
:1029E000134A1849144840F28F130AF071FA404014
:1029F00080F311884FF0030002DFF1E64FF000088A
:102A00000B4A11490C484FF4CF730AF061FA404069
:102A100080F311884FF0030002DFA089EDE600BFCC
:102A20003923050014B00020BEB200205D2505004A
:102A30004889060024770600A476060078880600F8
:102A4000BDB20020808806009C8906006FF38203D7
:102A500084F8723000F056FB94F91D30002B0BDB2C
:102A60003A7F12F0100508D1067894F8723086F09B
:102A70001006C6F300168FE73A7F94F872300026EE
:102A8000354689E784F871201AE70320F3F778F8D0
:102A900094F87230002885D083F0020384F87230F5
:102AA0007B7FA3B994F872307CE7514A5149524870
:102AB0004FF4AB730AF00CFA404080F311884FF0EA
:102AC000030002DF4FE794F872303A7F64E794F82E
:102AD0007230190711D44FF0010865E70022206E0B
:102AE000A4F8702004F15C01F0F7D8FC019B1B688E
:102AF0002B60019B1D60019DE3E600F0D1FD0028E5
:102B000068D000F0F7FD002852D1D4F88330D4F813
:102B10008720134304D13B7F03F00303032B30D002
:102B2000364B3748022221461A7000F09FF900F018
:102B30008DFA00F0B3FA78B900F00AFDD0B1002D9B
:102B40003FF4DAAEA0894FF6FF7398423FF456AFD8
:102B50002946F6F7E9FE57E6254A264926484FF466
:102B600088730AF0B5F9404080F311884FF00300F4
:102B700002DFE1E700F0E0FC00F0E4FC002DE1D131
:102B8000BAE600F0C3FA4378272B0146C8D80333CE
:102B9000DAB207F11C0010F09EFED4F88330013B3E
:102BA000C4F88330D4F8873043F1FF33C4F887305A
:102BB000D4F883300133C4F88330D4F8873004F17B
:102BC000830243F1000353600C4B01221A7094F806
:102BD000723080E7064A0B49074840F2EF330AF0AB
:102BE00077F9404080F311884FF0030002DF88E757
:102BF0004889060080880600A4760600BCB2002042
:102C0000392305009489060010B582B00446FEF70A
:102C1000A1FB002825DBE16820894B6ACA6A00FB1A
:102C20000333886A1344834228BF0346CB62134AA6
:102C30001349144800940023F3F710FB08B17730D0
:102C400001D102B010BD104A104911485D230AF0AD
:102C50003FF9404080F311884FF0030002DF02B0DB
:102C600010BD094A0B490A484C230AF031F940408B
:102C700080F311884FF0030002DFCCE79197020048
:102C8000392405001D0F0500B4890600647806008C
:102C9000A4760600D487060010B582B00446FEF77D
:102CA00059FB002819DB134A1349144800940023E8
:102CB000F3F7D4FA08B1773001D102B010BD104A51
:102CC0001049114850230AF003F9404080F311885D
:102CD0004FF0030002DF02B010BD094A0B490A4859
:102CE0004B230AF0F5F8404080F311884FF00300C1
:102CF00002DFD8E7C1990200392405001D0F050045
:102D0000148A060064780600A4760600D4870600BC
:102D1000054B4FF480320021C3F80815C3F8442353
:102D2000C3F80423704700BF00B00040054B18787B
:102D3000421C1A7018B9044B01221A607047012016
:102D4000704700BFBFB2002000B0004010B50D4C6E
:102D5000207848B10138C0B2207018B90A4B01225E
:102D60005A6010BD012010BD084A094909482823AE
:102D70000AF0AEF8404080F311884FF0030002DF04
:102D80002078E7E7BFB2002000B00040708A06005C
:102D9000BC8A0600A4760600014BD3F804057047F0
:102DA00000B00040024B00F5A87043F820107047B7
:102DB00000B00040124B30B401210446002059609D
:102DC000C3F80445C3F80001C3F80401196005E025
:102DD000D3F8042132B9D3F804251AB1D3F800216D
:102DE000002AF5D05960D3F80421002AE7D1D3F89E
:102DF0000455002DE3D0C3F8042530BC704700BF54
:102E000000E0004070B58CB00E4615460146102219
:102E100068461C46F0F708FB10220DEB0200314615
:102E2000F0F702FB6846FFF7C5FF25B1102208A99D
:102E30002846F0F7F9FA3CB10DF1200CBCE80F0080
:102E400020606160A260E3600CB070BD044BD3F8F9
:102E5000103123B1034A044B10681B6818477047B0
:102E600000100040F8A10020FCA1002038B5044665
:102E700001200D46E4F7E4FA084B094A1C600949B1
:102E8000094B156010200222C1F80403C3F8802109
:102E9000BDE838400120E4F7C5BA00BFFCA100201E
:102EA000F8A100200010004000E100E04FF0804356
:102EB0004FF0FF320021C3F8002EC3F8042EC3F8F0
:102EC000081EC3F80C2EC3F8101EC3F8142EC3F846
:102ED000182EC3F81C2EC3F8202EC3F8242EC3F8D6
:102EE000282EC3F82C2EC3F8302EC3F8342E70478A
:102EF00010B50120E4F7A4FA064B074800244FF46C
:102F000090514FF41052C0F81845C3F80018C3F898
:102F1000042810BD00F0014000100040704700BFC1
:102F2000054B02280CBF0421032140F20122C3F803
:102F30001015C3F85026704700100040014BC3F82D
:102F40000C05704700100040014BC3F8080570479E
:102F500000100040074BC3F85405D3F8182522F0A1
:102F60000072C3F81825D3F8182542F00072C3F890
:102F700018257047001000400A4A00210123C2F8BA
:102F80002C15C2F83035C378C2F82435437890F850
:102F900002C001781B0443EA0C6343EA0123C2F830
:102FA0001C35704700100040C2F38203A3F10203F6
:102FB00002F00302B3FA83F3013A5B091B06022A0B
:102FC00098BF43F4801300F00F000A4A184340F4FE
:102FD0008070C2F81405D2F81805074B0340C2F8F8
:102FE0001835D2F81835194341F44031C2F8181594
:102FF000704700BF001000400000F8FE014BC3F80E
:103000000405704700100040014BC3F804057047E9
:103010000010004002280CBF28202920704700BF64
:10302000012070472920704702280CBF05200A2084
:10303000704700BF014B01225A60704700100040EA
:10304000014B01221A60704700100040084A0949EC
:1030500010B401234FF410640020C2F808455360F7
:10306000D360C1F800020B615DF8044B704700BFEC
:1030700000F0014000100040074B0022C3F800217F
:10308000D3F80011C3F80C21D3F80C11C3F81021A8
:10309000D3F81031704700BF00100040034BD3F845
:1030A0000001003818BF0120704700BF0010004029
:1030B000034BD3F80C01003818BF0120704700BF44
:1030C00000100040034BD3F85005B0FA80F04009DF
:1030D000704700BF00100040044B40F20312C3F8D9
:1030E0003425C3F83805C3F83C157047001000407C
:1030F000034BD3F80004003818BF0120704700BF0D
:103100000010004000487047F4A1002000487047BC
:10311000F0A00020F0B41D4B1D4D1E4E1E4C1F4F45
:103120000322C3F800222A78C6F8687502F10C035E
:10313000DBB2D000DB00910003F1804300F180405E
:1031400003F5F83300F5F83001F18041C6F86C055D
:1031500001F5104104EB82041148C3F81045C3F88F
:103160001405D1F840352D2B8ABFD1F84035012305
:103170002D3BC1F840350132064B4FF4106102F08F
:103180000102C3F804152A70F0BC7047001000401B
:10319000C0B2002000F00140409100400C110040FE
:1031A000041000402DE9F041284E294C294FDFF84A
:1031B000ACE0DFF8AC800323C6F800322178CEF80B
:1031C000688501F10C03DBB2DB00CD0003F1804325
:1031D00003F5F83305F1804507EB810705F5F83570
:1031E000CEF86C554FEA810CC3F8107549F634657A
:1031F000C3F814654AF2B813022A18BF1D460CF131
:10320000804C42F2B84241F28833022818BF13467C
:103210000CF5104C104A2B44A2FB0323DCF840258C
:10322000B2EB931F85BF9809DCF8403501231B1AC8
:10323000CCF840350131094B4FF4106201F0010127
:10324000C3F804252170BDE8F08100BF00100040E4
:10325000C0B2002040910040D34D621000F0014008
:103260000C1100400449054B03204FF41062C1F8D3
:103270000002C3F8082570470010004000F001402C
:1032800000207047034AD2F8003243F48873C2F832
:103290000032704700100040014BD3F848057047DA
:1032A00000100040034B0022C3F81C21D3F81C314E
:1032B000704700BF00100040034BD3F81C010038DA
:1032C00018BF0120704700BF0010004010B44FF03D
:1032D000000C4FEA8C0303F1804303F5805314681C
:1032E000C3F800460CF1010C9488C3F82046BCF1E9
:1032F000080F02F10602ECD1034B40EA0120C3F8AB
:1033000040065DF8044B704700100040034AD2F8B5
:10331000403623F0FF03C2F84036704700100040EB
:10332000034B0022C3F81421D3F81431704700BFB7
:1033300000100040034BD3F81401003818BF0120DF
:10334000704700BF00100040014BD3F810047047D5
:10335000001000400449054B054A4FF48020C1F895
:103360004803C3F80825704700B0004000F0014052
:10337000C000700E034B044A1B7803F5A87342F893
:1033800023007047C0B2002000900040F0B4A2F5C6
:1033900074232F4DA3F51073AB42044606D902F1F6
:1033A000E87202F5D432013902F5A572294B2A4898
:1033B0002A4D2B4E0127DF600027C3F80475A0FBC0
:1033C00002020427C3F81075900C0227C3F8087591
:1033D000244AC3F84005C5F848154FF48021C5F8C4
:1033E00044134021C2F84065C2F84435C2F80415C0
:1033F0004CB34FF48013C2F804351B4A012100245A
:103400000423D160C2F80445C2F81035154BC2F848
:10341000084511601549C3F850150C32C3F85425FE
:1034200002F5AF32124CC3F8584502F5FC7201F5B3
:103430000041C3F85C2538310832C3F86015C3F881
:103440006425F0BC70474FF40013C2F80435D4E78C
:10345000BFBDF07F0080004083DE1B4300B0004012
:1034600048B1004000F00140009000400C110040C5
:1034700040910040134A30B40123134C53604FF481
:103480008025D360C2F84035104BC4F84815C4F805
:103490004453402104F5A474C3F84045C3F84425BF
:1034A000C3F8041530B14FF48012C3F8042501208D
:1034B00030BC70474FF40012C3F80425012030BC23
:1034C000704700BF0080004000B0004000F00140A5
:1034D000014BD3F84805704700B000400349044A47
:1034E00001234B600B615360136170470080004003
:1034F000009000400449054BC1F844054FF0886234
:10350000C3F80425704700BF0080004000F0014070
:10351000054B06480649074AC3F84805C3F84C1549
:10352000C3F80425704700BF00F0014000110040BF
:103530004080004080000004014BD3F844057047F0
:1035400000800040014B1860704700BFECA00020D5
:10355000014B1868704700BFECA00020014BD3F866
:103560004005704700800040024B4FF00062C3F8F6
:103570000425704700F00140014BD3F8480570471F
:1035800000800040014BD3F84805704700800040A0
:103590001F4B30B40024C3F800450224A142C3F8F5
:1035A000004505462DD003F580334FF00071194CCE
:1035B000C3F804151849164BD1F818151748C9B2A5
:1035C0000439C3F81815C3F804450021144CC3F896
:1035D0000855C3F80C05C3F81025C3F81445C3F803
:1035E0000012C3F80011D3F80021C3F80411D3F876
:1035F0000421C3F808110122D3F808111A6030BC65
:103600007047084B084C4FF00071C3F80415D1E720
:1036100000F000400100000100100040F0A0002078
:10362000E09F002000F001400100010130B4174B81
:1036300000240222C3F80045C3F80025144AD2F83A
:103640001825D2B2043AC3F818250546114AC3F822
:1036500004251148C3F808550122C3F80C150F4979
:10366000C3F81005C3F81415C3F80022C3F80041CD
:10367000D3F80011C3F80441D3F80411C3F808418A
:10368000D3F808111A6030BC704700BF00F000404A
:103690000010004000000101F0A00020E09F002089
:1036A00010B5124C0223C4F80433D4F804316BB9BA
:1036B0004FF02003EFF3118083F31288BFF36F8F75
:1036C000E3F7A4FFD4F80431002BF1D0074B084AEC
:1036D00002204FF40041C3F80803C2F88011D3F868
:1036E0000801B0FA80F0400910BD00BF00F00040B2
:1036F00000E100E0034BD3F80004003818BF0120BC
:10370000704700BF00F00040F0B4194A194BD2F8DE
:103710000455194E0024013D0327C3F80075C3F872
:103720000405C3F80815C3F81055C3F81465C3F8A9
:103730000041D3F80011C3F80441D3F80411C3F8D1
:1037400008414021D3F80831C2F86015D2F80032A0
:103750000A4943F04003C2F80032C2F828414FF44E
:103760000003D2F82821C1F80435F0BC704700BF2F
:103770000010004000F00040DC9F002000F00140FD
:10378000014BD3F80004704700F0004010B4084A21
:10379000084C09490023C2F828314FF40000D2F840
:1037A0002821C4F80035C1F808055DF8044B7047BE
:1037B0000010004000F0004000F00140174BD3F82B
:1037C00028314BB310B5164C0123C4F80433D4F898
:1037D00000316BB94FF02003EFF3118083F31288AF
:1037E000BFF36F8FE3F712FFD4F80031002BF1D055
:1037F0000B4B0C4A01204FF40041C3F80803C2F8F8
:103800008011D3F804212AB1D3F80801B0FA80F06E
:10381000400910BD002010BD00207047001000407E
:1038200000F0004000E100E00139012905D80B203B
:103830000AB1E3F7F7BDE3F703BE08B5064A074947
:1038400007482D2309F044FB404080F311884FF0D6
:10385000030002DF08BD00BFC88A06002477060007
:10386000A476060029B10139012905D80B20E3F718
:10387000FBBD1820E3F7F8BD08B5074A074908481B
:10388000412309F025FB404080F311884FF00300ED
:1038900002DF002008BD00BFC88A060024770600AA
:1038A000A476060088420FD0012807D002280DD147
:1038B000A1F10100B0FA80F040097047A1F10200C7
:1038C000B0FA80F04009704701207047002070472F
:1038D000012908B50FD002290DD091B10C4A0D492C
:1038E0000D487B2309F0F4FA404080F311884FF033
:1038F000030002DF08BD094B4FF40062C3F800214A
:1039000008BD064B4FF08072C3F8002108BD00BF10
:10391000C88A060024770600A476060000E100E0CD
:1039200008B50FF0E3FA08BD032810B5044604D823
:10393000114B1C5D8CB1204610BD104A1049114836
:10394000292309F0C5FA404080F311884FF00300A5
:1039500002DF094B1C5D002CEDD1084A0A490948D9
:103960002C2309F0B5FA404080F311884FF0030092
:1039700002DF204610BD00BF988B0600188B0600A2
:10398000688B0600A4760600888B0600013810B507
:103990001C46042800F28280DFE800F01221303F4C
:1039A000030004294AD0444A44494548B82309F051
:1039B0008FFA404080F311884FF0030002DF10BD02
:1039C000042943D03C4A3D493D484C2309F080FA44
:1039D000404080F311884FF0030002DF10BD03293F
:1039E0003CD0354A35493648632309F071FA4040E6
:1039F00080F311884FF0030002DF10BD042935D099
:103A00002D4A2E492E487A2309F062FA404080F36D
:103A100011884FF0030002DF10BD032936D00429BE
:103A20002CD0254A25492648A02309F051FA4040C8
:103A300080F311884FF0030002DF10BD214B9C6022
:103A4000BDE8104002210320EFF78EBD1E4B9C60A5
:103A5000BDE8104002210020EFF786BD1B4B01217D
:103A60009C60BDE810400846EFF77EBD184B9C6097
:103A7000BDE8104002210120EFF776BD154B022171
:103A80009C60BDE810400846EFF76EBD124B9C608D
:103A9000BDE8104001210220EFF766BD064A074944
:103AA0000748BE2309F014FA404080F311884FF014
:103AB000030002DF10BD00BF188B0600247706004C
:103AC000A476060008120020581200204812002098
:103AD0003812002018120020281200200146002071
:103AE000FFF760B94FF080530246D3F8A4100131BC
:103AF00007D04FF08051D1F8A00010F0010009D19B
:103B00007047D3F8A8304FF6FF719BB28B42F0D1CB
:103B100000207047D1F8A4301360D1F8A830137199
:103B2000C3F3072363F03F035371D1F8903001339F
:103B30001CD0D1F89430013318D0D1F8983001332B
:103B400014D0D1F89C30013310D0D1F89030C2F8A5
:103B50000630D1F89430C2F80A30D1F89830C2F863
:103B60000E30D1F89C30C2F8123008E00023C2F8C1
:103B70000630C2F80A30C2F80E30C2F81230012006
:103B8000704700BF00234FF08052036043608360A2
:103B9000C360D2F88030013318D0D2F884300133BA
:103BA00014D0D2F88830013310D0D2F88C300133E1
:103BB0000CD0D2F880300B60D2F884304B60D2F851
:103BC00088308B60D2F88C30CB60704700230B605C
:103BD0004B608B60CB6070472DE9F041164D174E5E
:103BE000DFF8648084B000AF4FF0FF324FF0FF3356
:103BF000391D284606F00EFBD8B16C4688B06A46DF
:103C00000323C2E9058042F8103F0D4800234FF41A
:103C1000C251E0F7C9FDA546E6E7236813B17A680B
:103C2000934202D16368381D98470834B442F4D3F4
:103C3000DAE7044CFAE700BFE0170020104A06005C
:103C400084480600F04906001D0207001FB50190D8
:103C50009DF818008DF808008DF80910ADF80A20BD
:103C600003930448DDE9082301A906F07DFA05B0B5
:103C70005DF804FBE0170020024B2C2202FB003011
:103C8000704700BF501A0020827A064B2C2101FB9E
:103C900002339A6A1B7F1B33801A23F00303B0FBA5
:103CA000F3F07047501A002038B50A4B827A2C2462
:103CB00004FB02330C685B6A5B681A68944294BF29
:103CC0000C600A60D3E90054FFF7DEFF05FB0040FB
:103CD00038BD00BF501A00202DE9F04385B00546DD
:103CE0006846039190461C460FF034FCDDE90067FE
:103CF0004FF02003EFF3118983F31288BFF36F8F26
:103D00006B8B002B45D02A8B9A4229D900220023A5
:103D1000284606F08FFB044610B389F31188BFF3E1
:103D20006F8F039B002B45D032463B4668460FF011
:103D300035FC264DA37A2C2606FB035303A95B6AA8
:103D40001B6820461F68DDE90023B8476061002832
:103D500031D1A07A214600FB06500FF098F924E0FB
:103D6000698B4B1E6B8389F31188BFF36F8F2B7F99
:103D70002A8BAC6A1B3323F00303521A02FB034461
:103D8000124B134AEB1A9B105343A3722B7FE3721F
:103D9000C7E789F31188BFF36F8F23464246284651
:103DA00006F048FB04460028BBD10024204605B09D
:103DB000BDE8F083636100230122636022812382D6
:103DC000039A63696282E360F0E700BF501A002043
:103DD000A38B2EBA2DE9F041164D044600262C2760
:103DE0000CB9BDE8F081237AD4F80480013BDBB242
:103DF0002372002BF5D1616959B1637ADB0707D4CF
:103E0000A37A07FB035320465B6A1B689B689847AD
:103E10006661A07AE66007FB005366601B6A1BB10F
:103E2000204698474446DBE7214600FB07500FF049
:103E30002EF9F7E7501A00202DE9F84F07460E46F5
:103E40009046054629466D68002DFBD1DFF868B025
:103E50004FF02C0A01F10C0420460EF0E6F88642E1
:103E60001AD320460EF0E1F81FFA80F941464A467F
:103E700020460EF093F8B6EB09064D44C84417D01F
:103E80000C9B63B1DDE90A010D9A9847014678B1B0
:103E900038460EF056F8DDE71FFA86F9E6E7B87AFD
:103EA000DDE90A23314600FB0AB0FFF715FFEDE715
:103EB0002846BDE8F88F00BF501A0020020600F027
:103EC0007F0312D5082B05D1010700F00F0306D59B
:103ED0000E48704710F0780F12D100F00F034C20FD
:103EE00000EB43100A4B18447047082B05D102071A
:103EF00000F00F0306D50748704710F0780FF6D092
:103F000000207047044800EB431070477CA300205A
:103F100030A200209CA400209CA30020014902485C
:103F20000FF073B958A20020F86B00200146014839
:103F30000FF0A2B8381A002002480022002306F031
:103F400079BA00BF381A002013B5124805F096F868
:103F5000114B98421AD1114804F032F8002410484D
:103F600004F074F80F49104800944FF0FF334FF4F9
:103F7000806206F09BFB0D490B480EF0BDFF0C481C
:103F80000C490FF015F9204602B010BD6FF0040087
:103F9000FAE700BF9D4105000000AD0B5702070086
:103FA000A88B060080E10020F86B00204902070082
:103FB00058A20020B942050010B50E49BFF35B8F2F
:103FC000002351E8002F012A03D141E800300028E6
:103FD000F7D1BFF35B8F0CD151F8044C1439204654
:103FE00008F085FE783004D12046BDE8104008F086
:103FF00059BE10BD50A2002038B5002464F07F00E7
:10400000C0B2FFF75BFF01340EF017F8082CF5D1B2
:104010000E4D0024E0B2FFF751FF036903B90561BB
:1040200001340EF00AF8082C05F14005F2D10848D9
:104030000EF003F8074BD3F87C2212B9064AC3F8F6
:104040007C2206480DF0F9FF002038BDC0A80020F2
:104050007CA3002030A20020C0A400209CA400204B
:1040600010B5054CFFF768FF20B1416820460EF0FF
:1040700017FFF7E710BD00BF8017002007B500232A
:104080000E48002201A905F08BFF90B1FFF7E8FF71
:104090000A480022002301A905F082FF38B90198DF
:1040A000042340600374FFF741FFFFF737FF002050
:1040B00001E00198406003B05DF804FB8017002028
:1040C000022810B511D8094B1C5CFFF7D7FF60B16F
:1040D000002202740472FFF729FF054B93F8243085
:1040E0001BB1BDE81040FFF719BF10BD5402070017
:1040F00030A20020F8B5877806463846FFF7DEFE86
:104100003B06F578044612D5002D43D1FFF7B6FFE4
:10411000034600283ED00122A577027403220273D1
:104120009C60FFF703FFBDE8F840FFF7F7BE4DB115
:10413000012D2FD1FFF7A2FF034658B36577057411
:104140000573EDE7FFF79AFF20B3B278124B12F038
:10415000800F02F0080111D041B1D3F8A836E36016
:1041600001230374022303738460DAE702F00F0271
:10417000142101FB0233D3F80836F0E711B1D3F86C
:10418000A837ECE702F00F02142101FB0233D3F849
:104190000837E4E7F8BD00BF00700240F0B50646FE
:1041A00089B01422002103A80FF0A3FB3378013B50
:1041B000052B21D8DFE803F07A0314146A160323D1
:1041C0008DF814300024FFF759FF0346A0B10474A2
:1041D00000F10802DDE9050182E8030018461DE050
:1041E0000423EDE7B7783846FFF768FE837A044684
:1041F00023B1013B022B43D909B0F0BD3B06F57852
:1042000013D5002DF8D1FFF739FF03460028F3D06E
:104210000122A5770274032202739C60FFF786FED9
:1042200009B0BDE8F040FFF779BE55B1012DE3D1EB
:10423000FFF724FF03460028DED065770574057379
:10424000EBE7FFF71BFF07460028D5D001230374D7
:1042500002230373846004F10C01B0780EF0E8FCD3
:10426000134AE168B2F88C328B4206D95B1AA2F885
:104270008C3205F057F93846D0E7A2F88C52FAE7AD
:10428000304609B0BDE8F040FFF734BF01A805F0A3
:1042900027F99DF80530052B04D19DF8043013F063
:1042A000600FA9D0034B059301248CE702248AE711
:1042B00030A200209CA300202DE9F043A64CDFF89B
:1042C0009C9285B08046FFF737FE074610B905B0CF
:1042D000BDE8F08394F825303A7C3BB9002A00F021
:1042E000868079689D480EF0DBFDECE7042A42D811
:1042F000DFE812F07D0005000001160140013B7B64
:10430000BD68032B37D8DFE803F0023D5A5F6E69C2
:10431000934B002232607260D3F880143170D3F86E
:1043200084147170D3F88814D3F88C0441EA002106
:104330007180D3F89014D3F8940441EA0021B1803D
:10434000D3F89814D3F89C3441EA0323F38008236C
:10435000EB6030687168834B03C311462B68687A41
:10436000984796F90030002B08DBF38833B1A4F8A6
:104370008C3205F0D7F879684846B4E70023A4F8F2
:104380008C32F8E76B7F002BF5D02B7F002BF2D01F
:1043900000266E774FF0FF3273482E774FF0FF33D1
:1043A0000DF05EFE6B6901936B68CDE9023601A9E1
:1043B000687A04F0A5FE6C480DF054FEDBE72B682C
:1043C0000121687A9847D6E7AB7A6BB9EB7F5BB986
:1043D00065484FF0FF324FF0FF330DF041FE05F01E
:1043E000D1F861480DF03EFE2B680221E9E73A7AE8
:1043F000042AC0D8DFE802F059032367730004F0F1
:10440000CDFD05460028B6D104F0FEFCBFF35B8F5E
:104410005649012351E8002F002A03D141E800301A
:104420000028F7D1BFF35B8FA5D141F8085C41F8B4
:10443000105CE0696361143908F0DCFB9BE7002540
:1044400065F07F00C0B2FFF739FD037A13B1407AFF
:1044500005F060FA0135082DF2D194F854311BB102
:1044600094F8550105F056FA0025E8B2FFF726FD4D
:10447000037A13B1407A05F04DFA0135082DF4D1D5
:1044800094F874321BB194F8750205F043FA0020D9
:1044900004F066FD012384F825302368002B3FF4E7
:1044A0006AAF00210220984765E7002584F825506F
:1044B00005F0D4F9FFF780FD2368002B3FF45BAFD4
:1044C00029460420EFE7002B3FF455AF04F070FDC0
:1044D0002368002B3FF44FAF00210520E3E722685B
:1044E000002A3FF448AF002B3FF445AF00210620DF
:1044F000904740E708F110054FF0FF334FF0FF32CF
:1045000028460DF0ADFDFFF777FD28460DF0AAFD1A
:1045100058F8283C002B3FF42EAF00210120C2E7C1
:1045200094F874327BB1012584F8895284F888525A
:10453000FFF7A4FD38B10E4A057405738260FFF7DA
:10454000F5FCFFF7EBFC58F8283C002B3FF413AFC9
:1045500000210A20A7E700BF30A20020801700201A
:104560000070024034A2002068A2002050A2002067
:104570009CA400200EF005FA05F070F904F03AFC56
:10458000FFF76EFDFFF738FD0EF0F4F9014804F077
:1045900075FDF0E69D41050038B5164D95F82440AF
:1045A0002CBB05F138000EF0C2FC204600F060FD87
:1045B00022460121E8612720E2F764FF0EF0DAF9D4
:1045C000FFF71AFD044610B9012385F824300A4B81
:1045D0001B680BB1FFF7A2FC4FF08043D3F83834CF
:1045E000DB0702D50020FFF76BFD204638BD002415
:1045F000FBE700BF30A20020381A0020074B93F8D9
:1046000024203AB193F82530002B14BF00206FF01E
:10461000120070476FF01200704700BF30A20020F8
:1046200038B5104B93F824300446C3B105782846BA
:10463000FFF744FC10B96FF0150038BD45722379BF
:104640008372638843602078618810F0080F02D17C
:104650004B1E0B42EFD10EF0E6FA0020EDE76FF0B3
:104660001200EAE730A2002038B5124B93F824205C
:104670000546CAB193F82530B3B1FFF71FFC0446D5
:10468000A8B1837A012B12D007D9023B012B07D99D
:104690006369A3610020E06038BD04F07BFFF7E7A9
:1046A000284604F0EFFEF3E76FF01200F4E76FF036
:1046B0001500F1E730A2002038B50E4B93F8242006
:1046C000054682B193F825306BB1FFF7F7FB68B16F
:1046D00015F008040AD1284604F0F6FE284605F035
:1046E0006DF9204638BD6FF01200FBE76FF0150042
:1046F000F8E700BF30A2002038B50C4B93F8242017
:1047000005460C4662B193F825304BB1FFF7D6FB56
:1047100048B144B1284604F0BDFE2070002038BDE9
:104720006FF01200FBE76FF01500F8E730A20020F1
:1047300070B5134E96F824300446C3B1FFF7BEFBA4
:104740000546B8B1230705D4204604F0BDFE204637
:1047500005F034F92B7A83B901232B7296F82530B2
:104760000BB9002070BD204605F0D4F8F9E76FF0D2
:104770001200F7E76FF01500F4E76FF07700F1E74C
:1047800030A200202DE9F043DFF8EC801E4698F8B7
:10479000243085B0074689461546002B61D098F82D
:1047A0002530002B5DD003065ED5FFF787FB04465E
:1047B000002859D0037A002B56D04FF0FF334FF02A
:1047C000FF3208F138000DF04BFCA37F4BB108F12C
:1047D00038000DF047FC6FF00A04204605B0BDE834
:1047E000F083A37AC5B13BB30123A3774FF0000850
:1047F00001A93846CDE90195CDF80C8004F080FC84
:104800001B4B984229D084F81E801EBB6FF0040415
:1048100018480DF027FCE0E7E27F02B1E577002BB6
:10482000E2D104F0BFFEB842DED004F0ABFE114886
:104830000DF018FC0024D0E7B8F80A30AB42F0D9EC
:104840006268B5FBF2F302FB1353002BE9D101239D
:10485000E377E6E7C6F80080D8E706B135600024C4
:10486000D6E76FF01204B8E76FF01504B5E700BFA4
:104870000000AD0B68A2002030A200202DE9F0411D
:104880001D46204B174693F824200E46002A33D0AD
:1048900093F8253083B3030631D401B97FBBFFF70A
:1048A0000DFB044658B3037A4BB34FF0FF33164861
:1048B0004FF0FF320DF0D4FBE3689F42B84628BFAB
:1048C000984646B93FB905B12B600F480DF0CAFBB9
:1048D0000020BDE8F081A169424630460EF0FBFFA2
:1048E000A3694344A361E368A3EB0803E360002DDD
:1048F000EBD0C5F80080E8E76FF01200E9E76FF051
:104900001500E6E730A2002068A2002070B51E4D19
:1049100095F82420034682B395F825206AB31B0638
:104920002ED4FFF7CBFA044650B3037A43B34FF0CB
:10493000FF334FF0FF3205F138000DF091FBE368D3
:10494000B3B9012663692677A361637F83B1FFF75B
:1049500095FB30B905F138000DF084FB6FF00B00CA
:1049600070BD067484600673FFF7E0FAFFF7D6FAAD
:1049700006480DF077FB0020F2E76FF01200EFE73A
:104980006FF01500ECE700BF30A2002068A2002005
:1049900010B5084B93F824300C462BB1FFF78EFA74
:1049A00028B10460002010BD6FF01200FBE76FF02B
:1049B0001500F8E730A20020014B1860704700BFD7
:1049C00030A2002008B5074B93F8243023B1FFF73D
:1049D00075FA20B1406808BD6FF01200FBE76FF078
:1049E0001500F8E730A2002013280ED8084A12F864
:1049F000103053B102EB4002527832B108684343A1
:104A0000002093FBF2F30B6070476FF015007047C6
:104A100058020700054B0122C3F8002590F88610C4
:104A200009B1DA6070471A605A6070470070004040
:104A300070B5087900F01F04072C86B023D80B78D6
:104A40000B2B15D8DFE803F007070707140614142B
:104A50000E10141204234A78032A18D0042A28D0EE
:104A6000314B06E00523F6E70623F4E70723F2E7D8
:104A70002E4B0593022304932D48002304AA4FF4E0
:104A80008251DFF791FE6FF0150006B070BD012571
:104A90004A8844F20A06B2423FD00CD844F20306D8
:104AA000B24216D044F20506B24234D0AAB3214B2A
:104AB000DFE70025ECE744F21406B2422FD044F2BF
:104AC0002806B2422DD044F20F06B242EFD10322A3
:104AD00000E00022C0F340101B0243EA005343EA07
:104AE000053343EA0243220102F1804202F5E0422B
:104AF0000020C2F81835230103F1804303F5E04399
:104B00008A79C3F81425C3F810050B4B4A7923445E
:104B100083F8A020B9E70122DCE70222DAE70422C9
:104B2000D8E70522D6E700BF9F02070080020700F2
:104B30009C470600C3020700E00200202DE9F04177
:104B400088B00D4602AF4FF0FF337A484FF0FF3286
:104B500005F0CAFC6E68731EFE2B0CD9764B7B6188
:104B600002233B617548002307F110024FF4825184
:104B7000DFF71AFE1BE00021714CDFF8ECC10A469A
:104B800026FA01F313F0010340D01CF80130C3B939
:104B90006C4688B002AA6B48C2E90501032142F8BD
:104BA000101F66484FF4C251DFF7FEFDA5466FF0B7
:104BB0001504604805F072FC20461837BD46BDE874
:104BC000F08104EB011895F811E0D8F81805BEF152
:104BD000000E18BF4FF0010E20F0807040EA0E600A
:104BE000C8F8180501F15100000101322350D2B27A
:104BF00001310829C4D12B7CA3F10801062916D85C
:104C0000DFE801F0201522150915130001F151000C
:104C100000012350ECE702234949012AC1F8F0358D
:104C20006B7C13D9A3B1484B99E70323F4E76C4697
:104C300088B002AA4549C2E90513032342F8103F90
:104C40000023AEE70023E7E70123E5E7082B1BD8A5
:104C5000C1F8F43529685300D9B9E96899421CD2E2
:104C60006C4688B002AA3A48D3610423C2E9050120
:104C700042F8103F314800234FF40151DFF794FD13
:104C8000A5466FF00B0494E76C4688B002AA314940
:104C9000D1E7898901FB0333DFE7294BA968C3F812
:104CA0002C16AC46C3F83026BCE80F002A4C04F1A1
:104CB00074060FC6DCF800303360002626672B68C8
:104CC000A4469BB30FCB04F1880585E80F00656708
:104CD000A4F8986050B3BFF35B8F5CE8003F4CE8EA
:104CE0000062002AF9D1BFF35B8F1C49D4F8880019
:104CF0001B4A4FF400458C463146E0FB05C10023BA
:104D00006046D1F709FC0022CDE90001002304F13F
:104D1000080006F0A5FA13484FF0FF324FF0FF33BA
:104D200005F0E2FB00B12067246F42E70A48FFF775
:104D300071FEF0E720030020EE0207009C4706000A
:104D4000007000400C0307004B0307002603070018
:104D5000A00307007D030700E00200203F420F0090
:104D600040420F00380300208003002010B50E4B96
:104D70000024C3F80441D3F80421C3F81041D3F848
:104D800010211222C3F804230720E2F74BFB22462E
:104D900001210720E2F776FB0448836C13B9403009
:104DA00005F07CFB002010BD00700040E0020020F8
:104DB00038B52F4BD3F80421002A4CD00022C3F879
:104DC0000421D3F804112B4C01219960C3F800256C
:104DD000636F2546D3B3D4F88C30B4F8982033B140
:104DE00004F174019847012814D0022828D0B4F89F
:104DF0009830B4F894209A4222D90133A4F898301C
:104E00001B4BD3F82C26D3F8341689B202EB41029F
:104E1000C3F82C26D4F8883023B9BDE838401548AB
:104E2000FFF7F8BDBFF35B8F55E8003F5A1E45E81A
:104E300000210029F8D1BFF35B8F012BEDDC38BDD9
:104E4000D4F8883013B10C480EF0D5FB0B48BDE800
:104E5000384005F023BBD3F810110029EFD0C3F878
:104E60001021D3F8102101229A601A605A60E6E7F7
:104E700000700040E0020020E8020020380300201B
:104E8000084B70B5C31A0D4607499B100446594399
:104E9000064840220DF063F92B4601462046BDE846
:104EA00070401847D4AA0020B76DDBB61C4006003E
:104EB00073B50C4C0C4A4023041B00930D460B4663
:104EC0000A49A4106143064609480DF074F9011E11
:104ED00005DA30462B4602B0BDE87040184702B0F4
:104EE00070BD00BFD4AA002021220600B76DDBB63A
:104EF0001C400600002270B5012104461046E2F76E
:104F0000C1FA0F4802F062FB0E4B984215D102F035
:104F10006DFB26690C49304607F059FE00280BDB73
:104F2000012535642469084904F11C0007F04FFE8F
:104F3000002801DBE564002070BD6FF00400FBE792
:104F4000814F05000000AD0BB88B060070B501461F
:104F50000C2309484B43C418D4E90E5640330022B1
:104F60001844A2630DF0E8F82DB132462B460348F1
:104F7000BDE87040184770BDD4AA00201C40060050
:104F800010B1012804D07047034B1B6C5B0701D1A3
:104F9000FFF7DCBF704700BFD4AA002008B54FF070
:104FA0002003EFF3118183F31288BFF36F8F124A4E
:104FB000136843F002001060DA0708D481F3118807
:104FC000BFF36F8F0120BDE8084002F027BB4FF010
:104FD0008043D3F80C24D3F80C34DB07EED5074814
:104FE0000DF0AAF881F31188BFF36F8F0020BDE8A0
:104FF0000840FFF7ABBF00BF24AB002014AB00207C
:105000007FB500220123CDE9022304ABCDE90433AF
:10501000094ACDF800D06B46CDF804D00DF0F9F870
:10502000002805DB4FF480420023684605F05CFA57
:1050300007B05DF804FB00BF4122060010B54FF039
:105040002003EFF3118483F31288BFF36F8F074AB5
:10505000136823F00201DB07116002D401200DF078
:10506000FEFB84F31188BFF36F8F10BD24AB0020CB
:10507000024AC3B21C2003FB00207047D4AA0020C0
:10508000094BBFF35B8F53E8002F42F0010143E867
:1050900000100028F7D1BFF35B8F930702D40120E3
:1050A00002F0BCBA704700BF24AB002010B54FF02F
:1050B0002003EFF3118483F31288BFF36F8F074A45
:1050C000136823F001019B07116002D401200DF049
:1050D000C6FB84F31188BFF36F8F10BD24AB002093
:1050E0002DE9F0413849BFF35B8F0746012251E8B3
:1050F000003F41E800200028F9D1BFF35B8F33B9AE
:10510000324933484B60CB608A6007F073FD7B1EE9
:10511000012B2BD8012F07D14FF08043D3F81C343B
:1051200003F00303012B21D00DF0E0FE0546F8B992
:10513000284B1B78E3B14FF080430222C3F80823C9
:105140000646DFF894804FF08044D4F81824D4F851
:105150001834D20316D503F00303012B01D0012F1D
:1051600010D15DB386F31188BFF36F8FBDE8F08176
:105170004FF02003EFF3118683F31288BFF36F8F94
:105180000125DEE7ADB13046E2F740FAD4F8183534
:10519000002BDAD1D4F80421002AD6D0C4F8043187
:1051A000D4F804310123C4F81835C8F88031A3605D
:1051B000CBE70021212005F0D7FDE7E74FF0804342
:1051C0000222C3F80423D1E7D0AA0020C0AA0020FD
:1051D000F0AA002019B3002000E100E008B507485C
:1051E0000DF0C7FD38B10648E2F784FB0448DEF74E
:1051F000A3FB002008BD6FF01200FBE78040060013
:10520000055205000A2838B5074D044604D1AB689D
:105210000D215B6828469847AB6803485B68E1B29C
:105220009847204638BD00BF804006004FF020035D
:10523000EFF3118283F31288BFF36F8F094BD3F81A
:10524000001161B10021D3F80805C3F80011D3F8AB
:105250000031C0B282F31188BFF36F8F70476FF0D7
:105260000A00F7E700D00040F0B5034610469C78EE
:1052700093F803C04FF02005EFF3118285F31288F5
:10528000BFF36F8F1F7893F801E0E41B04EA0C046E
:10529000A04288BFA0B23E180CEA06063D461E702A
:1052A00082F31188BFF36F8F0A188A4217D17745AE
:1052B0000DD14FF02001EFF3118281F31288BFF37B
:1052C0006F8F1978597082F31188BFF36F8F1B7934
:1052D000241AA34222BF064B01221A60F0BD5E19B8
:1052E0000135767901F8016B05EA0C05DDE700BFB1
:1052F00000D00040DB432DE9F04713F001050E46D6
:10530000144604D02348FFF7AFFFBDE8F087A2B3EF
:105310004FF02003EFF3118883F31288BFF36F8FF0
:105320000D20E2F7A1F807460D20E2F789F888F38F
:105330001188BFF36F8FDFF860A0DFF86080CAF8D4
:105340000051DAF800314FF400590123CAF8003057
:105350002546C8F88091DAF8003183B1FFF766FF7F
:10536000031EC8F88091F6DB013DADB27355002DE8
:10537000F1D117B10D20E2F755F82046C5E74FF0FF
:105380002003EFF3118083F31288BFF36F8FE2F7EE
:105390003DF9E0E758AB002000D0004000E100E01C
:1053A0002DE9F041124F0D46144607F1450814B996
:1053B0002046BDE8F0814FF0FF334FF0FF32384612
:1053C00005F092F8224629464046FFF74DFF064673
:1053D000384605F063F83EB94FF0FF324FF0FF3327
:1053E000044805F081F8E6E7A41BA4B23544DEE7E3
:1053F00028AB002040AB002038B5194C01221146E3
:1054000020460DF052FE0122002104F118000DF09B
:105410004CFE40F20743A4F848304FF0706323631A
:105420000C2384F8343000250E4B84F84550A4F842
:105430004650D3F8042542F00102C3F804250121A7
:10544000C3F80051D3F80021C3F804132A461960A9
:105450000D20E2F717F80D20E1F7E4FF284638BDEC
:1054600028AB002000D0004010B5FFF7DFFE002879
:1054700020DB174B93F8322093F8314093F8331028
:10548000141B31EA0404C0B20DD193F8472093F8FD
:10549000464093F84810141B31EA04040BD10D4B1D
:1054A00001225A600EE09C180132114084F8350048
:1054B00083F8321010BD9C180132114084F84A0064
:1054C00083F847100448BDE8104004F0E7BF00BF70
:1054D00028AB002000D0004040AB0020024B0B6006
:1054E00001231360704700BF7CAB00200048704769
:1054F0001C8C060080B500AF88B06A46084BD161AD
:10550000C2E90530042342F8103F064800234FF457
:105510000151DFF749F96FF01500BD4680BD00BFAE
:10552000290407006448060010B501221146074807
:10553000074C0DF0BAFDFBF725F90DF00BFA2060D2
:105540000DF004FA6060002010BD00BF84AB0020A5
:105550007CAB00204FF08042D2F81015D2F8103505
:1055600001F01E0123F01F030B4343F00103C2F8B7
:105570001035024B00221A70704700BFC1B20020E4
:105580004FF08053D3F83031082B20D14FF08042B8
:10559000D2F81015CB071AD5D2F8103501F01E013C
:1055A00023F01F030B43C2F81035D2F808315BB16A
:1055B000D2F8103523F01F030B4343F00103C2F868
:1055C00010356FF08B007047024B01221A700020DB
:1055D000704700BFC1B20020F8B504460DF0B6F91F
:1055E000237B05460BB1FBF7E3F8134F0026FFF7CB
:1055F000C7FFE8B9606802F0B5FCA3685B1BA36055
:1056000063682B4463603B780BB1FFF7A3FF237BF8
:1056100001363BB9A368002BE9D1A068003818BF58
:105620000120F8BD3046D3F76BFB0028F2D0F4E739
:105630006FF08B00F5E700BFC1B2002070B5037BAF
:1056400004460BB1FBF7B4F8194E0125A368032BF0
:1056500006D8184AD2F80034DB07FBD5002070BD0D
:10566000FFF78EFF08BB23686068196802F09AFC98
:1056700033780BB1FFF76EFF636804336360236810
:1056800004332360A368043BA360237B0135002B14
:10569000DCD02846D3F734FB0028D7D0054AD2F80F
:1056A0000034D907FBD50120D9E76FF08B00D6E78E
:1056B000C1B2002000E001402DE9F04186B000AF0A
:1056C0000E4615460DF042F92946804630460CF04C
:1056D000CBFD0346C8B3B6FBF8F308FB136323B94D
:1056E000B5FBF8F408FB1454BCB16C4688B06A46AC
:1056F000274BD561C2E90536042342F8103F002349
:1057000024484FF40151DFF74FF8A5466FF0150418
:1057100020461837BD46BDE8F081A845F8D84FF0BF
:10572000FF334FF0FF321C4804F0DEFEFBF73CF87D
:1057300007F10803014698B9102218460EF0D9F86F
:10574000C7E90365FFF748FF1CE06C4688B06A466E
:105750001249D561C2E90516042142F8101FCFE7AE
:105760001022214618460EF0C4F801223A750C4A60
:10577000C7E90365C7E900200A48FBF70DF838467A
:10578000D3F742FA0446044804F088FEC0E700BF9D
:10579000460407006448060084AB00202904070083
:1057A000D9550500645E0100F0B50D4687B0194675
:1057B00000AF28461C4616460CF056FD0346A8B915
:1057C0006E4688B06A462549D461C2E905150421B0
:1057D00042F8101F22484FF40151DEF7E5FF6FF049
:1057E0001504B54620461C37BD46F0BD45EA040306
:1057F0009B070BD06E4688B06A461A4BD461C2E94B
:105800000535042342F8103F0023E3E7002CE9D0DC
:105810004FF0FF334FF0FF32134804F065FEFAF704
:10582000C3FF0346C7E9026507F108003C6183B185
:1058300001233B750D4BC7E9003041F64C50FAF798
:10584000ABFF3846D3F7E0F90446074804F026FEDC
:10585000C8E73B75FFF7F2FEF6E700BF2904070033
:10586000644806006504070084AB00203D5605002F
:1058700030B54068057B01F01F04B2F5001F85B00C
:1058800044EA451405D120460DF056F8002005B035
:1058900030BD0025B2F5800FCDE9025514D1B3F12A
:1058A000007F0CBF042305238DF808300023194620
:1058B00002AA204602F07AF8234B98423DD10121FA
:1058C000204602F00FFAE1E7B3F1C06F27D0B3F141
:1058D000007F14BF012302238DF80830836823FA68
:1058E00001F111F00101E1D1B2F1A07FDED104F0AC
:1058F0001F03620903F5E07313D0012A20D1134A74
:1059000052F82330DB07D1D40DF107052946204694
:1059100002F082F90E4B984206D00395C6E70323A6
:10592000DAE74FF0A042EBE7284602F0D5F9064B44
:105930009842F2D06FF00B00A9E76FF01500A6E7D0
:1059400051F82330FFDE00BF0000AD0B0003005014
:105950000400AD0B10B502F0AFF9044668B902F0CF
:1059600073F9084B98420AD10748214602F04EF9D4
:10597000224605210620E1F785FD002010BD6FF0CD
:105980000400FBE70000AD0B8D590500420970B51E
:10599000034602D0012A17D070BD0D4E32695168FE
:1059A0000029F9D003F01F0301250C689D40002950
:1059B000F2D08A682A4002D04B68304698472CB112
:1059C000236821461C46F2E7024EE7E72346F8E744
:1059D00044400600304006002DE9FF4147683B7B0C
:1059E00001F01F0545EA43150E4628460DF1070153
:1059F000144602F011F914F4403F80460DD12846B8
:105A00000CF098FF3D4B984503D19DF8070002F03C
:105A10005DF9002004B0BDE8F0810023194602AA18
:105A20002846CDE9023301F0C1FF344B984214D12E
:105A3000804503D19DF8070002F048F9A3034ED535
:105A400040F206332340B3F5837F1AD00DD8062BDE
:105A500018D005D8B3B1022B33D06FF01500D9E7B9
:105A6000B3F5807FF9D101230CE040F2022293428A
:105A700029D0B3F5407F28D0B3F5007FEDD10223C4
:105A800000E007238DF8083084F48033C3F300432B
:105A9000E0068DF8093054BFC4F3401303232103FB
:105AA0008DF80A3013D57A680123B340C2F808355F
:105AB000002202A9284602F031F8104B9842A8D0E3
:105AC000CBE70423DEE70523DCE70323DAE7620301
:105AD00041BF01237A68B340C2F80C35E8E7E3061A
:105AE0004FF0000354BFC4F3401403241A4602A924
:105AF00028468DF8084001F059FFDEE70000AD0BA5
:105B00000B680068C01A024B80105843704700BFF2
:105B1000CDCCCCCCD0E90001014B0C220DF028BF3C
:105B2000015B05002DE9F04F83B000AF01F40003E5
:105B300006460C4600257B60B368AB4202D84FF0A6
:105B4000000B39E0D6F804900C2303FB05F809EBB1
:105B5000080A59F808009AF8041083680269D3F813
:105B600018B0BBF1000F2ED07B6853B3126801232D
:105B70008B40134225D084F0C06202F0C06302F073
:105B8000B072D847834608B359F808309AF8041021
:105B90001B686C468AB06A460D48D36140F20133F7
:105BA00013840C4BC2E9050142F8103F0A484FF438
:105BB00011510CF096FCA54658460C37BD46BDE881
:105BC000F08F2246D9E76FF0570BDDE70135B3E7D9
:105BD000C304070004000001244906002DE9F8432E
:105BE000064600AF884600254FF00C097368AB42AB
:105BF00001D8002418E03068414609FB05000CF08C
:105C000054FC0446A0B16E468AB06A46094BC2E90C
:105C100005350523C2E907804FF4215142F8103FB2
:105C200005480CF05EFCB5462046BD46BDE8F8834D
:105C30000135DBE7F2040700244906002DE9F04FA7
:105C400087B0D0F81080456800AF82464FF0000B57
:105C50006B685B4537D80026B3462B69B34200F228
:105C6000F380DAF81000BBF1000F00F0F580DAF8ED
:105C700004309A69D0E91231D31841EBE271C0E9DE
:105C80001231C90341EA534140F2E732DB0300F12C
:105C90001004981841F10001B0F57A7F71F100030A
:105CA000C0F0D5804FF47A720023D0F735FC6FF046
:105CB0000102121A4FF0FF3363EB0103204604F098
:105CC0008BFD002464E02E680C2303FB0B6601218E
:105CD00030460CF0EAFB044688B16D4688B0B368E4
:105CE0006A466449D461C2E90513042342F8103FAF
:105CF00061484FF401510CF0F4FBAD4648E0C7E9B0
:105D0000040005F10803BB60D8F80830A3420CD8A2
:105D1000002130460CF0C9FB044600284DD06D46EA
:105D200088B0B3686A465549DCE7D8F8042095F88E
:105D30002090D6F808C0D5F810E00C236343D018A3
:105D40008168B9F1000F28D10EFB01C907F11001DC
:105D5000C7E900230CF07CFB031EFB60D7E900239E
:105D60001EDAD3586C468AB01B686A4644494248DA
:105D7000C2E90513FB68D3614FF400731384414BF0
:105D800042F8103F4FF411510CF0ABFBA546FC68F4
:105D900020461C37BD46BDE8F08F0EFB0C19D5E739
:105DA000D8F85000BB68AA6914BF0121002100EB9C
:105DB00049000CF09DFF0134A6E70BF1010B47E70A
:105DC000D8F8502009FB036302EB43031846FB603D
:105DD0000CF0C6FF30B3F8680CF0BEFF031E2A4A71
:105DE000BB602A4B6C468CB00CBF114619466A4604
:105DF0002748284B5361C2E9089140F203511185AD
:105E00002549C2E9060642F8101F1B484FF45451B9
:105E10000CF067FB4A46A546BB68D8F80C403146F3
:105E20005046A047BBF1000F0CD1F8680CF08CFF76
:105E300000F0010B09F10109D5E904324A45BFD848
:105E400001360AE70120F3E74FF00009F4E76FF0AD
:105E500001024FF0FF3331E74FF09861FFF762FE28
:105E600000287FF42EAFDAF804000121FFF7B6FE18
:105E700027E700BF1805070024490600560507005C
:105E80003B050700040000011405070085F7060024
:105E9000C60607007B050700060000012DE9F04F4C
:105EA00083B00569DFF81CB20446284600AF40F80D
:105EB000044BFFF72FFE774905F110000DF0BCF9F8
:105EC000D4F810900026D9F80830B34220D90C2518
:105ED000D9F804A075430AEB05085AF805000CF040
:105EE00048FF002846D15AF805306D4688B01B6837
:105EF0006A466949C2E905134FF400739383674BFF
:105F000042F8103F4FF4E25165480CF0EAFAAD4612
:105F10006668DFF8B0A100257368AB4221D90C2375
:105F2000D6F8009003FB05F809EB080B59F80800B8
:105F30000CF01FFF00287BD159F808306D4688B05F
:105F40001B686A465449C2E905134FF400739383F2
:105F5000524B42F8103F4FF4E25151480CF0C1FA55
:105F6000AD4660680021FFF739FE00200C37BD46C2
:105F7000BDE8F08F4FF4803140460CF081FA98F87C
:105F8000041090B15AF805306D468AB01B686A4615
:105F90004448D36140F201331384434BC2E9050105
:105FA00042F8103F4FF41151AEE75AF80520C7F8F8
:105FB00004D08AB010686A463C4B53613C4B106277
:105FC000C2E9063140F202419184354842F810BFDF
:105FD0004FF434510CF085FAD8F808002269DFF844
:105FE000E8E0126CD7F804D0010102EB0010545025
:105FF00098F804C0012202FA0CF3C0E902E3011D83
:106000005AF805008368DB696BB1984770B16D463B
:1060100088B06A46274BC2E90530032342F8103F97
:106020004FF4C25170E76FF05700F0E701364AE7CE
:106030004FF4003158460CF023FA59F808309BF819
:1060400004101B6878B16D468AB06A461A48D3615D
:1060500040F201331384144BC2E9050142F8103FAA
:106060004FF4115179E7EB468AB06A461348506104
:106070001348136240F20243C2E9060193840848C0
:1060800042F810AF4FF434510CF02BFA0135DD46D5
:1060900042E700BFE92406009F0507000300000156
:1060A00024490600B505070004000001E0050700CB
:1060B000A906070006060700380607006406070061
:1060C0008B060700050000010F2506002DE9F041B1
:1060D00045682B6800AF73BB6C4688B001686A46A0
:1060E0001648C2E905014FF400719183144942F842
:1060F000101F14484FF4E251DEF756FB6FF0120008
:10610000A546BD46BDE8F081D5F80480260158F8C3
:1061100006000CF02EFE034638B958F806206C46EF
:1061200088B011686A460848DBE701342B689C4256
:10613000EADB0020E5E70024F8E700BFDE06070001
:10614000030000018C480600090707007FB5084BD3
:106150000593022304930748002304AA4FF48251B5
:10616000DEF722FB6FF0850007B05DF804FB00BF8F
:10617000320707001C490600B0B5446800AF054669
:1061800020680CF0F6FD68B1E06838B994F8221088
:106190000023DAB291421ED800201AE00CF0E9FD8B
:1061A0000028F3D123686C4688B01B686A461849FA
:1061B000C2E905134FF400739383164B42F8103F66
:1061C000154800234FF4E251DEF7EEFA6FF01200AB
:1061D000A546BD46B0BD626AD25C032A03F1010345
:1061E000D7D96C4688B02B686A460C49C2E90513BA
:1061F0004FF400739383074B42F8103F0648002387
:106200004FF4E251DEF7D0FA6FF01500A546E0E753
:1062100052070700030000011C4906006A07070037
:10622000036803F01F025B09026004D0012B0348DE
:1062300018BF002070474FF0A04070470003005087
:106240002DE9F74F454E9046074600EB8101B942D4
:1062500003D1002003B0BDE8F08F3D6805F07F0456
:106260007F2C08BF4FF0FF34B5F5D01F4FEA154320
:1062700007D2152B08D8052B13D0062B45D0042B9D
:1062800009D06FF08500E5E7173B022B44D8DFE823
:1062900003F0595C5F00621CC8F808455BD1043705
:1062A000D5E7631CC8F80C45F9D04FF0010901A8E7
:1062B0000194FFF7B5FF019B4FF0010A0AFA03F3BF
:1062C000C0F80C35D7F800B001940BF40053002B44
:1062D00001A81CBF4FF001094FF0000AFFF7A0FF13
:1062E000019B00EB8300C5F34323D0F80027CBF3D9
:1062F000C11B1B0243EA8B0343EA0A0332401343E8
:1063000043EA4903C0F80037C9E7601CC8F81045E4
:10631000C5D04FF0000913E0C8F86045621C3B6827
:10632000BDD0C3F38033002BBFD001A80194FFF789
:1063300077FF019B4FF0010909FA03F3C0F8083514
:10634000CA46BFE7C8F86445E8E7C8F86845E5E726
:10635000C8F86C45E2E74FF00009A8E7F0F8FCFF49
:10636000036803F01F025B09026004D0012B03489D
:1063700018BF002070474FF0A04070470003005046
:1063800002480021C2E90001002070470024F40007
:106390002DE9F04383B045680669D5F8388000AF31
:1063A00004463A1D002140460CF096F9002858DBBF
:1063B0007B68D8F8002019791868FFF741FF00289A
:1063C0004FDB4FF0000949464FF001082B6801F5FB
:1063D000AC7253F82230002B10DB7B60381DFFF7C6
:1063E000BFFF7A68D0F80435D34013F0010318BF1B
:1063F00008FA01F349EA03035FFA83F9013104293A
:10640000E4D102360023012101FA03F212EA090F56
:106410000CBF012200220133D203042B26F8022FE5
:10642000F2D100231A4605F10801284601F006FFC3
:106430000F4B984219D023686C4688B06A460D49C4
:10644000C2E905134FF4007393830B4B42F8103FDE
:106450000A4800234FF4E251DEF7A6F96FF00F006F
:10646000A5460C37BD46BDE8F0830020F9E700BF24
:106470000000AD0BCA07070003000001CC4806006E
:106480002DE9F04186B000AF0329B7F830C0456868
:10649000046916460CF0010C10D96C4688B06A46A7
:1064A0005A4BC2E90531032342F8103F58480023F4
:1064B0004FF4C251DEF778F9A5461FE0AA7F012A02
:1064C0004FF0010804BF5B08760808FA01F8002BBA
:1064D00075D09E4243D92068227B864223D032EA7F
:1064E000080211D04B4B7B6102233B6148480023DB
:1064F00007F110024FF48251DEF756F96FF01500E4
:106500001837BD46BDE8F0813046B0F5004F1AD2CD
:10651000266062732E6895F81EE0C6F80C25C6F852
:1065200004E5C6F80805627BD3409BB2BCF1000FBE
:1065300001D143F4004304EB41018B80237B43EA08
:106540000803237331E00132082A4FEA5000DCD1FE
:106550006C4688B06A46304BC2E90536A3E74B006B
:10656000234401F5AC71BCF1000F11D047F6FF7266
:106570009A802B6853F82130002B11DB3B603846A2
:10658000FFF7EEFE3A6801239340C0F80C3507E0B0
:106590004FF6FF729A802B6853F82130002B1BDADC
:1065A000217B21EA0801217301B3A37B2BBB0023CC
:1065B000012205F12801284601F066FE1BE04A0091
:1065C000224401F5AC71BCF1000F01D09380E2E7E9
:1065D0004FF400439380CCE73B603846FFF7C0FEA2
:1065E0003A6801239340C0F80835D9E7284601F0FE
:1065F00089FE0123A373002082E70023A3732846AA
:106600000CF02CFA0028FAD0D1E700BFEA07070007
:10661000CC480600FF07070014080700014B0122C1
:106620001A60704700C000400C2903690BD1DB6A77
:10663000064907484B4393FBF0F100FB113311600F
:106640005360002070476FF08500704790D00300C2
:1066500040420F00044B00690022C3F80021D3F828
:10666000003103F01BBF00BF00C000407FB50569CB
:106670002B6B63B33A2901D00C292BD105F11806F5
:106680004FF0FF324FF0FF33304603F01DFE134B47
:106690000193286B0323002469460394029306F0B8
:1066A000A9FA4FF0FF324FF0FF33284603F01CFFEA
:1066B000286B06F0F7FA0A4BD3F80825EA620122A4
:1066C0005A60304603F07AFE204604B070BD6FF089
:1066D0000A00FAE76FF08500F7E700BF1D660500C6
:1066E00000C0004010B504690020FEF7C1FC206323
:1066F0004FF0FF32002120460CF0D7FC04F11800C7
:106700000CF015FC002201210C20E0F7BBFE0C2050
:10671000E0F788FE024B0122C3F80423002010BDDD
:1067200000C000402DE9F04387B045680669D5F800
:106730003C8000AF3A46002140460BF0CDFF041EDE
:106740001EDB3B68D8F8002019791868FFF778FD40
:10675000041E15DB286C441C25D000F067FB10F1EB
:10676000130F044611D1364B7B61022335483B6140
:1067700007F110024FF482510BF0D9FF6FF01204B1
:1067800020461C37BD46BDE8F083411D0BD12E4B82
:106790007B6102232B483B6107F110024FF48251C9
:1067A0000BF0C5FFECE76B6B9847B5684FF001083D
:1067B000D6E9023203EBC2039D4204D330460BF00C
:1067C000CDFF0024DCE728680CF0D3FAB0B92B68C1
:1067D0006C468AB019682B796A461C48D3614FF41D
:1067E000007313841A4BC2E9050142F8103F1548A3
:1067F0004FF411510BF09BFFA546BFE7286829799C
:10680000EB88D0F810C0D0F80890DCF80040DA0728
:1068100054BF43F4B01383F4D01323F4801208FA66
:1068200001FEDB074CBF44EA0E0424EA0E04CCF858
:106830000040D9F800309847041EA1DB0835B7E7BF
:106840006C080700EC48060097080700B40807002A
:1068500004000001F0B504694768A56D236E85B09A
:1068600006463DB96BBB1946306905B0BDE8F0403E
:106870000BF09EBF616D03BB31BB3A8F636D00911E
:10688000AA4228BF2A46A2661BB1A36D002B18BFDF
:1068900013460193E36D02931BB1236E002B18BFC7
:1068A0001346002269463846039301F0A3FF0E4BBE
:1068B000984217D06FF00401D6E79D4228BF1D46CD
:1068C000DAE7616D1D46D8E701F06043B3F1005F80
:1068D000D3D0082D28BF0825206F2A460CF0FBFFD7
:1068E000216FCAE705B0F0BD0000AD0B10B503780D
:1068F00086B00C46002B5ED18A6E42B94B6E186989
:106900006FF0730106B0BDE810400BF051BF8B6D06
:106910005BB19A421ED9294B05932948022304AA48
:106920004FF4825104930BF002FF236EA26E5BB111
:106930009A4227D9214B05932148022304AA4FF4F8
:10694000825104930BF0F3FE606E06B0BDE8104078
:10695000FFF780BF9B1A8B6573B94B6C08334B6490
:106960008B6C013B8B6401F1580204F14400483107
:106970000BF0CAFE6065D8E74B6D002BD5D01344F1
:106980004B65D2E79B1A23667BB9E36C0833E3645B
:10699000236D013B236504F1600204F1500104F111
:1069A0004C000BF0B1FEE065CEE7E36D002BCBD0E1
:1069B0001344E365C8E706B010BD00BFD808070060
:1069C000EC4806002DE9F04F8FB000AFC7E9023266
:1069D00043687B608B8804699A048046894639D471
:1069E0004FF0FF324FF0FF3304F1100003F07CFD55
:1069F000C4F80490D8F804B0D8F810A0DBF8083038
:106A00003B609AF86D3023B1DAF80030994500F018
:106A10002E81B9F804E01EF4006F22D0774B7B6220
:106A2000022377483B6207F120024FF482516FF056
:106A300085050BF07CFE23689B8813F4005304D17A
:106A4000636004F1100003F029FD28463C37BD4681
:106A5000BDE8F08FA369002BC2D163689942BFD112
:106A6000C8E71EF0010F16D06D4688B0D8F8003088
:106A70006A4664496248C2E905134FF40073938380
:106A8000614B42F8103F4FF4E2510BF050FEAD461F
:106A90006FF01505CFE71EF0080F0BD05B4B7B6244
:106AA000022357483B6207F120024FF482510BF05A
:106AB0003EFEEDE7CEF34513082B01D0544BEEE735
:106AC000D9F800C0534B9C4501D8534BE7E70BF175
:106AD0000C060FCE07F110050FC50FCE0FC53B6892
:106AE000634528BF63469C4696E803004B4B9C4594
:106AF00085E8030017D24A4B9C4514D2494B9C456C
:106B000011D2494B9C455DD8484B9C455CD8484BBD
:106B10009C455BD8474B9C455AD84749474B484A08
:106B20008C4588BF13461EF0020F7B620EF00403F3
:106B300050D0002B14BF0323022387F82830CEF354
:106B4000001387F82930DBF80030D3F80835002B24
:106B500013DB1EF0020F03F01F00CEF340014FEADB
:106B600053134FF001023CD1002B37D0934240F039
:106B70003081344B8240C3F80C259AF86D302BB12C
:106B8000584601F0E9FD00238AF86D3053462E4A3D
:106B900007F11001584601F0ABFD2C4B984261D033
:106BA0006D4688B06A462A4BC2E90530032342F895
:106BB000103F13484FF4C2510BF0B9FDAD466FF0D2
:106BC000040538E7234BAEE7234BACE7234BAAE79A
:106BD000234BA8E7003B18BF0123AEE74FF0A043CB
:106BE000C8E73BB1012B40F0F780164B8240C3F859
:106BF0000825C2E74FF0A043F8E700BFF6080700FA
:106C0000EC480600100907000300000132090700E4
:106C10005109070047E80100800907000048E80122
:106C20000024F40000127A00FF083D007F841E005B
:106C30003F420F001FA107008FD0030048E801006A
:106C400090D0030000030050ED6805000000AD0B7C
:106C5000B109070000093D0080841E0040420F007A
:106C600020A1070001238AF86D30CAF800900123A3
:106C700084F86C307B68186C431C0ED00BF0B4FDAC
:106C800074300AD1564B7B62022356483B6207F1AF
:106C900020024FF484510BF04AFDFB68002B74D1A5
:106CA00063640023A36404F1580204F1480104F171
:106CB00044000BF029FDBB686065002B6DD1E364D7
:106CC0000023236504F1600204F1500104F14C003B
:106CD0000BF01AFDE06520680023236448B1836847
:106CE0003BB1012108300BF025FD236818690CF039
:106CF0003BF84046FFF7AEFD0022A06C13468342EE
:106D000053D10023256D1946A94255D193422646F9
:106D100038BF13464FF4FA5202FB03F556F8283BEE
:106D20004FF4004C1B68B5FBF3F540F2E730C83573
:106D300000214FF47A720023E5FB0C01CFF7ECFB46
:106D400002460B46304603F0CFFB00283BD0264BD3
:106D50007B62022323483B6207F120024FF48251F9
:106D60000BF0E5FC00257868A56601F0F5FC84F8D9
:106D70006D50D8F810006FF073010BF019FD30461C
:106D800003F0DAFB6FF0730555E6FB681B6863647C
:106D9000002B86D0FB685B6884E7BB681B68E364F4
:106DA000002B8DD0BB685B688BE7616C01EBC30186
:106DB000013349680A44A2E7E06C00EBC1000131ED
:106DC00040680344A0E7256C15F1740F7FF433AEDF
:106DD000C8E7C1F80C15FFDE0023C3F80835FAE751
:106DE000D8090700EC480600020A070000F01F025D
:106DF00040090DD001280ED10A4B03EB82030A4A49
:106E0000D3F80007024042EA8102C3F80027704726
:106E10004FF0A043F1E702F5E072002353F822306F
:106E2000FFDE00BF00030050F0F8FCFF30B585B076
:106E300001238DF80430054602230DF107008DF87B
:106E40000830039000F048FF0C4B984204460FD1E5
:106E5000002302AA01A9284600F0A8FDA0420AD0FA
:106E60009DF8070000F032FF6FF0040005B030BD60
:106E70006FF01200FAE70020F8E700BF0000AD0B4A
:106E800070B5012383400E4ABFF35B8FDC4352E8A9
:106E9000001F01EA040542E80056002EF7D1BFF3B7
:106EA0005B8F4FF4803282400648C0F80823BFF35E
:106EB0005F8FBFF36F8F0B4214BF0120002070BDA6
:106EC0004CAC00200010014070B40E49D1E90034F0
:106ED000D01AC31844F1000422F07F46C1E90034FF
:106EE000A6F50013B3F5400F09D2074B1B681A0A29
:106EF0001B069C19054B42F10005C3E9004570BC17
:106F000004F0B8B8F06C002050AC0020F86C002001
:106F100011B3BFF35B8F0123104A834052E800CFC7
:106F20004CEA030C42E800C10029F7D1BFF35B8FA4
:106F30000B4A4FF480338340C2F80433094BBFF34C
:106F40005B8F1B68BFF35B8FC340DB0742BF064B01
:106F50004FF40032C3F80021704700BF4CAC002052
:106F60000010014048AC002000E100E00D4B186823
:106F7000010A0006BFF35F8F0B4BD3F804351818D6
:106F800041F10001B3F5801F0AD2084BD3E9002379
:106F9000904271EB030303D210F1807041F10001C4
:106FA000704700BF50AC002000100140F86C00207A
:106FB0002DE9F04F85B016461F469DF840A00446C7
:106FC000FFF75EFF0190FFF7D1FFB04271EB0703BF
:106FD00054D23E4B301A67EB0101984271F1000127
:106FE0004FD23B4B03EB0413D3E902239F4208BF6C
:106FF00096425ED037494FF4803804F1500508FAC4
:1070000004F8AD00C1F848832046ADB20BF014FC83
:1070100026F07F4B05F1804504F5A87305F588350A
:10702000DC464FF003090293029A2CF07F4341F8AB
:107030002230C1F84483D1F80435274A6FF00200AA
:10704000C01A604420F07F40904232D9286868B16D
:10705000D1F804350393A3EB0B0020F07F40B0F58B
:10706000000F26D920460BF0E7FB039BBAF1000F77
:1070700007D109EB030C09F10109D5E7BAF1000FBB
:1070800009D06FF0150520460199FFF741FF28460A
:1070900005B0BDE8F08F0123104ABFF35B8FA3401A
:1070A00052E8000F184342E800010029F8D1BFF36D
:1070B0005B8F07490E98230101EB0412C8500F9B08
:1070C0005360C2E902670025DDE700BF01008000D0
:1070D000E06C002000100140FDFF7F0048AC002064
:1070E0007FB51C4C1C4BC4F80833C4F848331B4B09
:1070F00000254FF0FF304FF0FF31C4F80855C3E9C9
:1071000002014FF48033C4F80433154B02264FF4C8
:1071100000320121C4F804631120C3F880212A46FB
:10712000E0F7B0F91120E0F77DF90E4A0123A360E2
:10713000236013600C4B0D4A0093CDE901550023E9
:107140002846FFF735FF3046FDF7CAFF284604B052
:1071500070BD00BF0010014003000F00E06C002074
:1071600000E100E04CAC0020C96E0500FFFF7F008D
:107170002DE9F7432F4CD4F8043399070BD5D4F8F5
:10718000043143B12C4A0023C4F80431D4F804314B
:10719000136801331360D4F80433DA032AD5BFF33C
:1071A0005B8F264B53E8002F22F0010143E80010CB
:1071B0000028F7D1BFF35B8FD30702D4D4F8403156
:1071C000C3B10025C4F84051D4F84031FFF7CEFEDA
:1071D0004FF02003EFF3118283F31288BFF36F8F18
:1071E000174BD3E90267B042B94106D282F3118846
:1071F000BFF36F8F03B0BDE8F0834FF0FF384FF05F
:10720000FF39C3E90289D3E900101D604FF48033D0
:10721000C4F84833C4F84051D4F8403182F311889F
:10722000BFF36F8F0029E5D0009032463B462846D9
:107230008847DFE70010014050AC002048AC002038
:10724000E06C002030B5431C124C85B005D0844260
:10725000A8BF0446012CB8BF0124FFF787FE0E4BE0
:107260000C4DD3E90013401AB0F5000F10D22218CC
:10727000AA4228BF2A4652184FF000000749009141
:10728000CDE9010043F10003FFF792FE05B030BDE8
:107290002A46F0E7FFFF7F00F06C0020C96E050072
:1072A00008B5FFF763FE024B1B68C01A08BD00BF9C
:1072B000F06C002010B5084C012363601120E0F74A
:1072C000BFF8064BC4F80833C4F84833044B4FF4F6
:1072D0000032C3F8802110BD0010014003000F00F0
:1072E00000E100E04FF08053D3F83021082A06D1A6
:1072F000D3F83431052B02D8024AD05C7047002005
:10730000704700BF490A070008B54FF08053D3F813
:107310003021082A4ED14FF080420021C2F80C11D2
:10732000C2F81011C2F8381502F54042D3F804141F
:10733000C2F82015D3F80814C2F82415D3F80C1499
:10734000C2F82815D3F81014C2F82C15D3F8141469
:10735000C2F83015D3F81814C2F83415D3F81C1439
:10736000C2F84015D3F82014C2F84415D3F82414F9
:10737000C2F84815D3F82814C2F84C15D3F82C14C9
:10738000C2F85015D3F83014C2F85415D3F8341499
:10739000C2F86015D3F83814C2F86415D3F83C1459
:1073A000C2F86815D3F84014C2F86C15D3F8443409
:1073B000C2F87035FFF796FF18B12B4B2B4AC3F874
:1073C0008C26FFF78FFF18B1294BFB22C3F8182535
:1073D000FFF788FF70B14FF080414FF08053D1F834
:1073E000E42ED3F8583222F00F0203F00F031343B8
:1073F000C1F8E43EFFF776FF20B11E4B4FF4007258
:10740000C3F840264FF08053D3F83031082B09D110
:107410004FF08043D3F80024D20744BF6FF001023D
:10742000C3F80024144AD2F8883043F47003C2F839
:107430008830BFF34F8FBFF36F8F4FF08053D3F877
:107440003021082A0ED1D3F83431052B02D80B4A4B
:10745000D35C3BB14FF01023D3F808224FF08043A8
:10746000C3F8582508BD00BF005000404881030004
:1074700000F000400090024000ED00E0430A0700E9
:1074800030B50468CCB1BFF35B8FB4FA84F3C3F1B9
:107490001F03DBB201229A4024EA020250E8005F97
:1074A000A54204D140E8002CBCF1000FF6D1BFF397
:1074B0005B8FE6D102480B7030BD0248FCE700BF8D
:1074C0000000AD0B0200AD0B10B50368CB40DB072D
:1074D00014D401238B400268BFF35B8F43EA02019F
:1074E00050E8004F944204D140E8001CBCF1000F6A
:1074F000F6D1BFF35B8FEED1014810BD0148FCE728
:107500000000AD0B0400AD0BF7B5044618B101281F
:1075100023D003B0F0BD4FF080430222C3F808230C
:107520000122DA60C3F80401D3F8043106460123CE
:107530008DF8073042F210754FF08047D4B1012C1E
:10754000E7D1D7F80C3403F48033AEBB83B301200A
:107550000BF083F9013DF4D12AE04FF08043002283
:10756000C3F808035860C3F80021D3F800310DF1C7
:107570000706DCE7D7F8183403F480333EB9002B54
:10758000C7D001200BF069F9013DF3D1C1E7D7F86D
:10759000182402F003023260002BBAD09DF80700D5
:1075A000012803D10BF059F9013DC7D1012CB0D10D
:1075B000054B00225A71ACE7D7F80C2402F0010207
:1075C0003270002BEAD1F3E754AC0020044B1A7957
:1075D00022B9012218609A80024870470248704719
:1075E00054AC00200000AD0B0C00AD0B08B5094BEE
:1075F0001B682BB10020DFF737FF08B9DFF712FF58
:107600004FF080430022C3F81825034B01221A7063
:1076100008BD00BF54AC002012B3002010B510B15B
:10762000012843D010BD4FF08043D3F81814D3F88D
:107630001824C80321D502F00303012B04D013B191
:107640000020FFF761FF00234FF080420220C2F8C4
:10765000183508224FF4827303F18043002119602A
:1076600002F180421C6801241460154A12680AB3B2
:107670004FF08043C3F80403D4E7D3F81424D107B0
:10768000E1D5D3F81C249207DAD40D4A12681AB156
:107690000222C3F80423C5E7D3F80421002AFBD053
:1076A0000022C3F80421D3F80431BBE700224FF4D1
:1076B0008073D1E71A68002AFCD019601B68B1E713
:1076C00054AC002010B54FF08043D3F800216AB1CC
:1076D0000022C3F80021D3F800210122C3F80823B7
:1076E000114B587910B95A711B6898474FF0804375
:1076F000D3F8042172B10022C3F80421D3F8042185
:10770000D3F81824D3F81824920704D10122C3F81F
:1077100018259A6010BD0222C3F80823024BBDE869
:1077200010401B680120184754AC0020036803F088
:107730001F025B09026004D0012B034818BF002020
:1077400070474FF0A040704700030050034A4309C0
:1077500000F01F00D35C1844C0B270474F0A070006
:1077600070B50546FFF7F2FF0C4C08300E4634F8B2
:107770001030DA0508D5C3F3432304EBC3022846CF
:1077800054F8333052689847A3682BB1E268314609
:107790002846BDE87040184770BD00BFB4130020F4
:1077A00010B5FFF7D3FF124A083032F81030D90570
:1077B0001CD5C3F3432123F4F85322F8103002F10F
:1077C0000E04002034F8023F13F4807F03D0C3F38B
:1077D000432399420AD001303028F3D1002342F8E4
:1077E00031300448BDE81040FFF76EBE10BD00BF49
:1077F000B41300202C14002008B5FFF7A7FF034B9B
:10780000083033F81000400B08BD00BFB41300204F
:1078100008B5FFF79BFF034B083033F81000C0F3A7
:10782000401008BDB4130020034611F0010010B54C
:10783000CCB20DD1A207C4F3400012D5094AD2F848
:1078400020055860C2F82005003818BF012008E064
:107850004FF0A041D1F820251A60C1F82025002A58
:10786000E8D010BD00030050F0B5054600200446E6
:10787000012607468C420BD1114BD3F87C2132B143
:107880000022C3F87C21D3F87C3140F00040F0BDE9
:10789000E3B29B0003F580729B0806FA03F31D42D6
:1078A0000BD002F1804202F5C042D2F800C0BCF118
:1078B000000F02D01760126818430134DAE700BFE6
:1078C0000060004008B5FFF741FF044B083033F873
:1078D000100080F00200C0F3400008BDB413002087
:1078E00010B50446FFF794FFC0B12046FFF7EAFF4A
:1078F000A0B12046FFF780FF0B4A01238340C2F866
:10790000083303B29B0003F1804303F5C043D3F86F
:10791000102522F00302C3F8102510BD20460021D7
:10792000BDE810400AF0E6BF0060004073B50446B1
:10793000FFF70CFF184E00F1080536F81530DB078D
:1079400027D52046FFF7CCFF2046FFF761FF40B167
:107950002046FFF751FF114B00F5A270002243F8BB
:1079600020202046FFF71CFF002301A826F8153031
:107970000194FFF7DBFE019B00EB8300084BD0F87E
:107980000027134043F00203C0F80037054802B057
:1079900070BD0548FBE700BFB41300200060004045
:1079A000F0F8FCFF0000AD0B0400AD0B2DE9F04337
:1079B00085B0064615461F46FFF7C8FE044611B3BC
:1079C000DFF8448100F1080938F819309B0703D526
:1079D0003046FFF71DFF18BB0023CDE900338DF8BB
:1079E0000E308DF80F300DF10F020B4630460DF1C1
:1079F0000E010AF036FF38F8193023F0020343F085
:107A0000010328F8193055B33F4B95F800C06A6858
:107A100004F1080033F8101011F0020F02D0B2B1D7
:107A20003A481EE021F02001C904C90C23F81010C7
:107A30006AB1BCF1030FF3D86A6892F800E0BCF1B8
:107A4000000F11D1324A0EF5A27E42F82EC033F853
:107A5000102022F01C0242EA8C0223F810204FBBB7
:107A60002C4805B0BDE8F0834FEA8E0202F1804257
:107A700002F5C04241EA4E31D2F8105525F0030517
:107A8000C2F81055D2F8105525F44F3525F440753D
:107A9000C2F810553502D2F8108505F47C5545EA38
:107AA0000C4545EA080541F0200123F81010C2F802
:107AB0001055CCE7D7E900873046FFF771FEB8F1E3
:107AC000000FCDD0104DD5E90023904503D19F4242
:107AD00001D1002209E010480DF10F01FFF7D0FCA1
:107AE0000C4B9842BDD19DF80F2045F8328005EB34
:107AF000C20308345F6035F8143043EA422343F48C
:107B0000807325F81430ABE7B41300200400AD0BEC
:107B1000006000400000AD0B2C1400202DE9FF4157
:107B200004461646FFF712FE054629B32046FFF726
:107B3000C9FE18B12046FFF76BFE18BB304F05F1A8
:107B4000080837F8183013F01C0F02D04B78012BBF
:107B500018D001238DF80F300023CDE900134A1C03
:107B60008B1C20460DF10F010AF07BFE37F8183010
:107B700043F0030327F81830002E3ED02046FFF7CD
:107B8000A1FE18B11F4804B0BDE8F08196F800C00E
:107B90001B4F6146890001F1804101F5C041C1F8E8
:107BA000100505F1080037F8105025F02005ED0408
:107BB000ED0C27F810507278FAB1D1F81035B6787C
:107BC00023F4991323F4F853C1F810351204230257
:107BD000D1F810E502F4403203F47C53134345EA34
:107BE0004C35320543EA0E0302F4801245F02005BD
:107BF000134327F81050C1F810350348C3E700BFFE
:107C0000B41300200400AD0B0000AD0B014BC3E921
:107C100002017047B413002010B50446FFF7F8FDC9
:107C200050B12046FFF792FD044B083033F8103076
:107C300003485B0B0B7010BD0248FCE7B413002037
:107C40000000AD0B0400AD0B38B5174D95F8804022
:107C500044BB2146602205F110000BF04AFE286F5C
:107C6000214688420ED1114B0022C3F87C21062008
:107C7000D3F87C31DFF7D6FB01230D4885F880303F
:107C8000AB6738BDCAB2920002F580737C2A04BF8C
:107C900003F1804303F5C04301F1010104BF1C60FF
:107CA0001B68DEE70348ECE7B413002000600040E7
:107CB0000000AD0B0500AD0B034B93F880000038BE
:107CC00018BF0120704700BFB413002001460148CF
:107CD000FFF7FABB2814002001460148FFF7D0BB8C
:107CE0002814002013B5284BD3F80423002AA4BF7E
:107CF0004FF00042C3F804230446FFF789FD08B3A0
:107D00002046FFF7DFFDE8B12046FFF775FD03B21F
:107D10009B0003F1804202F5C24203F1804303F568
:107D2000C043002414601268D3F8102542F0010209
:107D3000C3F8102521B1144A01238340C2F804334B
:107D400002B010BD2046FFF701FD104B083033F89C
:107D50001030C3F38203042B12D0052B12D001A8DC
:107D60000194FFF7E3FC019BD0F81015D94001F016
:107D700001010231204602B0BDE810400AF0BABD50
:107D80000321F7E70221F5E700600040B41300206B
:107D90002DE9F04F694BDFF8B081D3F80403D8F830
:107DA0007010C0B289B040F00040FFF75DFD051EC5
:107DB0002FDAC24600235AF87C1F06A8CDE9063305
:107DC000FFF732FD5E4B01930DF118094FF0000BE8
:107DD000019A12F8013B0192DA0803F007031AF83E
:107DE000022022FA03F3DA071CD409F10409BBF1DB
:107DF000000F14D0D8F870104FF00040FFF734FD9A
:107E0000D8F87C1006A8FFF70FFD0028DAD125F07E
:107E100000450124002D79D109B0BDE8F08F4FF065
:107E2000010BD5E7474B5B440293D9F800100029BA
:107E3000DBD0029B91FAA1F11C78B1FA81F141EA01
:107E400044142046FFF782FC0830059438F810707F
:107E5000C808BB0819F80020039301F007010123AB
:107E600003FA01F122EA010209F8002005A8FFF750
:107E70005DFC059A039B02F5E072C7F3820650F899
:107E800022205B073746C2F3014224D520463946FB
:107E9000D6B2FFF765FC05A80594FFF747FC059BE4
:107EA00003F5E07350F82330C3F301439E4207D13A
:107EB000002120460AF01EFD314620460AF01AFD38
:107EC00005A80594FFF732FC059B012202FA03F393
:107ED000C0F82035A9E7022A0CD1032120460AF078
:107EE00009FD06F00503012BEAD139462046FFF7CC
:107EF00037FCE5E70221204603920AF0FBFC032E43
:107F0000F3D0039A032ADBD1022EEDE795FAA5F30D
:107F1000B3FA83F304FA03F29B0003F1804303F501
:107F2000C04325EA0205D3F81005D3F81015C0F3B5
:107F30000520C1F30141FFF713FC6BE7006000402F
:107F40005F0A07005F0A0700B4130020044AD2F852
:107F50000034DB07FBD50160BFF35F8F704700BFC4
:107F600000E001404FF080531A69B0FBF2F302FBCE
:107F7000130373B9084B0222C3F80425C3F808059C
:107F8000D3F80024D207FBD500220448C3F8042507
:107F900070470348704700BF00E001400000AD0B90
:107FA0000A00AD0B10B5054C0123C4F80435FFF7EA
:107FB000CDFF0023C4F8043510BD00BF00E0014030
:107FC00010B5184C237853BB0278C2F340039207D4
:107FD00012D54FF08053D3F83021082A0BD1D3F8B3
:107FE0003431052B07D8104AD35C23B14FF08043BE
:107FF0000122C3F8382601234FF08042C2F88035B1
:10800000037803F00103C2F878350020DFF72CFA7B
:1080100008B9DFF707FA01230448237010BD0448AC
:10802000FCE700BF13B30020610A07000000AD0B9E
:108030000C00AD0B4FF080434FF46072C3F808237F
:10804000014B00221A6070475CAC002008B5FFF7B6
:10805000F1FF03680BB1014A136008BD5CAC00205E
:1080600010B54FF08043D3F80443620707D54FF4AF
:1080700084700AF073FC10B11E4B1B689847A3066E
:1080800008D54FF48A700AF069FC18B11A4B002029
:108090001B689847600608D54FF48C700AF05EFCA8
:1080A00018B1154B01201B689847210608D54FF4DD
:1080B0008E700AF053FC18B1104B00201B689847D3
:1080C000E20508D54FF490700AF048FC18B10B4B4C
:1080D00001201B689847A3050AD54FF492700AF057
:1080E0003DFC28B1054BBDE810401B680220184735
:1080F00010BD00BF64AC002060AC00205CAC002070
:10810000036803F01F025B09026004D0012B0348DF
:1081100018BF002070474FF0A04070470003005088
:1081200070B505790A4C14236B43E618E35833B94C
:10813000006802210AF068FC08B10123337214239D
:1081400003FB0544207A023818BF012070BD00BF30
:1081500068AC00202DE9F3470B7F04466BBBDFF8CA
:10816000D8900D1F01F1100601F10C08012755F8F8
:1081700004AFBAF1FF3F1CD03378CDF804A001A8BA
:10818000002B50D0FFF7BCFF019B07FA03F3C0F8A8
:10819000083501A8CDF804A0FFF7B2FF019B00EB62
:1081A0008300D0F8003703EA090343F00303C0F863
:1081B0000037A84506F10106D9D191F81DC00D8BF5
:1081C0004F7D8E7D8A7EC87E2368BCF1000F0BD167
:1081D000D1E9008ED1E902C1C3F86085C3F864E536
:1081E000C3F868C5C3F86C1542EA0022C3F80C75E1
:1081F000C3F80465C3F80855C3F8102520680023A8
:10820000C0F81031D0F81021C0F80831D0F808219A
:10821000C0F80C31D0F80C3140F3073002B0BDE8A3
:10822000F047DFF7FFB8FFF76BFF019B07FA03F397
:10823000C0F80C35ADE700BFF0F8FCFF2DE9F041C8
:1082400090F804800D4C142606FB08F6A71997F841
:1082500008C0BCF1000F0ED1A2517B6019B10B7F99
:108260003B74FFF777FF142303FB08440448012302
:108270002372BDE8F0810348FBE700BF68AC002033
:108280000000AD0B0500AD0B70B40C4601792668FB
:1082900015461A461A4B01EB810103EB8101036875
:1082A000C3F82065A688C3F82465A668C3F82865C6
:1082B000E668C3F82C6503682668C3F84065A6889D
:1082C000C3F84465A668C3F84865E468C3F84C453C
:1082D000046805F0010303EB5505C4F81455D407F1
:1082E0000CD412F0020403D0002B14BF0824042481
:1082F0000568C5F8004270BC0AF051BB1024F7E7CE
:1083000068AC002038B5036805790022C3F8002264
:108310000368012204465A6071B12046FFF700FF4E
:108320000028FAD023680022C3F80025054B142248
:1083300002FB053301221A722046BDE83840FFF7E0
:10834000EFBE00BF68AC0020036803F01F025B09AA
:10835000026004D0012B034818BF002070474FF083
:10836000A040704700030050012370B504460D463D
:10837000436164260022022120460AF086FB20B9D0
:1083800001200AF06AFA013EF4D100236B774FF026
:108390008051D1E94C1208291AD1052A18D80E4962
:1083A0008A5CAAB14FF0FF32D4F80805D4F80C1556
:1083B000C4F80035C4F80825C4F80C250922C4F80F
:1083C0000025C4F80035C4F80805C4F80C1570BDC4
:1083D0000023C4F80035FAE7670A07000F4B9842FC
:1083E00019D00DD80E4B984215D007D80D4B984296
:1083F00011D00D4BC31A5842584170470B4BF9E747
:108400000B4B984207D004D80A4B984203D00A4B32
:10841000F0E70A4BEEE70120704700BF80841E00A2
:1084200020A1070048E8010090D0030040420F005F
:108430000024F40000093D0000127A000048E80121
:1084400073B51646421C1C460546069B18D00129EA
:1084500002D1BBB10AF057FB01A80195FFF774FFE9
:10846000019B00EB83002402D0F80027074B44EA6D
:1084700086040C4313401C4344EA4101C0F8001732
:1084800002B070BD0AF04CFBE6E700BFF0F8FCFF5D
:108490002DE9F04F814B4D6990F804909D4285B0D5
:1084A00006460C4600F0C78000F2B7807C4B9D4228
:1084B00000F0C48000F2A9807A4B9D4200F0C18098
:1084C000794B9D420CBF4FF080654FF08045774F50
:1084D00094F82300242202FB0973997F60F30001C2
:1084E00099773379217C02FB03739A7F61F3410210
:1084F0009A7794F82380B8F1000F34D162696C4BFD
:108500009A420CBF4FF0030A4FF0000A237E012B62
:1085100094BF002301230093206853464246012163
:10852000FFF78EFFCDF80080606853464246012178
:10853000FFF786FFCDF80080A27EA0685346414633
:10854000FFF77EFF237C83F001030093E06853462E
:1085500042460121FFF774FF01210091E069534673
:108560004246FFF76DFF94F821202423002A71D0A2
:1085700003FB09734FF0FF321A62D4E900BAE369D2
:10858000D4F80890A07C217E94F81980D4F80CE0EF
:10859000227C94F822C0029394F8203094F824406E
:1085A0000393336874B9029CC3F808B5C3F80CA5EB
:1085B000C3F81095C3F86C45C3F814E5C3F86825F3
:1085C000C3F864C5B8F1000218BF01220229C3F83C
:1085D000C005C3F8245558D0032959D0012901D129
:1085E00042F00202C3F85425039AC3F86025337998
:1085F00024225343FB58002B4DD0306840F3073002
:1086000005B0BDE8F04FDEF70DBF2A4B9D420CBF11
:108610004FF080554FF0804559E7274B9D4213D0CE
:10862000234B9D4213D0254B9D420CBF4FF000457C
:108630004FF080454BE74FF0005548E74FF000659D
:1086400045E74FF0007542E74FF020653FE74FF0F8
:10865000A0553CE703FB0979E168C9F82010217CAB
:1086600099F81E3061F3410389F81E30E369D4F8AC
:108670000890A07C217E94F819800293D4E900BA76
:108680004FF0FF3E4FF0020C86E742F00402A9E7EC
:1086900042F00602A6E705B0BDE8F08F80841E0018
:1086A00020A1070048E8010090D0030080AC002022
:1086B0000048E80140420F000024F40000127A0054
:1086C000431C07B50ED0019001A8FFF73DFE019BAA
:1086D00000EB8300054BD0F80027134043F0020362
:1086E000C0F8003703B05DF804FB00BFF0F8FCFFF2
:1086F0002DE9F8430746144C97F80480242505FB20
:1087000008F504EB05091E4699F81C30C3B999B168
:108710004869FFF763FEA8B138466251C9F80460A2
:10872000FFF7B6FE242303FB0844002363770748C2
:1087300001232377BDE8F8836251C9F80460F1E7AB
:108740000348F7E70348F5E780AC00200000AD0BD5
:108750000500AD0B0400AD0B2DE9F0410446067990
:108760000068214D40F30730DEF76AFE242373438F
:10877000EB5853B123681D4AC3F8082306EBC60122
:10878000206805EB8101FFF7EFFD2421236801FB41
:108790000651D3F80805D3F80C75D3F810858B7FF4
:1087A000DB0714D4FFF78CFF4046FFF789FF3846FC
:1087B000FFF786FF086AFFF783FF2368D3F86C058D
:1087C000D3F81415FFF77CFF0846FFF779FF2368FD
:1087D000074A934204BF01225A60242303FB065533
:1087E00000232B77BDE8F08180AC00205201080007
:1087F00000F002402DE9F0430779DFF8C48124231B
:108800007B43164608EB03020D46517F85B0814637
:10881000002940F0C68058F8033023B116F0140F39
:1088200004BF0123537795E80F00242404FB078439
:1088300004F10C0C8CE80F00206A431C04D0A37FC9
:1088400099071AD50AF05FF92968D9F8004021B1D3
:1088500001F06043B3F1005F06D1AB6883B103F070
:108860006043B3F1005F0BD0242303FB0783002296
:108870004D485A7705B0BDE8F0830AF051F9E3E7B7
:108880004A4B9C4224D14FF080436A68D3F8000ED3
:10889000474B1860E2B1474821F4FF5323F01F0310
:1088A00083426ED85018DFF81CC1C3F34F31012248
:1088B0008A40002103F50053984241EA02014FEA41
:1088C000420201D96345F5D34FF08043C3F8001E3F
:1088D00016F0010318BF0123C4F8503516F0020347
:1088E00018BF0123C4F8403595E80F00EC468CE82A
:1088F0000F00039BC4F84405C4F84815C4F8342598
:10890000C4F838350023C4F81831D4F8183116F0FB
:1089100008054FF00703C4F800350FD124237B432B
:1089200058F803200123236142B9D4F81831002BF1
:10893000FBD06246402120460AF0A7F824237B435F
:1089400058F803301BBB194B9C4201BF184B1A68E7
:108950004FF08043C3F8002E242303FB0783186ADB
:10896000421C04D09B7F9B070ED50AF0D9F835B97D
:1089700007EBC70708EB87012046FFF7F5FC0E4819
:1089800078E74FF480719FE70AF0BDF8EFE716F043
:10899000040F4FF0400314BFC4F80833C4F8043385
:1089A000EDE7064866E700BF0A00AD0B00F00240A5
:1089B0007CAC0020FFFF00200000AD0B0B00AD0BD6
:1089C00080AC00200020012010B5134A134840213C
:1089D0000AF05BF8F8B1124B124C1A684FF0804362
:1089E000C3F8002E206A421C04D0A37F9B070FD53A
:1089F0000AF096F8637F1BB10A490848FFF7B4FCF8
:108A0000002323720848D4E90031BDE8104018471C
:108A10000AF079F8EEE710BD8CAC002000F00240BF
:108A20007CAC002080AC002088AC00204FF080534C
:108A3000D3F83021082A06D1D3F83431052B04D8D5
:108A4000034AD05C7047002070470120704700BF88
:108A50006D0A0700054B10F0800FA3F1900208BFCC
:108A6000134600F00F0003EB001070474CAE0020DF
:108A700007B5074A00231370064A137001230193B8
:108A8000054B01A81B68984703B05DF804FB00BFC5
:108A900017B3002016B30020E4AE002013B5194B25
:108AA000D3F80044C3F80044E105D3F8003408D5F6
:108AB000154B01221A7002230193144B01A81B6865
:108AC0009847A20508D5104B00221A700323019382
:108AD0000E4B01A81B689847630510D50A4B1A78FE
:108AE0006AB100221A70074B0122C3F808259A6563
:108AF0009B6D04230193054B01A81B68984702B0A6
:108B000010BD00BF0070024017B30020E4AE00208B
:108B10004FF02003EFF3118083F31288BFF36F8FC0
:108B20000A4BD3F8001C032261B949F27531C3F82E
:108B3000001CC3F8142DC3F8001C80F31188BFF388
:108B40006F8F7047C3F8142DF7E700BF00E00640B1
:108B50004FF02003EFF3118083F31288BFF36F8F80
:108B60000A4BD3F8001C61B949F27532C3F8002CE6
:108B7000C3F8141DC3F8002C80F31188BFF36F8F66
:108B800070470022C3F8142DF6E700BF00E006404E
:108B9000F8B54B680B4F9A4228BF1A460C4615464B
:108BA00006460968402338460BF029F8C6E90075E7
:108BB00060682368401B2B4460602360003818BF46
:108BC0000120F8BDA4AC002070B54B689A4228BFC4
:108BD0001A4606460D4614468AB1402309680948DC
:108BE0000BF00DF8074BC6E900346B681B1B6B607C
:108BF0002B682344201E2B6018BF012070BD134634
:108C0000F1E700BFA4AC002007B500238DF80430C5
:108C10000B4BD3F82025ADF80620D3F8C034094A11
:108C2000002B136814BF4FF001214FF480710B43E8
:108C30001360054B01A81B68984703B05DF804FB5F
:108C400000700240E0AE0020E4AE0020064BBFF30F
:108C50005B8F53E8001F014043E80012002AF8D15F
:108C6000BFF35B8F704700BFDCAE00204FF0805336
:108C7000D3F83031082B02BF034B0022C3F81C2C61
:108C8000024B00221A7070470070024015B300209A
:108C900008B5FFF7EBFF084B93F89E20032A05D198
:108CA000BDE808406FF00100FFF7D0BFD3F8903067
:108CB000002BF5D008BD00BFBCAD002073B501226C
:108CC00002FA01F51C491D4E0B6810F0800F43EAB3
:108CD000050304460B6024D000F00F02184B33F854
:108CE000123003F1804303F51C331A6832B10022BD
:108CF0001A6080281B6811D009F066FF33682B408A
:108D00000AD106228DF804208DF806408DF8073030
:108D10000C4B01A81B68984702B070BDFFF7B8FF65
:108D2000ECE733681D42F7D106238DF804308DF847
:108D300006008DF80720EBE7E0AE0020DCAE002057
:108D4000D6920600E4AE002008B5054B1A7810460E
:108D500009F031FFBDE8084001461046FFF7AEBFFD
:108D600016B3002007B5FFF781FF0C4B93F88E2058
:108D7000032A10D0D3F880306BB96FF08070FFF702
:108D800065FF06238DF804300823ADF80630044B48
:108D900001A81B68984703B05DF804FBBCAD002038
:108DA000E4AE002007B5FFF761FF104B93F81E21DA
:108DB000032A06D16FF4807003B05DF804EBFFF76F
:108DC00045BFD3F810316BB96FF48070FFF73EFFE9
:108DD00006238DF804308823ADF80630044B01A833
:108DE0001B68984703B05DF804FB00BFBCAD0020D2
:108DF000E4AE0020024A00231360024A1370704759
:108E0000E4AE002018B3002008B54E4B4FF40062CA
:108E1000C3F80024D3F80034FFF708FE08B1FFF7C9
:108E200077FE4FF08053D3F83031082B19D14FF033
:108E30002003EFF3118083F31288BFF36F8F424B4F
:108E4000D3F8001CC022002973D149F27531C3F850
:108E5000001CC3F8142CC3F8001C80F31188BFF366
:108E60006F8F384B0122C3F80025D3F80025D3F8C3
:108E700000241205FBD54FF40062C3F80024D3F898
:108E800000344FF08053D3F83031082B18D14FF015
:108E90002003EFF3118083F31288BFF36F8F2A4B07
:108EA000D3F8001C002947D149F27532C3F8002CD1
:108EB000C3F8141CC3F8002C80F31188BFF36F8F24
:108EC000FFF7B4FD30B1FFF743FEFFF7AFFD08B188
:108ED000FFF71EFE4FF08053D3F83031082B194BAB
:108EE0000AD140F2E372C3F800284022C3F80428F4
:108EF000BFF36F8FBFF34F8F8022C3F81C25012271
:108F0000C3F83025114B40F2FF121A60104B0021BC
:108F10001960104B1970FFF7A9FE0F4B19700F4B1A
:108F200002221A70FFF782FD50B1BDE80840FFF73A
:108F30000FBEC3F8142C90E70022C3F8142CBBE733
:108F400008BD00BF0070024000E00640E0AE002017
:108F5000DCAE002014B3002016B3002018B30020AC
:108F60000A4B002210B51A70094A0A4B0A4C002815
:108F700008BF1346C4F804332720DEF753FA012351
:108F8000C4F80435D4F8043510BD00BF17B3002071
:108F90000514C0010514E00100700240034B18786D
:108FA000012894BF00200120704700BF18B30020A3
:108FB00010B54FF02003EFF3118183F31288BFF354
:108FC0006F8F0F4B1B7803F0FF0093B10D4BD3F85D
:108FD000002412F400720CD10124C3F82C45D3F8FC
:108FE0002C45D3F80044A40504D5C3F82C25D3F8A8
:108FF0002C35002081F31188BFF36F8F10BD00BFA7
:1090000017B300200070024010B54FF02003EFF3BB
:10901000118483F31288BFF36F8F154B1B7803F015
:10902000FF00DBB1134BD3F82C25FAB10022C3F8B3
:109030002C25D3F82C354FF08053D3F83031082B42
:109040000CD10D4BD3F8001CC02261B949F2753127
:10905000C3F8001CC3F8142CC3F8001C84F3118857
:10906000BFF36F8F10BDC3F8142CF7E71046F5E778
:1090700017B300200070024000E00640F8B51C4B1A
:109080001C7894BB1B4A106001221A7040F2FF1733
:10909000264664F07F0514F0080FEDB214BF394680
:1090A0004021284609F0BFFD2846FFF7D3FC0134D4
:1090B000092C867306608660EBD1002440F2FF170E
:1090C000254614F0080FE6B214BF39464021304659
:1090D00009F0A9FD3046FFF7BDFC0134092C85736A
:1090E00005608560EDD10448F8BD0448FCE700BF89
:1090F00018B30020E4AE00200000AD0B0500AD0B5E
:109100002DE9F84304464FF02003EFF3118683F373
:109110001288BFF36F8F10F00F0903D1274B1B7814
:10912000834247D1264B274F1A683B68D24392B2FD
:1091300020461A4309F03FFD4FF0010808FA00F8F5
:1091400012EA080F38D12046FFF784FC0C232206D0
:10915000054603FB09F329D50A68886802F06042D6
:10916000B2F1005F00F001001DD1174A174C002832
:1091700008BF2246164803442A6007C983E807004F
:109180006B600023AB60AB733B68124843EA080393
:109190003B60114B8022C3F8042186F31188BFF392
:1091A0006F8FBDE8F8830D4A0D4CE0E70D4A13447C
:1091B0000D4AE1E70D48F0E70D48EEE716B3002051
:1091C000E0AE0020DCAE00208F2B06006D2B0600E9
:1091D00050AD00200000AD0B00E100E0C98B0500A0
:1091E000918B0500E4AC00203B2B06000A00AD0B80
:1091F0000B00AD0B10F0080F074B06D0D3F8C004DE
:1092000010F4803F18BF0020704700F00F0000F5F9
:10921000947053F820007047007002402DE9F04F21
:10922000664E337885B0002B7CD1DFF8AC81644D7D
:10923000D8F800402B681C4074D014F0012314BFF0
:1092400093FAA3F494FAA4F4B4FA84F44FF0010965
:1092500009FA04F90F2C6FEA090966D9103CE4B247
:109260002046FFF7F7FB82462046FFF7C3FFDAF8F8
:109270000070BAF80C20DAF804100346834602A8FE
:10928000B847029B002B5CD108B9CAF800004FF028
:10929000805362B2D3F83031082B02BF494B822190
:1092A000C3F81C1C012333702B68039903EA0903DC
:1092B0002B60DAF80830029D0B44002ACAF8083007
:1092C00004F008003F4B04F00F0457DA00284DD09B
:1092D000C3F8A056C3F8A416042303EB840303F1D8
:1092E000804303F51C33012119601B683649374B55
:1092F00013EA220338BF0B4633F8143003F18043DE
:1093000003F51C3319680029FCD0002A2D4B4ADADA
:10931000002842D0D3F8A8362D4A117803F0010373
:109320004B40137005B0BDE8F08F44F08004204638
:10933000FFF790FB036882894168824602A898473C
:10934000A2E7039B9B459FD9022748468AF80E70E7
:10935000FFF77CFC06238DF804301E4B8DF8064089
:109360001B688DF8077001A8984761E7142606FB73
:109370000433C3F80056C3F80416ADE728B1C3F8A8
:10938000A057C3F8A4172823A7E7142606FB043325
:10939000C3F80057C3F80417F5E7142202FB04339F
:1093A000D3F80836B8E710B1D3F8A837B4E71422D9
:1093B00002FB0433D3F80837AEE700BF15B3002033
:1093C000E0AE002000700240C4920600D692060073
:1093D00014B30020E4AE0020DCAE002038B50F4B03
:1093E000D3F86C44C3F86C4401251CB9BDE838407F
:1093F000FFF714BF94FAA4F3B3FA83F30F2BC8BF9B
:10940000A3F110001946D4BF43F08000C0B205FAA2
:1094100003F324EA0304FFF751FCE6E7007002407F
:1094200037B5FFF723FC0446FFF714FB837B032BC0
:109430000DD1204609F0BFFB012303FA00F0C04321
:10944000FFF704FC03B0BDE83040FFF7E7BE056856
:10945000002DF7D1204609F0AEFB012303FA00F0FE
:10946000C043FFF7F3FB06238DF80430044B8DF85F
:1094700006401B688DF8075001A89847E2E700BF37
:10948000E4AE0020024B40F48070C3F8180570472A
:1094900000700240020713D400F00F0310F0800F99
:1094A000084A0BBF03F5887303F5847302EB83024C
:1094B00052F8230008BF5068431E58425841704775
:1094C0000020704700700240044BC3F80C0540F4C4
:1094D0008070C3F80C05D3F80C357047007002405B
:1094E0000023036043600E4BD3F880240270D3F84E
:1094F00084244270D3F88824D3F88C1442EA0122E1
:109500004280D3F89024D3F8941442EA0122828056
:10951000D3F89824D3F89C3442EA0323C3807047DD
:1095200000700240024B0122DA64DB6C704700BF1E
:109530000070024013B5FFF799FB104B9A7B032A8A
:1095400006D16FF4803002B0BDE81040FFF77EBB5B
:109550001C6874B96FF48030FFF778FB06238DF830
:109560000430074BADF806401B6801A8984702B0CD
:1095700010BD02B0BDE81040FFF7D4BFBCAD002065
:10958000E4AE0020024B01221A651B6D704700BF3C
:1095900000700240024B01225A655B6D704700BFAC
:1095A00000700240014B1878704700BF16B30020CE
:1095B00010B502464FF02003EFF3118483F31288B5
:1095C000BFF36F8F09F0F7FA0D49012303FA00F09A
:1095D0000B6823EA00030B6012F008010AD102F0C5
:1095E0000F039B0003F1804303F51C33C3F8A01461
:1095F000D3F8A03484F31188BFF36F8F10BD00BF80
:10960000E0AE0020F7B501464FF02003EFF31185DF
:1096100083F31288BFF36F8FFFF71CFA06460846E4
:1096200009F0C9FA012211F0800F02FA00F22E4867
:1096300019D1036832EA03030AD00846FFF7B8FFDE
:109640000323B37385F31188BFF36F8F03B0F0BDAD
:1096500033600368254923EA020303600B6823EAA9
:1096600002030B60ECE70B0715D48029204B2FD0A9
:1096700001F00F0404F2DA346400C3F80048D3F8B0
:109680000448D3F80478E4B244F002043C43C3F83D
:109690000448D3F80438154F04683B6864EA030CA7
:1096A0001CEA020FCED0134324EA02043B600023DD
:1096B000046033600323B3738DF807300D4B8DF8CE
:1096C000061006221B688DF8042001A89847B9E708
:1096D00040F2B474C3F80048D3F80448D3F80478CF
:1096E000E4B244F00404D1E7DCAE0020E0AE002098
:1096F00000700240E4AE002073B5144B144CD3F854
:1097000080542368134EDA43134B31781B6892B2AE
:1097100008461A4309F04FFA01238340134202D04E
:109720000846FFF76FFF25F07F056FF001103570D9
:10973000FFF78CFA236843F00103236005230193AC
:10974000064B01A81B68984702B070BD007002402C
:10975000E0AE002016B30020DCAE0020E4AE002016
:109760002DE9F0411A4BD3F80403002301241D46D0
:1097700070B9184F03F4000623F400044FF00108F9
:10978000BCB9FFF74BFD06B3BDE8F041FFF7B4BF2E
:1097900090FAA0F2B2FA82F20F499600314404FA2C
:1097A00002F20E6816B10D600968134320EA020048
:1097B000DEE794FAA4F5B5FA85F557F8253008FAEE
:1097C00005F5984724EA0504DAE7BDE8F08100BF13
:1097D00000700240C08D060000710240F8B51B4BBE
:1097E0008022C3F884212720DDF73EFEB8B1184E51
:1097F000184B34681B68240C24041C4301277CB9D3
:10980000154D40F2FF1333602720C5F80445D5F805
:109810000435DDF715FE4FF0FF33C5F80833F8BD0A
:1098200094FAA4F5B5FA85F50F2D2846C6BFA5F123
:109830001000C0B240F08000030701D4FFF7E2FE41
:1098400007FA05F524EA0504D9E700BF00E100E0C6
:10985000E0AE0020DCAE00200070024008B5FFF74B
:10986000BDFF134BD3F80423C3F80823114A117822
:1098700089B10021C3F80811D3F80811C3F80026F4
:109880000121C3F8041659605968D3F8081100295A
:10989000FBD000231370064B0022C3F80025D3F839
:1098A0000035FFF7E3F9044B01221A7008BD00BF31
:1098B0000070024014B3002018B3002010B5044615
:1098C000FFF7A0FE104A14F0800F04F00F004FF0D5
:1098D000010314BFD2F81015D2F8141503FA00F3DF
:1098E0006FEA030315BF0B400B40C2F81035C2F8F6
:1098F000143514BF054B064B1A5C01239340024AF2
:10990000C2F8083310BD00BF007002407C0A070097
:10991000730A070010F0800F70B52449044600F068
:109920000F034FF0010512D0214AD25C05FA02F272
:10993000C1F80423D1F81025DA40D00706D4D1F8B5
:10994000102505FA03F31343C1F8103570BD194A09
:10995000D25C05FA02F2C1F80423D1F81425DA40EA
:10996000D207F3D4D1F8146505FA03F23243C1F8F3
:109970001425002BEAD00307E8D44FF02003EFF3BF
:10998000118683F31288BFF36F8FFFF711FE204615
:1099900009F011F9084A136805FA00F023EA0003F8
:1099A000136086F31188BFF36F8FCFE7007002401A
:1099B0007C0A0700730A0700DCAE0020030610B51E
:1099C000044605D4FFF766FD10B12046FFF7F0FD11
:1099D000014BC3F8184510BD007002402DE9F04F4F
:1099E0000B4683B0A3F128020469D0F80490DFF895
:1099F000348192B2122A00AF04F10C0104D8434D15
:109A0000154115F0010517D06C4688B06A464049EB
:109A1000D3610423C2E9051842F8103F3D480023F2
:109A20004FF40451DAF7C0FE6FF08506A5463046C4
:109A30000C37BD46BDE8F08F206883685B689847A7
:109A4000A577064600284ED12368258C9B6820798F
:109A50001B8994F81CA06B43391D7B60FAF7C4FF87
:109A600010B97D6845FA0AF5D9F81010D9F80C201C
:109A70004FEAE57EA1FB050C002301FB0EC1CCF7EC
:109A80004BFDEB468AB0238C81461FFA80FA6A466A
:109A90002149C2F824A0C2E907350623C2E9051806
:109AA00042F8103F00234FF444511A48DAF77CFE85
:109AB0000FFA89F0DD4609F004F988B005466A46D8
:109AC000164BD061C2E90538042342F8103F114813
:109AD00000234FF40451DAF767FEDD46A4F822A014
:109AE00084F82450A3E76C4688B06A460C4BD061DA
:109AF000C2E90538042342F8103F06482B464FF4CC
:109B00000451DAF751FEA54691E700BFDEFFFBFFE7
:109B1000850A070024490600B00A0700D00A07009A
:109B2000E00A0700420B07002DE9F04186B0046906
:109B3000D0F80480256800AF95B9244B7B610223DF
:109B40003B6123482B4607F110024FF482516FF01E
:109B50001204DAF729FE20461837BD46BDE8F08129
:109B60001422002104F10C0009F0C3FE04F12002CC
:109B7000626102220123A26104222361A37762773A
:109B800098F800201A44134B0026C4E901360C2330
:109B900062722377AB68211D1B68284698476D4683
:109BA0008AB098F8003004466A460B4951610B4967
:109BB0001062C2E90613052342F8103F04483346F9
:109BC0004FF42451DAF7F0FDAD46C4E7FB0A070075
:109BD00024490600000428401D0B0700390B07002C
:109BE00070B5054600B304783CB1104C104EB44239
:109BF00005D30E4CB4420BD30024204670BD204642
:109C000009F0B7F810B12368AB42F6D01434EEE790
:109C1000204609F0AEF828B121682846CCF7E6FDC9
:109C20000028EAD01434E5E70446E6E71C400600C5
:109C30005845060010B5044686B0DAF7D1FC074B4C
:109C40000593022304930648002304AA4FF482518B
:109C5000DAF7AAFD204609F097F800BF590B070074
:109C6000C44806002DE9F04387B0044600AF0D4616
:109C70004FF02003EFF3118883F31288BFF36F8F47
:109C800004282D4A98BF2D4B9668117C94BF53F839
:109C900020302B4BE9468AB06A462A48C2E9073190
:109CA00040F201339384284BC2E9050442F8103F87
:109CB000264800234FF43151DAF776FDCD467DB1C9
:109CC000EB69C3F308035BB1214B7B6102233B616A
:109CD0001E48002307F110024FF48251DAF764FDA9
:109CE0002EB1304609F00BF908B1037803B91948D1
:109CF000E9468AB06A46184BD061C2E9053640F29F
:109D000001331384154B42F8103F00230F484FF4E2
:109D10001151DAF749FD2946CD462046FFF78AFF63
:109D200088F31188BFF36F8F3046DDF7F1FA1C37E7
:109D3000BD46BDE8F08300BFECAE0020588E0600A3
:109D4000680B0700760B070005000001C4480600F9
:109D50009E0B07008EE50600BF0B07000400000104
:109D6000104B70B553F82040013053F82060A642E4
:109D700000D870BDD4E9003595B153B12846984755
:109D800038B10028B8BF4042EB68FF28A8BFFF20C9
:109D90001870EA68537843F0010353700834E6E71B
:109DA0009847FBE76C8E060008B50A4B012203209A
:109DB0001A70FFF7D5FF01F025FB0420FFF7D0FF55
:109DC00000F086F9D9F7E0F9034A137B23F0010389
:109DD000137308BD19B30020C86D002008B50348EF
:109DE000034A0021121A08F0D8FF08BD801C002089
:109DF0001CB3002070B51A4E1A4D1B49C82386B0FB
:109E000003FB006601220023CDE904230F22CDE9E4
:109E100002320193182303FB00554FF4A07204464D
:109E2000124B009502FB0011304600F0E7F8737BFF
:109E30002C7423F0040373730D4BEE60013403EBB9
:109E4000C4236B600B4BBFF35B8F53E8001F0131E2
:109E500043E80012002AF8D1BFF35B8F06B070BD53
:109E6000006D0020ECAE002080ED0020072F0600E2
:109E700080E50020E8AE002080B50020B8B0FFF7F4
:109E80006FFF2E4B83F308882D4D2E4E6B692E4F9E
:109E900043F400736B610024E02385F82230EC77F3
:109EA0002C766C76AC7685F820406B6A43F4E02320
:109EB0006B6285F82340DDF7F5F9DDF793FB4FF092
:109EC000FF33AB62EB62DDF767FCDDF7BFFBDAF770
:109ED000F3FA40F20113ADF8243006ABB360CDE9DC
:109EE0001F44229408F044FF0120FFF739FF0220AD
:109EF000164DFFF735FF00F0ADFE154BB56105932C
:109F0000012314490094CDE903434FF480623B469A
:109F1000CDE90144284600F071F86A7B064622F03C
:109F2000040228466A7309F01DFA2046FFF762FF13
:109F30003A4631462846DDF731FB00BF80ED002070
:109F400000ED00E0ECAE0020A99D0500C86D0020EA
:109F5000210C0700C0EE002038B5064C064DAC427F
:109F600001D3002038BDD4E90112204608F019FFC2
:109F70001434F4E7B8170020B817002038B5064CA1
:109F8000064D0020AC4200D338BD204608F072FFD9
:109F90000028F9DB1C34F5E748170020B81700202B
:109FA00073B50C464FF02005EFF3118185F312884D
:109FB000BFF36F8FC5685DB125602B68C36083698F
:109FC00001338361002081F31188BFF36F8F11E0AB
:109FD00052EA030603D125606FF00B00F3E7CDE9E9
:109FE00000230246083000F03FFD18B9024B9B6881
:109FF0005B69236002B070BDECAE00202DE9F04338
:10A0000085B0984600F158030732C0E91633109B1B
:10A01000037322F0070504230026437301EB0509AF
:10A020000F9B83730F46C0E9066649468660C67378
:10A030000446DCF723FE07300E9B20F00700E066A5
:10A04000C4E9197502930D9B0193A9EB00090C9BC0
:10A0500000934A46434639462046DDF759FA054BF8
:10A0600066659B6803B11B6F2367484605B0BDE872
:10A07000F08300BFECAE0020F0B587B00025059559
:10A08000109D04950F9D03950E9D0295DDE91276B6
:10A090000D9D01950C9D00950446FFF7AFFFB6F1AD
:10A0A000FF3F08BFB7F1FF3F05D056EA070305D1D0
:10A0B000204600F04FFD204607B0F0BD03493A4668
:10A0C000334604F1180000F05FFFF4E7ED330600BB
:10A0D00070B5224C224D86B02646AE4204F13004C3
:10A0E0000AD300F087FD1D4C1E4EAC4220D306B0B3
:10A0F000BDE8704000F092BD54F80C3C059354F854
:10A10000103C049354F8143C039354F8183C029305
:10A1100054F81C3C019354F8203C009354E90A2362
:10A1200054E90C01FFF76AFF54F8303C5E65D3E751
:10A13000D4E90A23B3F1FF3F08BFB2F1FF3F05D0D6
:10A1400052EA0301206803D100F004FD3034CCE76B
:10A150003146183000F018FFF8E700BFD846060077
:10A1600038470600ED3306002DE9F34104460E465C
:10A1700000F108084FF02001EFF3118781F31288F6
:10A18000BFF36F8F056AC1688D422FD209F049F97C
:10A19000A2680546314678B10024406909F09BFB6E
:10A1A0002846EC6709F0DEF84046394600F0C0FC6E
:10A1B000204602B0BDE8F081E06909F08CFBE3695C
:10A1C000A26813446269E361934204BF2369E361B7
:10A1D000236A013304F124002362102109F054FBA7
:10A1E000002087F31188BFF36F8FE2E752EA030183
:10A1F0000AD0074989684E61CDE9002339460246F5
:10A20000404600F031FCD4E76FF02200E9E700BFE0
:10A21000ECAE0020F7B5044604F1080708464FF0FD
:10A220002001EFF3118681F31288BFF36F8F216A4B
:10A23000002931D0A268A16909F04DFBA369A26889
:10A2400013446269A361934204BF2369A361236A33
:10A25000013B2362204609F0E4F8054660B34169FA
:10A26000A268E06909F037FBE369A26813446269F8
:10A27000E361934204BF2369E361236A01332362EC
:10A2800000242846EC6709F06DF83846314600F0A6
:10A290004FFC204603B0F0BD52EA03010AD0094941
:10A2A00089684861CDE9002331462246384600F0EE
:10A2B000DBFBEFE76FF0220086F31188BFF36F8FAF
:10A2C000E8E700BFECAE00202DE9F3410446174655
:10A2D0001E464FF02003EFF3118883F31288BFF37B
:10A2E0006F8FC368334A7BB180689168884219D008
:10A2F00057EA060318D188F31188BFF36F8F6FF008
:10A300000F0002B0BDE8F081916891F90E10216153
:10A310000133E3609368A36088F31188BFF36F8F04
:10A320000020EEE72169F2E791F90E1090F90E3066
:10A330009942A8BF19466FF07E029142B8BF1146FC
:10A340008B422EDD08F0EBFD0546CDE900761A487C
:10A350002246414600F088FB0028E1D04FF0200360
:10A36000EFF3118683F31288BFF36F8FA068D0B12B
:10A37000236821699C420AD04BB193F90E3099426F
:10A38000A8BF19466FF07E039942B8BF194608F07E
:10A39000C6FD40B10848314600F0CAFB6FF00A0024
:10A3A000AFE70025D1E7002DF4D186F31188BFF384
:10A3B0006F8FF3E7ECAE00201AB3002038B5836846
:10A3C00004466BB3194A926893422CD1C368012B9F
:10A3D00003D9013BC360002038BD4FF02003EFF3E9
:10A3E000118583F31288BFF36F8F0169806808F0CD
:10A3F00096FD204609F015F8A06058B190F90E209E
:10A4000022610022C26708F0ADFF0948294600F02A
:10A410008FFBE0E7E06085F31188BFF36F8FDAE729
:10A420006FF01500D8E74FF0FF30D5E7ECAE002015
:10A430001AB3002037B511464FF02002EFF3118513
:10A4400082F31288BFF36F8F04689CB1236842685F
:10A4500023F003039442036008BF436001212046B8
:10A4600008F0D2FD044685F31188BFF36F8F2046B4
:10A4700003B030BD51EA0302F5D000F10802CDE986
:10A4800000131046294600F0EFFA0028EFD1024BE6
:10A490009B685C69EBE700BFECAE002038B5044672
:10A4A0004FF02003EFF3118583F31288BFF36F8F12
:10A4B00008F0B7FF48B10022C26708F053FF2946F1
:10A4C0000848BDE8384000F033BBD4E902329A4274
:10A4D00018BF0133A360022104F1100009F0D4F980
:10A4E000EDE700BF1AB3002013B54FF02004EFF3DF
:10A4F000118184F31288BFF36F8F846844B1013CEB
:10A50000846081F31188BFF36F8F002002B010BD0B
:10A5100052EA030406D181F31188BFF36F8F6FF005
:10A520000F00F3E7CDE900230246024800F09CFA51
:10A53000ECE700BF1AB3002070B504464FF02003CB
:10A54000EFF3118583F31288BFF36F8F6FF00A0664
:10A55000204608F066FF18B1C66708F003FFF7E76A
:10A56000A060022104F1100009F08EF9294602488A
:10A57000BDE8704000F0DCBA1AB300201FB5094BEB
:10A58000029302AB00240093074908488DF80C4061
:10A590004FF0FF334FF4006200F088F8204604B01B
:10A5A00010BD00BF290C0700C0F20020906E0020F3
:10A5B00070B5C368C3F340069B0705460C460DD52E
:10A5C0000122002104F1080008F06FFD0023236040
:10A5D000054B65605A681AB9C3E90044304670BD3E
:10A5E00014605C60FAE700BF14AF0020F8B5C368E0
:10A5F0009A0704460F46C3F340062CD45B071AD4CF
:10A600000B680BB983680B60E368DD0744BFA36880
:10A610003B603D684CBF02260126002D3AD01F4BFF
:10A620009B68AB420AD0D5F8E030D807C3F380026C
:10A6300014D46FF0120600233B6025E008F056FCAE
:10A64000D5F8E0300028F0D1D907C3F3C002F0D527
:10A6500052B15B0708D46FF00F06ECE7002AFAD17D
:10A66000C3F3C003002BF6D100232360D5F8CC3010
:10A6700063B9C5E93244284608F041FDE36843F078
:10A680000403E3603B68A3603046F8BD1C60C5F876
:10A69000CC40F0E76FF01506CDE700BFECAE002030
:10A6A0000146014808F0B1BD906E0020F0B589B0B8
:10A6B00004460020C4E932000E9D04F1D000C4E934
:10A6C000340004F1D800C4E936001DB3287900280D
:10A6D00040F2011008BF0120C4F8E00000204FF054
:10A6E000FF364FF0FF37CDE90330CDE90100CDE96A
:10A6F0000667094B00942046FFF7BEFC25B1296888
:10A7000011B1204608F0F8FB204609B0BDE8F04042
:10A7100008F0F7BB0120DFE7119C020037B501907C
:10A7200008464FF02001EFF3118481F31288BFF344
:10A730006F8FC16811F00E0F16D153EA020508D1D0
:10A7400001A9FFF753FF84F31188BFF36F8F03B0A4
:10A7500030BD41F00801C1600199816210300349A8
:10A7600000F012FC0120EEE70020ECE77331060058
:10A7700001460148FFF7D2BF906E0020F7B50C46A6
:10A78000019016461D464FF02003EFF3118783F327
:10A790001288BFF36F8F084608F0A2FC55EA060343
:10A7A00009D101A92046FFF721FF87F31188BFF3E4
:10A7B0006F8F03B0F0BDE368064943F00803E36020
:10A7C000019BA36204F1100032462B4600F0DCFB33
:10A7D0000120EAE77331060001460148FFF7CEBFCA
:10A7E000906E0020C3897F2B12D80A4B1B6863B17F
:10A7F000094B90F90E201B689A4209DB437BDB066C
:10A8000006D1064BC31A18BF012303F0010070479D
:10A810000023FAE724AF002020AF0020006D0020C5
:10A82000044BC01A044BC0105843044B01221A5465
:10A83000704700BF786F0020ABAAAAAA1AB3002005
:10A8400070B50E4B0E4C1E7C06EB460304EBC304A6
:10A850000546204608F062FE0A4B002228469A551B
:10A86000FFF7C0FF48B1084B08491A68013A204673
:10A87000D317BDE8704000F087BB70BDECAE002080
:10A88000786F00201AB3002024AF002021A8050013
:10A8900038B50D4D2B4653F81C4F9C4200D004B9DF
:10A8A000EC68AB6838B95A7BD20604D1A26912B9F8
:10A8B000DA897F2A05D89C4202D02046FFF7C0FFE4
:10A8C0002346AB6138BD00BFECAE002070B590F9F7
:10A8D0000D20437B002A014604DA03F07F03437313
:10A8E00008F0FDFC4B7B154A63F07F0310464B7369
:10A8F00050F81C3F146A834208BF002323B9C1E902
:10A900000004216011620CE091F90E5093F90E6081
:10A91000B5420ED0AE420CDD5868C1E9003001608E
:10A9200059609068431A5842BDE870405841FFF79B
:10A93000AFBF9C42E3D01B68E0E700BFECAE002055
:10A9400070B490F90D30427B002B29DBD30627D160
:10A9500083692BBB134962F07F0242730A4652F8A7
:10A960001C4F944218BF23460C6A23B9C0E9002447
:10A97000206008620CE090F90E5093F90E60B54229
:10A980000AD0AE4208DD5A68C0E900321060586053
:10A9900070BC0020FFF77CBFA342E7D01B68E4E750
:10A9A00070BC7047ECAE002008B590F90D20437BD9
:10A9B000002A014604DA03F07F03437308F08FFC9A
:10A9C000044B9868431A58425841BDE80840FFF7C5
:10A9D0005FBF00BFECAE002070B515461C460646B2
:10A9E00008F098FCB4F1FF3F08BFB5F1FF3F08D075
:10A9F0002A46234606F118000249BDE8704000F0DF
:10AA0000C3BA70BDED33060038B54FF02003EFF345
:10AA1000118583F31288BFF36F8F104B104A9C6827
:10AA20001068A04206D1FFF70BFF85F31188BFF332
:10AA30006F8F38BD00211B7C11600A4AD35C002B4C
:10AA4000F3D02046FFF7CEFE0028EED0637BDB0676
:10AA500002D12046FFF73AFF2046E4E7ECAE0020A3
:10AA60001CAF00201AB3002070B50C480C4D86684E
:10AA70002E600C461146DDE904234FF02006EFF36B
:10AA8000118586F31288BFF36F8F8068FFF7A4FFEC
:10AA90002046BDE87040DCF751BC00BFECAE0020A2
:10AAA0001CAF0020F8B504464FF02003EFF31186E9
:10AAB00083F31288BFF36F8F437BDA0649B219D153
:10AAC0008569BDB903F07F03437308F008FC437B3D
:10AAD000164A817363F07F034373134653F81C0FC8
:10AAE000984218BF0546106A5DB9C4E90030046099
:10AAF000146211E0A173002086F31188BFF36F8FF9
:10AB0000F8BD95F90E70B9420BD08F4209DD6B6824
:10AB1000C4E900531C606C600120FFF7B9FE0120FE
:10AB2000EAE7A842E1D02D68DEE700BFECAE0020E6
:10AB300049B9EFF3058030B9054B9A699B689A4291
:10AB400001D0DCF7FBBB81F31188BFF36F8F704737
:10AB5000ECAE002010B54FF02002EFF3118482F329
:10AB60001288BFF36F8F427B510704D484F311889E
:10AB7000BFF36F8F10BD22F004024273FFF7E0FEB7
:10AB800021460248BDE81040FFF7D2BF1BB30020AA
:10AB900070B50446183008F0C1FC4FF02003EFF305
:10ABA000118683F31288BFF36F8F94F90D20637BB6
:10ABB000002A05DA03F07F036373204608F08FFB59
:10ABC0000B4D637BA86843F010036373031B58426B
:10ABD0005841FFF75DFE86F31188BFF36F8FAB68B6
:10ABE000A34203D1BDE8704008F05BBC70BD00BF5C
:10ABF000ECAE00204FF02003EFF3118183F31288B5
:10AC0000BFF36F8F044B9A68D37B013BD37381F3FF
:10AC10001188BFF36F8F7047ECAE002010B54FF076
:10AC20002003EFF3118483F31288BFF36F8F084B77
:10AC30009A68D37B0133D3730020FFF729FE84F396
:10AC40001188BFF36F8FBDE8104008F02ABC00BF29
:10AC5000ECAE0020024B03F11C02C3E9072270474F
:10AC6000ECAE0020F8B54FF02003EFF3118583F32D
:10AC70001288BFF36F8F19498868437B03F07F0305
:10AC8000437308F02CFB8B685A7B084662F07F0206
:10AC90005A7350F81C2F0C6A824208BF002222B956
:10ACA000C3E9000423600B620CE093F90E6092F993
:10ACB0000E70BE420ED0B7420CDD5168C3E90021D0
:10ACC0000B6053600120FFF7E3FD2846BDE8F84024
:10ACD000DCF734BBA242E3D01268E0E7ECAE002020
:10ACE00050EA01032DE9F04105460E4603D1FFF776
:10ACF000B9FF00202CE0831C71F1FF332ADB08F040
:10AD000023FC2C184FF02003EFF3118883F31288F3
:10AD1000BFF36F8F114F124BB8681860FFF744FEF6
:10AD2000B86810492A463346183000F02DF9BA6841
:10AD3000537B43F0100353734046DCF7FFFA08F0EF
:10AD400003FC201A63EB0303012873F10003D0DB3B
:10AD5000BDE8F0816FF00104241AD3E7ECAE0020C7
:10AD60001CAF0020ED330600B1F1FF3F08BFB0F18A
:10AD7000FF3F08B506D1084B9868FFF709FF4FF071
:10AD8000FF3008BDFFF7ACFF4FF47A7380FB03037D
:10AD9000C00B40EA4340F4E7ECAE002038B50A4C63
:10ADA0000A4A4FF400450021C0FB0541002320461C
:10ADB000CBF7B2FBC117FFF793FF044B80FB0303F4
:10ADC000C00B40EA434038BD3F420F0040420F00F5
:10ADD000014B9868704700BFECAE00202DE9F041B0
:10ADE00004464FF02003EFF3118683F31288BFF37C
:10ADF0006F8F037BD9070BD586F31188BFF36F8F55
:10AE0000404080F311884FF0040002DFBDE8F0817C
:10AE1000437B1A0704D586F31188BFF36F8FF5E7DC
:10AE200023F0200242F00801D20923D14173A36824
:10AE300013B1204608F05BFA04F1180008F06EFB2D
:10AE400004F158074FF00008A56DBD4200D0CDB900
:10AE50000120FFF71DFD2046DCF77AFB104B9B68B5
:10AE6000A342D8D1EFF30583002BD4D13046DCF7D1
:10AE700065FAD0E703F05F0343F00803437308F07B
:10AE80002EFAD4E7284608F032FA05F1180008F047
:10AE900045FBC5F87C802846FFF752FDD4E700BF8C
:10AEA000ECAE0020D3B5DDE90667089CCDE900676C
:10AEB000FFF7DAFD1CB1034B9B685B69236002B0AE
:10AEC000D0BD00BFECAE002008B50648064A0749D1
:10AED000121A07F064FFBDE80840054A0549064814
:10AEE00007F05DBF000000207C1C0020280D07003B
:10AEF00000000000280D070000000020034B1B6825
:10AF00000BB9FCF7CDB90020704700BF28AF002077
:10AF100010B50E4B1C689C4204D1FFF7EFFF6FF099
:10AF2000004010BDFFF7EAFF002CF8D0D4E904324E
:10AF30001B1A62EBE072B3F1004F72F10001EEDA1E
:10AF4000002AACBF18460020EBE700BF60140020C9
:10AF500030B570B10B4B5B6898420AD0036843B1BF
:10AF6000D3E90421D0E90445121941EB0501C3E9F5
:10AF70000421D0E9003213605A600023C0E9003395
:10AF800030BD00BF60140020B3F1FF3F08BFB2F135
:10AF9000FF3FF8B504461D4616465CD081604FF071
:10AFA0002003EFF3118783F31288BFF36F8F013211
:10AFB00075F1FF3324DA2D49D1E900206FF0010348
:10AFC0009B1A4FF0FF3262EB00009E1B60EB050006
:10AFD000012E70F1000301DA01260020C4E90460AB
:10AFE000234ED6F800C07568B44508BF4FF0000C7A
:10AFF000BCF1000F0DD1C4E900652C6074601CE049
:10B00000FFF77CFF013645F10005361845EBE0708F
:10B01000E4E7DCE90420D4E90431934271EB000E4B
:10B020001ADAD21ADCF8043060EB0100CCE9042013
:10B03000C4E900C31C60CCF804403368B34206D0B6
:10B040009C4204D1FFF764FF0021FCF7FBF887F373
:10B050001188BFF36F8FF8BD9B1A61EB0001AC45FF
:10B06000C4E90431C7D0DCF800C0C1E7906F00200C
:10B07000601400202DE9F84F4FF02003EFF3118703
:10B0800083F31288BFF36F8FDFF8B8902B4E2C4CF0
:10B090003060D9F800004FF0000A484508BF002092
:10B0A0004FF0000BD4E9001E33683D4688B3D0E969
:10B0B00004874FEAE37C43457CEB070206DAB8EBF2
:10B0C000030267EB0C07C0E9042722E018EB01013B
:10B0D0004EEBE873C0E904ABC4E90013FFF738FF97
:10B0E00085F31188BFF36F8F836898474FF0200373
:10B0F000EFF3118583F31288BFF36F8F3368D9F8AC
:10B100000000A3EB080348452F463360CAD1D4E9B9
:10B11000001E59184EEBE373C4E900130024346099
:10B12000FFF7F6FE2146FCF78DF885F31188BFF393
:10B130006F8FBDE8F84FFFF767BC00BF28AF002056
:10B14000906F00206014002010B54FF02003EFF343
:10B15000118483F31288BFF36F8FFFF7CFFE064A87
:10B160000346D2E90001181841EBE37184F311881A
:10B17000BFF36F8F10BD00BF906F0020F8B504467D
:10B180004FF02003EFF3118783F31288BFF36F8F23
:10B19000026822B187F31188BFF36F8FF8BDD0E941
:10B1A0000A36581C46F10001022871F1000127D32C
:10B1B000012B76F10001BCBF012316465D1E46F14E
:10B1C000FF3608F0C5F9013041F10001401946EBA6
:10B1D0000101012871F100013ADB08F0B9F90130F1
:10B1E00041F100016FF00102401946EB0103121A10
:10B1F0004FF0FF3161EB030318492046FFF7C4FE0F
:10B20000236B01332363236A73B187F31188BFF380
:10B210006F8F236A204698474FF02003EFF3118782
:10B2200083F31288BFF36F8F54F8185FA542B1D033
:10B23000002DAFD0284608F0A5F80023EB6787F370
:10B240001188BFF36F8F2846BDE8F84008F08AB830
:10B250006FF001024FF0FF33CEE700BF7DB1050074
:10B260002DE9F047B3F1FF3F08BFB2F1FF3FDDE941
:10B27000088905461C4617461E461BD0531C74F110
:10B28000FF3308DB012A74F10003BCBF0122002454
:10B29000571E44F1FF36284608F040F9C5E90A89EF
:10B2A00000232B633A46334628460349BDE8F0475E
:10B2B000FFF76ABEBDE8F0877DB105002DE9F347D1
:10B2C0001D46294B9F68012387F8603087F861305D
:10B2D00052EA050316460CBF0123002307F1600262
:10B2E000804608F005FA81464FF02003EFF3118AFB
:10B2F00083F31288BFF36F8F97F8604064B90146FB
:10B300005246404608F094F98AF31188BFF36F8FD4
:10B31000204602B0BDE8F087002387F8603056EA87
:10B32000050306D18AF31188BFF36F8F6FF00A040B
:10B33000EEE7CDE900650D4A0D485146FFF794FB55
:10B3400004464FF02003EFF3118583F31288BFF317
:10B350006F8F2A464946404608F06AF985F31188FE
:10B36000BFF36F8FD4E700BFECAE0020681400205D
:10B370001BB3002038B503464FF02002EFF31185D0
:10B3800082F31288BFF36F8FC16001218160006872
:10B39000834206D185F31188BFF36F8F00242046C6
:10B3A00038BDD0E9003213605A600023C0E9003391
:10B3B00008F015FA294604460148FFF7B9FBEEE705
:10B3C0001BB3002073B506460D4607F08FFD78B914
:10B3D0000B4B9B681C6F7CB12A1D09D200200021F9
:10B3E000CDE9000146F00401204607F0E3FC08B96E
:10B3F000002401E00460041D204602B070BD00BFBF
:10B40000ECAE0020014801F09CB900BF320C0700EF
:10B410000CB430B589B005460C461C22002101A8A9
:10B4200008F067FA02238DF806300E4B029305955B
:10B4300023462CB1B4F1004F28BF4FF00043013B2D
:10B440001D440DAA0C99069501A8009200F0E8F899
:10B4500014B1059B00221A7009B0BDE8304002B05B
:10B46000704700BFF13C0600242A2DE9F041044654
:10B4700001D8012A4CD108F043FC354B16221A5052
:10B4800001B10C6000273846BDE8F08135462E46F4
:10B4900016F8010B2028F9D0A0F10907042F034664
:10B4A000F4D92B2836D02D2837D14FF0010C6B78EA
:10B4B000AE1C302B38D1307840F0200078282FD1C6
:10B4C00032F010002CD173783446102202360CF181
:10B4D000004001380027B0FBF2FE02FB1E08392BAA
:10B4E00082BF03F1FF3343F02003263B303B9A42F7
:10B4F0001ED9774502DC03D1984501D24CF0020CED
:10B50000354607FB023715F8013B34462E46E6E781
:10B510000546BCE74FF0000CC9E74FF0000CC8E748
:10B52000002A08BF0822D2E7002A08BF0A22CEE775
:10B5300001B10C601CF0010F18BF7F421CF0020F1C
:10B54000A1D0074608F0DCFB014B22221A509AE7F3
:10B550000C000000242AF0B5044601D8012A40D18D
:10B5600008F0CEFB2D4B16221A5001B10C600020C2
:10B57000F0BD2F463D4615F8010B2028F9D0A0F16B
:10B580000906042E0346F4D92B282CD02D282CD1C3
:10B5900001267B78BD1C302B2DD1287840F020006F
:10B5A000782824D132F0100021D16B782C4610225B
:10B5B00002350020392B82BF03F1FF3343F0200313
:10B5C000263B303B9A421AD9A0FB02040CB9C018A2
:10B5D00001D346F002062F462C4617F8013B3D46A4
:10B5E000E8E70746C6E70026D3E70026D3E7002AA8
:10B5F00008BF0822DDE7002A08BF0A22D9E701B107
:10B600000C60F20748BF4042B307B1D508F078FBA1
:10B61000024B22221A504FF0FF30A9E70C00000025
:10B620002DE9F04F8BB043680193837881469807EA
:10B63000144640F1098100250F78002F00F00681A3
:10B64000252F0BD04B1C02930135019B49463846F0
:10B6500098470028C0F2F2800299EDE74F788B1CE2
:10B66000252F0293F0D000239A469846B8F11F0F79
:10B6700037D8A7F12002102A0AD8DFE802F02909FA
:10B68000092F0909092009090927092C09091E00A0
:10B69000A7F13002092A32D92A2F36D118F0400FEB
:10B6A00054F8042B7ED1002AA7BF48F02008924608
:10B6B000C2F1000A48F0280801E048F00108029AA7
:10B6C00012F8017B0292002FD0D130E048F002083E
:10B6D00048F00408F3E748F00808F0E748F01008DD
:10B6E000EDE7B8F17F0F19D8A7F13002092AD3D8B6
:10B6F00018F0400F03D00A2101FB0323DFE70A21E2
:10B7000001FB0A2A48F02008D9E72E2F06D118F0AD
:10B71000400F40F09B8048F04008D0E76C2F2ED0BF
:10B7200028D8682F33D06A2F39D04C2F37D0002B30
:10B7300047F02002B8BF28F04008A2F16501BCBF65
:10B740001FFA88F80023022901D9612A2CD1073475
:10B7500024F00704A24E0834072718F0080F64D01D
:10B7600006EB070BB046D84561D1AE1BB044AAEB3F
:10B77000070A62E1742FA2D07A2FA0D0D7E718F081
:10B78000800F18BF48F4007848F0800897E718F455
:10B79000807F18BF48F4007848F480788FE748F439
:10B7A00020788CE713468AE7A7F16301122900F29B
:10B7B000E080DFE811F013004F00DE00DE00DE0065
:10B7C000DE004F00DE00DE00DE00DE00DE00EE0008
:10B7D000D900DE00DE001A00DE00A30054F8043BAE
:10B7E0008DF81C30012707AEB7E754F8046B7D4A8B
:10B7F000002E08BF164618F0400F14BF19464FF030
:10B80000FF31304608F068FA0746A6E7019B494633
:10B8100020209847002811DB08F1FF384745F5D371
:10B820005544A5EB0805C2469AE7D046F6E718F856
:10B83000010B019B49469847002894DA99F8023099
:10B8400043F0040389F802304FF0FF3528460BB06F
:10B85000BDE8F08F18F0800F2ED018F4007F1BBFCA
:10B86000073424F0070454F8040B54F8080B28F0AC
:10B8700010060028B6B22ADA404246F480660393E6
:10B880000DF11C080A22414608F00CFA7206039BCF
:10B89000A0EB080853D526F00101434589B240F3D7
:10B8A0009380002F00F08B8016F01002039240F07E
:10B8B0008D809B460E4616E018F4807F54F8040BEA
:10B8C000D5D018F4007F14BF40B200B2CFE7D6D174
:10B8D00018F0400FD3D0002BD1D128F011081FFA57
:10B8E00088F69B46984640F2064116EA010203920A
:10B8F0001EBF00220BF1010B039228E028F0100874
:10B900001FFA88F80A2218F0800F45D018F4007F3B
:10B910001BBF073424F0070454F8040B54F8080B39
:10B92000002844D128F0160618F0400FB6B242D0D5
:10B93000002B40D128F017081FFA88F6984616F019
:10B940001002039249D0002F45D108F1010B3107B5
:10B950005CD4F20706D5DA4572DDAAEB0B0202EBE6
:10B960000803D3465A464BE048F0100810227827C7
:10B97000C9E7782A04D1C7F1780242F01002C2E781
:10B98000019B4946252098470028FFF657AF02350E
:10B990005BE608220027B6E718F4807F54F8040B12
:10B9A000BED018F4007F14BFC0B280B2B8E728F050
:10B9B00006081FFA88F603930DF11C0863E726F0CA
:10B9C0001106B6B29B468EE70E46B8E71A460E46FB
:10B9D00002F1020BBBE74246FAE7C34683E700BF2A
:10B9E000670C0700600C0700CDE904324946019B53
:10B9F000202098470028FFF621AF059A049B0132CA
:10BA00009245F1DCA5EB0B018D189346039A1AB30E
:10BA100003934946019B302098470028FFF60EAF5C
:10BA2000039B7FB901355E19711B414526DC4646F3
:10BA300007AF66BBA844AAEB0B0A4546C24437E0F1
:10BA400043468FE70393023549463846019B9847A2
:10BA50000028039BE7DAF1E640F206410E42E2D00D
:10BA600016F0020F14BF2B20202016F4806F0393D2
:10BA700005F10105494618BF2D20E7E7019B49461E
:10BA800030209847002805F10105CDDAD6E6013EC1
:10BA9000019BB85D494698470028CADACEE6019B6B
:10BAA000494620209847002805F10105FFF6C6AE5B
:10BAB000AAEB0503002BF2DCCEE500BFF0B589B0A0
:10BAC00005460C46164600211C2201A81F4607F019
:10BAD00010FF02238DF806300B4B0293059520468C
:10BAE0002CB1B4F1004F28BF4FF00040013805449D
:10BAF0003A46314601A80695FFF792FD14B1059B21
:10BB000000221A7009B0F0BDF13C060070B588B093
:10BB100004460D46164600211C2201A807F0E9FE46
:10BB200002238DF80630094B029304F10043013BD8
:10BB30003246294601A806930594FFF771FD0028B7
:10BB4000A4BF0023235408B070BD00BFF13C060021
:10BB5000024610EE100AC0F3C75320F0004183B92B
:10BB6000A9B3DFED1B7A1B4960EE277A8A4217EEF4
:10BB7000900AC0F3C753A3F1190307DAC00F00F00E
:10BB80002DB8FF2B02D130EE000A70474CF2503135
:10BB90008A4202DDC00F00F031B81344FE2BF9DCFD
:10BBA000002B06DD20F0FF4040EAC35300EE103AC0
:10BBB000704713F1180FE1DB193320F0FF4040EA22
:10BBC000C3509FED050A07EE900A27EE800A7047E2
:10BBD0000000004CB03CFFFF000000339FED050A61
:10BBE000DFED057A002808BFF0EE407A27EE800AE4
:10BBF000704700BF00008000000080809FED050AB4
:10BC0000DFED057A002808BFF0EE407A27EE800AC3
:10BC1000704700BFFFFF7F7FFFFF7FFF0028BFEE61
:10BC2000007A9FED050AF7EE007A18BFF0EE477A2A
:10BC300087EE800A704700BF0000000008B52DEDB8
:10BC4000028BB0EE408A00F00DF820B938EE080AF9
:10BC5000BDEC028B08BDDFED027A87EEA70AF7E79D
:10BC60000000000010EE103A33F000400DD0A0F5B7
:10BC70000003B3F1FE4F0AD3074B421E9A4208D984
:10BC8000A0F1FF43584258417047022070470420FA
:10BC900070470320704700BFFEFF7F007047D8F752
:10BCA00083BD014640F2E73008B54FF47A720023B5
:10BCB00000EBC1304914CAF72FFCBDE80840FFF77C
:10BCC00053B80023D8F770BD10B50446D3F736FB40
:10BCD00010B12046CFF760FE002010BD014640F2B3
:10BCE000E73008B54FF47A72002300EBC1304914F5
:10BCF000CAF712FCBDE80840FFF736B8F8B50646AB
:10BD000008460F461446CAF783FD054654B1013C68
:10BD100084422246394628BF0246304607F0DBFD02
:10BD2000002333552846F8BDD0F788B8D0F786B839
:10BD3000D0F7E6B882B02DE9F0418CB012A981E8C5
:10BD40000C009DF8603007460DF118082BB30D4626
:10BD50000FCD6C460FC495E8030084E803006E46DF
:10BD60000FCE45460FC594E8030085E80300386808
:10BD7000D0F7C6F840B383689D6865B30CAB13E990
:10BD80000F0014AC84E80F0098E80C0038462946F0
:10BD90000CB0BDE8F04102B0084712AC0FCC6D46C4
:10BDA0000FC594E8030085E803006C460FCC4646B7
:10BDB0000FC695E8030086E803003868D0F7A0F8BE
:10BDC00010B18368DD68D8E76FF015000CB0BDE8EE
:10BDD000F04102B070476FF08500F7E710B5837A45
:10BDE00004681A44C37A1944437A14B901FB032046
:10BDF00010BD13FB01F3134442689BB2934204D27B
:10BE000054F8230008B10138F2E76FF01500EFE7AE
:10BE1000084307D1824201D10020704743F8200037
:10BE20000130F7E76FF0150070470021D0F7F4BA42
:10BE3000012303FA01F103691B68194218BF82F05C
:10BE4000010212B18368DB68184783681B69FBE74E
:10BE500003691878704770B5A1F1080406460546D5
:10BE60000FCC0FC594E80F0085E80F00304670BD79
:10BE70000020704782B008B502A9006881E80C0074
:10BE8000FFF756FF43681868D7F784FE83681B687E
:10BE900003B118476FF08500704783685B6803B192
:10BEA00018476FF08500704783689B6803B1184797
:10BEB0006FF08500704782B08DE80C00002002B062
:10BEC0007047002070470023D8F76EBC70B500247F
:10BED0000646254646FA04F3DB0703D5E0B2D0F761
:10BEE00039FE05440134082CF4D1284670BD70B5E4
:10BEF00000240646254646FA04F3DB0703D5E0B2E4
:10BF0000D0F780FE05440134082CF4D1284670BDDA
:10BF1000C0F30743072B04D00C2B05D06FF015009E
:10BF2000704780B2D0F764BF80B2D0F7B7BFC0F31C
:10BF30000743072B04D00C2B05D06FF0150070477A
:10BF400080B2D0F76DBF80B2D0F7BEBFC0F3074359
:10BF5000072B03D00C2B04D00020704780B2D0F701
:10BF600079BF80B2D0F7C8BF0020704770B510F419
:10BF70007F0F86B2C0F3074488B0A6F1E0054FEA10
:10BF800010601AD1072D1CD90724C5B20020CDE9B5
:10BF9000062308AB8DF811008DF8121013E9030089
:10BFA0008DE80300ADF8084003968DF8105002AB01
:10BFB0000FCBD3F73BF908B070BD072DE5D8072CA0
:10BFC000E3D1C0B207240025E1E70023D8F7ECBB9A
:10BFD00030B591B004460AAD18220021284607F07A
:10BFE00088FC23680B93D4E90423CDE90C2323793F
:10BFF0008DF838300023CDE90733E26909935268A0
:10C000000792A268049310AB089213E90F008DE821
:10C010000F0007A895E80C00CFF79EFF11B030BDC8
:10C0200070B5C669037EF27D90B004460AB1032B59
:10C030002AD0023B012B05D8204610B0BDE8704045
:10C04000FFF7C6BF0AAD18220021284607F051FCB1
:10C0500023680B93D4E90423CDE90C2323798DF8CD
:10C0600038300023CDE907330993B2680792E268BC
:10C07000049310AB089213E90F008DE80F0007A896
:10C0800095E80C00CFF768FF10B070BD30B591B0E7
:10C0900004460AAD18220021284607F02AFC23682E
:10C0A0000B93D4E90423CDE90C2323798DF83830A0
:10C0B0000023CDE907330993E3695B680793A3681D
:10C0C00008930123049310AB13E90F008DE80F00D0
:10C0D00007A895E80C00CFF73FFF11B030BD037EF5
:10C0E0000BB9D1F725B9704790F830304BB142F217
:10C0F0000F7340F8203C002300F8083C80F83030F3
:10C10000704704212038FFF7EABF0023D8F74CBB63
:10C1100082B030B585B008A90446006881E80C00FB
:10C12000FFF706FE036945680294D3E902018DE832
:10C13000030008A80CCB05F10C01D1F743FE002049
:10C1400005B0BDE8304002B0704782B070B588B02D
:10C150000CA90446006881E80C00FFF7E9FD002502
:10C1600046680269316812690491CDE90655716823
:10C17000ADF81C2006AB0294059193E80300DDE9BD
:10C1800004238DE803000CA806F10C01D1F71AFE78
:10C19000284608B0BDE8704002B0704700207047E4
:10C1A00000207047002070470020704782B08DE863
:10C1B0000C00012002B0704782B08DE80C00012015
:10C1C00002B070470020704782B08DE80C0000205C
:10C1D00002B0704782B08DE80C00002002B07047BA
:10C1E000002070472DE9FF4D06460D4617460024F6
:10C1F0004FF001084FF0FF3A4FF0FF3B25FA04F3F0
:10C20000DA0710D508FA04F18D430CBF012300238F
:10C2100004F580720093CDE902AB3B4692B2012156
:10C220003046F7F713FD0134052CE7D104B0BDE823
:10C23000F08D10B5B0F90430044643B1D0E90232B4
:10C24000134303D107F084F9C4E9020110BD0022B1
:10C250000023C0E90223F9E70023D8F7A5BA08B5FF
:10C26000D0F714FED0F740FED0F758FF0720D2F7E2
:10C2700095FBBDE808400C20D2F790BB08B5D2F77B
:10C2800047FC002008BD002070470346012000FA4B
:10C2900003F28A431CBFB3FA83F04009704738B5F4
:10C2A0000724E5B22846D2F76DFE10B9013CF8D25A
:10C2B0000546284638BD10B50446D2F763FE20B1C6
:10C2C0002046BDE81040D2F77DBE2046BDE81040B4
:10C2D000D2F75EBE37B5D0F72BFA034650B1D3E99B
:10C2E0000445027A0078CDE900455968D2F728FF65
:10C2F00003B030BD6FF08500FAE770B5A1F1080416
:10C30000064605460FCC0FC594E80F0085E80F00E0
:10C31000304670BD13B56C462046D2F735FB94E825
:10C32000030002B0BDE81040D2F7A6BF08B5FFF782
:10C33000F1FFBDE80840D4F71DBC08B50020FFF7A9
:10C34000F5FF002008BD0020704782B08DE80C008A
:10C35000002002B07047D3F73BB8072207F080BC3B
:10C360000023D8F721BAD3F7F9BB704737B51C467D
:10C37000BDF8183015469BB9012C14D103F01BFDF4
:10C38000D3F7D4FD002811DB01908DF8004002ABFB
:10C39000284613E90600D2F795FF204603B030BDCA
:10C3A0006FF00600FAE76FF00C00F7E76FF00D0092
:10C3B000F4E7F0B585B01F4604460D461646D0F7A3
:10C3C000D5FE092302930130BDF828300190009377
:10C3D00032463B462946204604F0CAFD05B0F0BD72
:10C3E0001FB502240294CC680194BDF81840009453
:10C3F00004F0BEFD04B010BD1FB504240294CC6847
:10C400000194BDF81840009404F0B2FD04B010BDD2
:10C41000F0B585B01F4604460D461646D0F7A2FE7D
:10C42000062302930130BDF8283001900093324674
:10C430003B462946204604F09BFD05B0F0BDF0B513
:10C4400085B01F4604460D461646D0F787FE0F23DB
:10C4500002930130BDF828300190009332463B46EC
:10C460002946204604F084FD05B0F0BD38B50C46E1
:10C47000BDF81000E5681C46C318012B114605DC09
:10C480002246284407F027FA204638BD6FF00604FC
:10C49000FAE7002070470020704782B08DE80C005A
:10C4A00043681BB9052002B0D6F7D4BB6FF08500F6
:10C4B00002B0704782B08DE80C0043681BB90420BD
:10C4C00002B0D6F7C7BB002002B07047002070470B
:10C4D00082B08DE80C00002002B070470020704749
:10C4E0000023D8F761B9D4F7D9BB10B50C46114673
:10C4F000D4F720FF38B1B0F8823023B12046BDE830
:10C500001040D4F7A1BB10BD08B5D4F709FF00282F
:10C5100003DBBDE80840D5F72DBA08BD82B003782B
:10C520008DF8043043788DF8053083788DF8063027
:10C53000C3788DF80730019802B0D4F793BE82B06B
:10C5400003788DF8043043788DF80530019802B0F7
:10C55000D4F72ABE08B5D5F7D3FDBDE80840D0F71B
:10C56000F1B808B5D0F7FAFDBDE808401021D5F7BD
:10C5700025BE08B5D0F7F6FDBDE808400721D5F780
:10C580001DBE08B5D0F7F2FDBDE808400A21D5F779
:10C5900015BE08B5D6F750FBBDE80840D6F75ABB24
:10C5A0002DE9F04706460D46174698462BB398F8F6
:10C5B000004093F80190DB78A40004EB430498F862
:10C5C00002301C4444444FF0000ACA4509D3D8F84D
:10C5D000042008F1080339463046AC46BDE8F04770
:10C5E000604714F8013B48F823402046CAF710F989
:10C5F000013004440AF1010AE7E76FF01500BDE8D5
:10C60000F08770B5002502462846144614F8013B11
:10C610000BB9184609E098B18D4207D1702B04D0B0
:10C62000A3F140023A2A0BD8002070BDA3F14006C6
:10C630003A2E05D853780135941C002BE9D0002000
:10C64000252B08BF80F001002246DEE7F0B5642309
:10C650000546042600200A2769B9F0BD9A42B2FBBC
:10C66000F3F40CD2012B0AD048B903FB1422D2B246
:10C670000A24B3FBF4F3013EF0D12E70EDE7303421
:10C6800005F8014BB2FBF3F4013903FB142201302E
:10C69000B3FBF7F3C9B2C0B2D2B2DBB2DCE7A0F1B0
:10C6A0003003DBB2092B02D80B7000207047A0F1D9
:10C6B0006103052B02D85738C3B2F5E7A0F1410357
:10C6C000052B01D83738F7E76FF015007047F7B53D
:10C6D000054601F0010000EB51069E424FEA51076A
:10C6E00003D90026304603B0F0BD58B128780DF1CB
:10C6F0000701FFF7D4FF0028F3DB9DF8073002F8AD
:10C70000013B013501351744BA42EBD015F8010C55
:10C710000DF10701FFF7C3FF0028E2DB9DF807409A
:10C720002401E4B2147015F8020BFFF7B8FF0028DB
:10C73000D7DB9DF807301C4402F8014BE4E70020EA
:10C7400070470FB407B504A951F8040B019101F02B
:10C7500098F803B05DF804EB04B0704701F091B8AD
:10C7600000EBC100408840087047F8B50346FFF76A
:10C77000F7FFB0FA80F0C0F11F0003EB800CCA0095
:10C78000DCF81060171D0C4606328DB256B9012137
:10C7900001FA00F0D9680143D960CCF81040DD53AC
:10C7A0009D52F8BDF1000431585AD85303EBC00034
:10C7B0009E52C5805D52F4E710B500EBC104E388DA
:10C7C000994202F104010AD1012303FA02F2C3687B
:10C7D00023EA0203C360002340F8213010BDA28881
:10C7E00040F8213000EBC20100EBC300CB80828017
:10C7F000F4E708B50346FFF7B3FFB0FA80F2C2F1E1
:10C800001F021846BDE80840FFF7D6BF2DE9F843E0
:10C81000B1FA81F5C5F11F0900EB89080346D8F884
:10C8200010200E46C2B10327D8F810401846214602
:10C83000FFF796FFB04206D34A461846FFF7BCFF03
:10C840002046BDE8F88303EBC404013FE088C8F844
:10C85000100001D08242E7D1C5F120024FF0FF3431
:10C860009440DA681440EBD094FAA4F2B2FA82F25F
:10C87000111D53F821402146DFE738B50346FFF785
:10C880006FFF0D46044611461846FFF769FF03EB9C
:10C89000C5050444600068801846FFF761FF014445
:10C8A00023F8314038BD38B50346FFF759FF0C4631
:10C8B000A51A511A03EBC40405444800608003EB39
:10C8C000C2006C00448023F8321018461146FFF76E
:10C8D00047FF014423F8315038BD38B50546FFF70E
:10C8E0003FFF0C46014405EBC1035B88DA070AD41D
:10C8F0002846FFF77EFF21462846FFF731FF221822
:10C900002846FFF7BAFF35F83410611A05EBC1036A
:10C910005B88DB070CD42846FFF76BFF35F8341033
:10C920002246611A2846FFF7A8FF35F83430E41A8A
:10C9300021462846BDE83840FFF717BF61B10068BF
:10C940000439091A21F007030344C9085A8822F060
:10C9500001025A80FFF7C1BF704770B5056809B979
:10C96000002070BDAB68B3EBD10FF9D90B31CC0807
:10C9700021462846FFF74AFF06460028F0D0014628
:10C980002846FFF7EDFEA04207D932192846FFF7E7
:10C990008AFF11462846FFF7E8FE05EBC60210465F
:10C9A000538843F0010353800430DAE72DE9F8435C
:10C9B00001F1FF3919EA010906680F4614460CD047
:10C9C0004B420B40042B1A464F4628BF042299467F
:10C9D00064B900252846BDE8F883042904D8BDE8D9
:10C9E000F8431146FFF7B9BF0422F1E7B368B3EB90
:10C9F000D40FEED904F10B013944891AC908304625
:10CA0000FFF704FF80460028E3D009F1040505EB99
:10CA1000C0057B1E35441D44B5FBF7F57D43A5EBF2
:10CA200009052C442B1F07349B1B24F00704A41B6F
:10CA3000B0EBD30F4FEAD3074FEAE40408D2014624
:10CA40003A463046FFF72FFF41463046FFF78DFE4E
:10CA500039463046FFF784FE3844844207D23046D8
:10CA60002246FFF720FF21463046FFF77EFE06EB09
:10CA7000C706738843F001037380ABE7043A2DE9DE
:10CA8000F041CC1D114424F0070421F007010E1BD6
:10CA9000F708B7FA87F2C2F12405AD004FF000089D
:10CAA0000735C2F12002ED0804604146A760C4F8D2
:10CAB0000C80920004F1100006F01BFF6B0043F0A5
:10CAC0000103638004EBC5027B1B5900A4F80080BE
:10CAD0005180A21924F83550A2F80280A35304EB28
:10CAE000C70329465A8842F001025A802046BDE811
:10CAF000F041FFF73ABE036800220BB918467047B1
:10CB00008B4210D10B6842B942680360914200D158
:10CB1000436000230B600120704713604368994213
:10CB200008BF4260F5E71A461B68E6E7038B13F07F
:10CB3000070305D10368002B0CBF002003207047BA
:10CB4000022B05D1408BB0FA80F04009800070477D
:10CB5000012B05D10368002B0CBF00200520704776
:10CB60000020704710B50C4600B111B96FF01500E8
:10CB700010BD081D00F0D7F80028F9D1A368032BD9
:10CB8000F6D9F3E72DE9F0410D4607461946281D71
:10CB900090461E4600F0DBF8044638B13346424664
:10CBA00029463846A446BDE8F0416047BDE8F0811B
:10CBB00010B44FF02004EFF3118284F31288BFF316
:10CBC0006F8F41615DF8044B0121D6F7D5BE38B5B2
:10CBD0000C46054658B151B10B6843B14B6833B1AF
:10CBE0001C22002106F085FE2C61002038BD6FF06C
:10CBF0001500FBE770B505460E46FFF7B3FF041EB0
:10CC000015DB4FF02003EFF3118283F31288BFF39B
:10CC10006F8F6B8B2C8B4FF6FF718B4204F00704E8
:10CC200007D182F31188BFF36F8F6FF00A0420469B
:10CC300070BD022C0CD101336B8382F31188BFF3DA
:10CC40006F8F0023224631462846FFF79BFFEEE711
:10CC5000062C14D8DFE804F004131313041A04009C
:10CC6000002333606B683BB9C5E90066ACB90221AB
:10CC70002846D6F781FEDAE71E606E60F6E782F39B
:10CC80001188BFF36F8F6FF00404D0E782F311882F
:10CC9000BFF36F8F6FF08504C9E782F31188BFF38C
:10CCA0006F8FC4E710B54FF02003EFF3118283F3C9
:10CCB0001288BFF36F8F048B04F00704022C0AD094
:10CCC000012C0CBF6FF004006FF0850082F3118817
:10CCD000BFF36F8F08E0438B013B9BB2438323B9C3
:10CCE0002146D6F749FE204610BD2046EEE738B56E
:10CCF000B0B1A9B14FF02002EFF3118582F3128891
:10CD0000BFF36F8F048BFFF7F6FE30B104F007001E
:10CD100085F31188BFF36F8F38BD6FF07700F7E7A9
:10CD20006FF01500F8E7034640B1426802F00302D5
:10CD3000022A06D0032A04D0012A05D06FF015007C
:10CD400070471A68002AF9D000209860704710B523
:10CD50004268816002F00302022A03464FF0000499
:10CD600007D0032A02D05C60002001E018685C60F4
:10CD700010BD18685C600028F6D0FEF7FBFAF3E7F8
:10CD8000F0B5C6684568C369AF1B04464069BB423D
:10CD900098BFFF1AA5EB0000944698BFF6181A1A20
:10CDA000D81B2368AD1B62452B4428BF62460B602D
:10CDB0006368904228BF104603446360F0BDD0E929
:10CDC0000123D21A8A420CD31944C368C269C0E94C
:10CDD0000111C91A8A4201D9002070471344C36067
:10CDE000FAE76FF0150070472DE9F34180460E46D3
:10CDF000154600272A4601A94046FFF7C1FF3146E4
:10CE000004460246019806F066FD2D1B2744264481
:10CE100001D0002CEED139464046FFF7D0FF38460E
:10CE200002B0BDE8F081F0B5044686690569C069C5
:10CE3000A368AF1BB842944698BF3618A3EB05020F
:10CE40002368A5EB060598BF3F1A2B446245A0EB6B
:10CE5000070028BF62460B602369904228BF104636
:10CE600003442361F0BDD0E90423D21A8A420CD3D3
:10CE70001944D0E90632C0E90411C91A8A4201D91D
:10CE80000020704713448361FAE76FF01500704784
:10CE90002DE9F34180460D4616460027324601A98A
:10CEA0004046FFF7C0FF04462DB1024601992846CF
:10CEB00006F011FD2544361B274401D0002CEDD18E
:10CEC00039464046FFF7CFFF384602B0BDE8F08153
:10CED0000FB407B504A951F8040B0191FFF73EFC0C
:10CEE00003B05DF804EB04B0704710B50369024667
:10CEF00013F0080009D11368D4689C4297BF126AE6
:10CF0000E31AD31A01200B6010BD00231846FAE77C
:10CF100013B501A90446FFF7E8FF20B1019BE268C1
:10CF2000013B13440193206A019BC01A013802B0EF
:10CF300010BD10B5044650182269236AD20702D5E5
:10CF4000013B184010BD984228BFC01AFAE710B53F
:10CF500004460A46C168FFF7ECFF2369E06023F04E
:10CF60000803236110BD38B50D46C2698B00016806
:10CF700043F0020342F82130044601682A46FFF7D5
:10CF8000D8FFE36861682060984202BF236943F0DC
:10CF9000080323612A462046FFF7CBFF606038BDB7
:10CFA0002DE9F74FC768C6699B4616F8273003F08E
:10CFB0000303022B04468846914606EB870A4FF08E
:10CFC000000309D01360CBF800302369990710D40F
:10CFD000002003B0BDE8F08F56F8271013608908D1
:10CFE000CBF80030F1D0FFF7B2FFE368A360012077
:10CFF000EFE7A3695046984716F82730DA07054649
:10D00000E6D513F002031DD0B8F1000F03D041465E
:10D010002046FFF7A8FF61682A462046FFF789FFF0
:10D02000D4E902319942606004D12A462046FFF7D4
:10D0300080FFA060A3682360E360236943F00803D6
:10D040002361D4E7014620460193FFF780FFE268A1
:10D05000A260B8F1000F04D02168E269019B42F898
:10D06000213005EB0802CBF8002021682046FFF7AD
:10D0700060FF2369206043F00803236116F827301E
:10D080006FF3000306F82730C9F800A0AFE770B5CA
:10D0900004461546FFF74DFF2368834205D12369F7
:10D0A000216023F00803236170BDE269AB0043F007
:10D0B000020342F82130204661682A46FFF739FF13
:10D0C0006060F1E738B503695B07044606D5456A39
:10D0D000FFF71EFF85422CBF6562606238BD38B520
:10D0E0000D4604461C22002106F003FCEB68A361F8
:10D0F000AB6863612B68E3616B6823620022626244
:10D100002A6923B1591E194208BF42F00102226167
:10D11000012204F128000021BDE8384005F0C5BF18
:10D120002DE9F04F87B000250093036A03958B42E9
:10D1300004460E4692460595A9463AD34FF0200381
:10D14000EFF3118B83F31288BFF36F8F059AD846E4
:10D150002AB129462046FFF79AFF0023059304A928
:10D160002046FFF7C2FE0499B14207462AD322683F
:10D17000E36913F8221021F0030103F8221003EBF6
:10D180008209216832462046FFF7D3FEE36820601B
:10D19000984212D0002788F31188BFF36F8F03994C
:10D1A00029B162690AB12046904700230393002FFA
:10D1B000C4D1484607B0BDE8F08F236943F00803A7
:10D1C0002361E7E718B12046FFF7CDFEE3E7009BB8
:10D1D0005AEA03031AD0019105F088FE0199A8B913
:10D1E0008BF31188BFF36F8F009B524604F1280028
:10D1F000FDF77AF94FF02003EFF3118883F31288DB
:10D20000BFF36F8FB0FA80F77F09C4E705AB03AABD
:10D2100020462568FFF7C4FE0746BCE770B5044604
:10D22000836908460D46984702464FF02003EFF306
:10D23000118683F31288BFF36F8F2B7843F00103BD
:10D240002B7061682046FFF774FE60602046FFF790
:10D2500039FF86F31188BFF36F8F70BDF8B50446B0
:10D260004FF02003EFF3118683F31288BFF36F8F23
:10D27000236913F0080FA36802D16268934200D9B2
:10D28000226AE169D21A2AB986F31188BFF36F8F37
:10D29000002733E011F8232012F0030001EB83078D
:10D2A000F2D0022803D151F82350AD0805D1D007A0
:10D2B00012D4A369384698470546A1682A462046F5
:10D2C000FFF737FE2946A0602046FFF740FE86F3B1
:10D2D0001188BFF36F8FC3E742F0020201F82320E9
:10D2E0003846A369A5689847294602462046FFF7B5
:10D2F00020FEA06086F31188BFF36F8F3846F8BD1B
:10D30000F8B50446836908460D46984706464FF02F
:10D310002003EFF3118783F31288BFF36F8F2B780D
:10D320006FF300032B7023699B0705D5E268E3695F
:10D3300003EB82039D421AD12B786FF341032B70CC
:10D34000D4E90231994204D132462046FFF7F1FD7B
:10D35000A06031462046FFF7FAFD87F31188BFF33E
:10D360006F8F04F12800BDE8F840FDF797B82B68EF
:10D3700060F39F032B60F0E702698368120702D411
:10D3800042689A4200D2026AD31A181E18BF0120BE
:10D390007047704770B406688489806A0D0C16FA6D
:10D3A00081F105FB041184682468A44670BC6047C1
:10D3B0000B6803F580330B60C0891A0CB0EB134F78
:10D3C00004BFA3EB02430B6070472DE9F0431C46FA
:10D3D000C36A1D686D4289B081460E46174605F046
:10D3E00020051CB9204609B0BDE8F083AC42A04638
:10D3F00028BFA84643466A4631464846FFF7CAFF5B
:10D400000028F0D142466946384606F029FC20B98A
:10D41000A4EB080446444744E3E70120E3E710B5E2
:10D42000014604460722FF20D5F7C6FEE07110BD75
:10D430002DE9F0411C46C36A1D686D4288B005F0B5
:10D44000200507460E46684611462A4606F051FA60
:10D450001CB9204608B0BDE8F081AC42A04628BF08
:10D46000A84643466A4631463846FFF7AEFF0028D5
:10D47000F0D1A4EB08044644EAE738B58289036892
:10D480000D0C090C04462D04806A02FB01318368EF
:10D490009B68984750B9E26AA389127929462046C9
:10D4A000FFF7C6FF002818BF6FF0050038BD002346
:10D4B000D7F77AB90378012B81BF01F1FF31C91881
:10D4C0005B4219400846704770B50C460546082176
:10D4D000C06AFFF7EFFF072206462146FF20D5F777
:10D4E0006BFEE379834207D1AA896388901B83424C
:10D4F0002CBF0020012070BD0020FCE738B5054698
:10D500000C46FFF7E1FFA0B1A08898B922884FF63A
:10D51000FF739A420DD1E86A0821FFF7CBFF6288BA
:10D52000AB899B1AB3FBF0F202FB1030B0FA80F02B
:10D53000400938BD0020FCE7F7B504460D46C06A37
:10D540000821FFF7B7FF2968074608232046FFF7A1
:10D5500021FF0646002836D12B683B442B60A28968
:10D5600099B2D21B91422ED11A0C03BFE28902F16B
:10D57000FF3203EB0241A3F58031296008236A469C
:10D580002046FFF707FFE8B9E36A1A796B4613F8FC
:10D59000011B8A420CD101300828F8D1636805E0EC
:10D5A0002B68BDF802201B0C1B0413442B600AE0FF
:10D5B00069462046FFF7A2FF0028F1D12946204600
:10D5C000D6F702FB0646304603B0F0BD2DE9F04326
:10D5D000074689B090461E461BB9002009B0BDE839
:10D5E000F0833C688389080C14FA81F100FB031472
:10D5F000FB6A1D686D4235400CD0B86A83682146CD
:10D60000D3F804902B46C8470028E7D1761BE4D016
:10D610002C44A844202332464146684606F0EFFADF
:10D62000FD6A2A682979921B0DEB060006F061F964
:10D63000B86A2B688268214655686A46A847CDE7D4
:10D6400010B50A46082341680446FFF7BFFF0821CA
:10D650000246E06AFFF72EFF63681B1A63601046FC
:10D6600010BD13B54FF6FF7300220446ADF800302D
:10D670008DF806308368ADF804206846ADF80230B6
:10D68000FFF7CDFE69462046FFF7DAFF02B010BD76
:10D690002DE9F04F044695B0C06A0821FFF70AFF54
:10D6A00063681B0C1B04054603A920460393FFF780
:10D6B0007FFEDDF80CB0A6895E44761B06AA08231F
:10D6C000314620460496FFF765FE021EC0F2A9808F
:10D6D000E36A06AA1979002312F8010B814240F08F
:10D6E0008F800133082BF7D1A36862682B449A42DC
:10D6F0007ED259462046FFF7C0FE024691E0BDF8B3
:10D700001A30360C36041E44049608AA04A9204692
:10D71000DDF810A0FFF710FF0246002840F08180DE
:10D7200008A92046FFF7D0FE18B9019B9A45ECD115
:10D73000DAE7636805930AAA05A92046059EFFF764
:10D74000FBFE024600286CD1BDF82820BDF8203031
:10D750009A4227D06268059B9A42ECD15645E4D1A3
:10D76000BDF82430002BE0D0BDF822704FEA1A43F8
:10D770001B041F4408A8A368ADF82230FFF74FFE32
:10D78000E36ABDF824901E68764206F02006B9F1DF
:10D79000000F0ED108A92046FFF752FF02460028CD
:10D7A000C3D03EE00AA92046FFF78EFE0028D1D064
:10D7B000D4E74E45B04628BFC8460CAA4346394672
:10D7C0002046FFF7E7FD024658BB4346A1680CAA76
:10D7D0002046FFF7FBFE41460246E06AFFF76AFE7D
:10D7E000A3680344A360E2B9A9EB08094744CEE764
:10D7F0002046FFF736FF024600283FF47AAF10E0DC
:10D80000731B06A920460193FFF778FE00287FF4DA
:10D8100076AF04A92046D6F7D7F9024600283FF490
:10D8200074AF104615B0BDE8F08F00231A46D6F746
:10D83000D5BB13B500240094D6F7AEFC02B010BDE2
:10D8400003785B075FBF03684288C3F34A2303EB97
:10D8500012105DBF173020F00700800800207047CD
:10D860000020704704F0F4BF0346BFF35B8F53E81A
:10D87000000F421C43E800210029F8D1BFF35B8F61
:10D8800070471FB50023CDE90201CDE900331A46E8
:10D8900019461846D7F70CF805B05DF804FB0120CF
:10D8A000D6F7BABD0020704770B5D2E901369B1B90
:10D8B0008B420C4615460AD313680A46014698194E
:10D8C00006F009F8AB682344AB60204670BD6FF0EA
:10D8D0001B00FBE770B50E4615461946120D0446AF
:10D8E00018B9BDE87040D6F797BD2BB11030C5F31D
:10D8F0004A23184405F0EFFFC4E900562046BDE86E
:10D900007040D6F71DBFF8B506460D4614461F46B3
:10D91000214628463A46B047241A0544F8D1F8BDB6
:10D9200010B5426881680446D2E900230068FFF719
:10D93000EAFF636800221A6010BD38B54B681A68A8
:10D94000CB689A4205460C4602D10846FFF7E8FF2D
:10D950006368BFF35B8F53E8002F511C43E800104E
:10D960000028F8D1BFF35B8FA3689D54002038BD19
:10D970000A2838B504460D4602D10D20FFF7DDFF19
:10D9800029462046FFF7D9FF002038BD7047704771
:10D9900070B54C680368A34201D2012070BD8A684B
:10D9A0002244934201D30020F8E7D1E903254E69D0
:10D9B000B54203D36FF00B038B61F4E71B1B42F8F6
:10D9C00035304368086902EBC00253600B690133CC
:10D9D0000B61E2E70023D6F7E7BE10F0700F00F00E
:10D9E0007F0201D0D7F7EABA10F0800F18BF1032CB
:10D9F000012090407047006840B150F8043C5B68DB
:10DA00008B42A0F1040001D04068F5E77047006840
:10DA100050B150F8043C5B685B689B788B42A0F186
:10DA2000040001D04068F3E7704730B5006888B162
:10DA300050F8043C5B681A6A1D7F04380023043ADE
:10DA4000DCB2A54201D84068F1E7013312F8334057
:10DA50008C42F5D130BD08B5D8F7E4F828B140685C
:10DA600010F1100F14BF0020012008BD4B1CDBB2C9
:10DA70008170817680F82530C37600F8061C7047E7
:10DA800050E90231D0F89C0018470369002283F85E
:10DA90004A207047036993F84A0008B193F8480098
:10DAA00070470369002283F84B207047036993F89D
:10DAB00049007047036993F8482012B193F84A204F
:10DAC0002AB993F8490018B193F84B007047012028
:10DAD0007047012070470369C3E9001270470229AB
:10DAE000036908D004290BD001290ED1D3F8943052
:10DAF00013600020704793F89B30C3F34003F7E7AF
:10DB000093F89B3003F00103F2E76FF08500704754
:10DB10000020704710B50369D3F894200A6093F889
:10DB200098206AB1012A0CBF022203224A7193F89D
:10DB30009920501E032805D8DFE800F005050505EB
:10DB40000122F3E700220A7193F89A30062B09D0DC
:10DB5000072B09D0052B0CBF0023032300208B715A
:10DB6000C87110BD0123F9E70223F7E708B5402982
:10DB700003693FD013D8102932D006D801291ED00E
:10DB8000082920D06FF0120008BD2029FAD193F89F
:10DB90009C1001F0FB0152B341F0040127E0B1F504
:10DBA000807F30D0B1F5007F36D08029EAD193F85C
:10DBB0009C1001F0EF01D2B141F0100117E0C3F861
:10DBC00094200020E0E793F89C1001F0FE010AB1D8
:10DBD00041F0010183F89C100121D8F75FFBF0E7C9
:10DBE00093F89C1001F0FD010AB141F0020183F8A5
:10DBF0009C10F2E793F89C1001F0F701002AF6D090
:10DC000041F00801F3E793F89C1001F0DF01002ACE
:10DC1000EDD041F02001EAE793F89C1001F0BF013C
:10DC2000002AE4D041F04001E1E770B504690546FF
:10DC3000D4F88C00FFF72CF9D4F88C309A68196965
:10DC4000914204BF002284F8492094F8A02006469F
:10DC50009AB15A685969DB69521A9B1A3F2B0CD941
:10DC600094F89E3033B16B681B6A2246187B002102
:10DC7000D8F736FB002384F8A030304670BD08B5D5
:10DC80000122FFF7D2FF013818BF4FF0FF3008BD67
:10DC90002DE9FF41D1F80C80054640461F460C4651
:10DCA0001646C8F7B5FDBDF82830009380B2CDE91F
:10DCB00001803B4632462146284603F059F904B01C
:10DCC000BDE8F0810020D8F7E7BB00221146D8F765
:10DCD000A9BB034610B508460AB10021116053B133
:10DCE000D0B1411E11F8010F80B113F8014BA042D1
:10DCF00001D13D28F6D100200EE0013313600AE087
:10DD00003D2808D0B0FA80F0400905E018782F28A7
:10DD1000F6D1002AF1D1012010BD10B509B10023C0
:10DD20000B6058B103461A781C4601332AB13D2ACC
:10DD300003D02F2AF7D101B10B60201A10BD083093
:10DD4000704710B5134614460A4681880068FFF7ED
:10DD500070FDA042A8BF204610BD2DE9F04F97B03E
:10DD6000044601929A46894600297ED0DAB1BAFA71
:10DD70008AF77F09258F0135ADB2A84604F1080B5B
:10DD80006E1EB6B2B6F5004F29D04A2303AA31461B
:10DD90005846FFF74EFD002807DA10F1020F08BFC2
:10DDA000B0463546ECE70127E4E700F158030DEBF8
:10DDB0000300002300F84C3C03A94846C8F716FDB1
:10DDC0000028EED12FB3238FB3420BD031465846F3
:10DDD000FFF72BFD002812DA17B0BDE8F08FB7B3BC
:10DDE0000020F9E72246731E22F8383F4FF4004125
:10DDF00002235846D6F7F2F80028E7DAECE705F5F3
:10DE00007F513F3189B25846FFF70FFD00EAE070BD
:10DE1000E2E7B046B8F5404F2AD004F1080508F50E
:10DE20008041019A534689B22846D6F7D7F8002890
:10DE3000D2DB77B9238F4345D2D22246022322F880
:10DE4000388F4FF400412846D6F7C8F8DEE701279F
:10DE5000E0E74846C8F7DCFC4A4603464146284608
:10DE6000D6F7BCF80028E5DAB6E76FF01500B3E79F
:10DE70006FF00B00B0E773B5C36B03630446C3B127
:10DE800000F108063046D5F7D1FE054670B90223E9
:10DE90000DF106024FF400413046FFF7CAFC00289E
:10DEA000ACBFBDF806304FF400432387284602B0CC
:10DEB00070BD6FF01205F9E738B50D46AB4211465B
:10DEC0001C4604D81A4605F006FD204638BD00243D
:10DED000FBE705F00EBDC30903EB430303EBC303EC
:10DEE00083EA4000C0B2704710B50A4600210446DC
:10DEF00005F0FFFC10BD2DE9F0410546A8B00F4626
:10DF00001446402602F12408D8F7F0FC0346002806
:10DF10003CD0402108A89847C0B3B4F9022012F1C0
:10DF20001F0348BF02F13E0308A94246684643F377
:10DF3000471300F0F1F92246694618A800F008FEE0
:10DF400010B3B4F90230D91D48BF03F10E016A467F
:10DF5000C910384600F024FE94F9011018AA28468A
:10DF600000F01EFE94F9011094F9002018AB681817
:10DF700003EB820200F014FE68462021FFF7B4FF95
:10DF8000012028B0BDE8F081013EBDD10020F8E7B6
:10DF90002DE9F0471C4693F9016093F900A0B3F90D
:10DFA0000230A4B09046DA1D48BF03F10E0204AD62
:10DFB00081460CAF2846D2100295039700F004FE6C
:10DFC0003246494614A800F0FFFD14AB03EB8A006B
:10DFD000324609EB060100F0F7FD23463A46294692
:10DFE000284600F089FDB0FA80F3019424AA5B0969
:10DFF00002EB8301638801331BB2009351F8882C34
:10E0000014A90023084600F0AFFC14AA314640468C
:10E0100000F0C6FD214614A800F01BFC08210446B0
:10E020000DEB0100FFF760FF38462021FFF75CFF92
:10E0300028462021FFF758FFB4FA84F0400924B0A5
:10E04000BDE8F087F0B500240646204665B2AB4235
:10E0500000DCF0BD51F8247052F824503D440544D2
:10E06000AF4200F0010018BF002046F8245088BFDE
:10E0700040F001000134E9E700EB81010023884210
:10E0800000D3704751F8042D43EA52030B60D307C5
:10E09000F5E770B50368DB070546144604D4BDE810
:10E0A00070401146FFF7E8BF13460A460146FFF7E6
:10E0B000C9FF214606462846FFF7DEFF46B104F1B8
:10E0C0008044013C55F8243043F0004345F82430A7
:10E0D00070BD2DE9F74F4FF0000C00926546644685
:10E0E0004FFA8CF94B4516DC4FF0FF3606EB430632
:10E0F00001964FF00008019A53FA88FE4FFA8EFEFF
:10E1000096455FFA88F629DB00EBC30040F8044C23
:10E1100003B0BDE8F08F009A4FF0000E02EB8C0ABE
:10E12000F04651F82E705AF80469A6FB07673619B5
:10E130000EF1010E6F4134464FFA8EF64FF0000B90
:10E1400028BF4FF0010B4E45D8443D46E9DD40F86D
:10E150002C4045460CF1010C3C46C1E7009A0136C3
:10E16000A94676B202EB8E0A002577B2BB4205DCE7
:10E1700040F82E4008F101084C46BCE76FF003025E
:10E1800002FB06F751F826205AF80770A7FB027C1D
:10E190003F195CEB090C4FF0000B28BF4FF0010B4F
:10E1A0005D44E1463C460136DFE721EAE172920038
:10E1B000002105F09EBB10B500231A465CB2A142B7
:10E1C00003DCB2FA82F0400910BD50F8234001335D
:10E1D0002243F3E74A11012350F8220001F01F0106
:10E1E0008B40184070474B1E10B55BB2041D1A06D9
:10E1F00003D45A1E54F8221071B101335BB283B1BB
:10E2000003F18042013A50F82210002231B9013B5B
:10E2100002EB431210B210BD1346E8E74908013281
:10E22000F4E71846F7E710B500235CB2A24200DC21
:10E2300010BD51F8234040F823400133F5E710B5F5
:10E24000013A52B2130601D5002010BD50F8224009
:10E2500051F822309C4205D802F1FF32F2D24FF041
:10E26000FF30F2E70120F0E730B5013A52B2002367
:10E27000140603D5181E18BF012030BD50F82240E7
:10E2800051F822506C402343013AF1E7F0B50024E5
:10E2900006469C46204665B2654500DBF0BD51F858
:10E2A000247052F824303D1AED1AAF4200F00100FC
:10E2B00018BF002046F8245038BF40F00100013458
:10E2C000E9E770B59DF910601D4633460446FFF737
:10E2D000B9FE30B9324621462846FFF7B0FF012883
:10E2E00007D033462A4621462046BDE87040FFF756
:10E2F000CDBF70BD70B59DF910601D463346044614
:10E30000FFF7C4FF38B133462A4621462046BDE810
:10E310007040FFF797BE70BD2DE9F04FA5B01D46C8
:10E3200014ABCDE902310190294610461746FFF79C
:10E330005AFFC0EB851424B2002C2646B8BF04F166
:10E340001F06634246F3471603F01F0304F01F093C
:10E35000314658BFC3F1000904A8FFF726FFB9F101
:10E36000000F4FEA86062DDD04AB00221E44C9F1E2
:10E37000200C13469D421AD804AB03EB850300938F
:10E380006F1E24AB4FEA45084FEA8509012603EBCF
:10E390008707002C53DA24AB03EB8606019856F866
:10E3A000881C2A46FFF73FFF25B0BDE8F08F57F8DD
:10E3B000230000FA09F10A4346F8042B013320FA3E
:10E3C0000CF2D7E704AB2A4639469819FFF72BFF22
:10E3D000D2E75AF8883C53F8202024AB03EB8003A3
:10E3E0000CF1010C53F8803C0B44D31A34BF4FF0AE
:10E3F000010B4FF0000B9A425EF8882C42F8203057
:10E4000018BF59464FFA8CF04045E2DB731A5E4262
:10E41000294604A85E41FFF72FFE09F190036B44E3
:10E42000009853F8802C57F8803C294643EAC27381
:10E43000013C47F8803C24B2FFF71EFEA9E724AB5D
:10E440004FF0000CC6F1010E614603EB860A03EBA8
:10E450008E0ED7E730B51C4691B0054693F90030D3
:10E460006846FFF736FED4F8AC3069462846984730
:10E4700011B030BD13460A46FFF7ECBF2DE9F04757
:10E4800093F9006092B0044689461046314615461D
:10E490001F46FFF790FE002840F091803A4649461B
:10E4A00002A8FFF7E7FF3B4602AA21460AA8FFF7AA
:10E4B000D1FF02A908463A46FFF7DCFF3B462A4651
:10E4C00049464846FFF7C6FF07F104083A46294681
:10E4D0002846FFF7CFFF43462A46214620460096AE
:10E4E000FFF7EFFE43462A46294628460096FFF7E7
:10E4F000E8FE43462A46214628460096FFF7FAFEE4
:10E500003B462A4621462046FFF7A4FF43462246C3
:10E51000214628460096FFF7D4FE434600962A4639
:10E5200021462046FFF7CDFE2368DB074AD5334658
:10E53000424621462046FFF785FD31468246204669
:10E54000FFF79AFD06F18043013B54F8232042EA8D
:10E55000CA7244F823203A4621462846FFF78AFF2C
:10E5600043460AAA294628460096FFF7C3FE4346BB
:10E570000AAA294628460096FFF7BCFE0AA90846C3
:10E5800043462A460096FFF7B5FE3B460AAA2146B7
:10E590002046FFF75FFF02AA434610462146009639
:10E5A000FFF7A8FE324629462046FFF73CFE4946C3
:10E5B0002846FFF738FE02A94846FFF734FE12B09E
:10E5C000BDE8F08731462046FFF756FDC3E72DE949
:10E5D000F04115468AB004460E461C22002103A8CD
:10E5E00005F087F92F1D95F9008003232A4631464F
:10E5F00020460293FFF73EFF3B4602AA21462046F3
:10E60000CDF80080FFF776FE2B46324621462046A5
:10E61000FFF720FFCDF800803B4605F1840221463C
:10E620002046FFF74EFE0AB0BDE8F0812DE9F04725
:10E630009AB01646DDF888804446994614F9045B82
:10E64000009507468A4623460246314602A8FFF750
:10E6500051FE02A942460846FFF70CFF434602AAB4
:10E6600039463846FFF7F6FE434602AA31463046A1
:10E67000FFF7F0FE23465246494602A80095FFF7F1
:10E6800020FE23465246494648460095FFF732FE93
:10E6900023463A4631460AA80095FFF72BFE43462B
:10E6A0000AAA51465046FFF7D5FE23463246394660
:10E6B0000AA80095FFF705FE424649463046FFF797
:10E6C000D9FE23460AAA314630460095FFF712FECE
:10E6D00023463246394612A80095FFF70BFE434603
:10E6E00012AA49464846FFF7B5FE23465246494618
:10E6F00048460095FFF7FEFD424602A912A8FFF723
:10E70000B9FE12A923460AAA08460095FFF7F2FDB2
:10E7100023463A4612A90AA80095FFF7EBFD0AA97D
:10E72000434602AA0846FFF795FE234652460AA929
:10E7300050460095FFF7DEFD2A4612A93846FFF73E
:10E7400072FD1AB0BDE8F087F0B50F46A1B00646DD
:10E750001946384615461C46FFF72DFD28B13046B0
:10E7600021B0BDE8F040FFF720BD2246394668469B
:10E77000FFF759FD294608A8FFF755FD214610A8C7
:10E78000FFF713FD0123214618A81093FFF70DFD95
:10E79000224608A96846FFF752FD30B9224610A963
:10E7A0003046FFF740FD21B0F0BD009BDA0709D4E9
:10E7B00021466846FFF760FC2246294610A8FFF76D
:10E7C00068FCE5E7089BDB0707D4214608A8FFF7AC
:10E7D00053FC2246294618A8F1E7002823461CDDF1
:10E7E00008AA69466846FFF751FD21466846FFF7CB
:10E7F00043FC224618A910A8FFF721FD002805DADE
:10E8000010A923462A460846FFF71CFC10A92346F8
:10E8100018AA0846FFF73AFDCEE76A4608A8FFF7B0
:10E8200035FD214608A8FFF727FC224610A918A8A5
:10E83000FFF705FD002805DA18A923462A460846F1
:10E84000FFF700FC18A9234610AA0846FFF71EFD93
:10E85000BFE70978490049B2FFF7ADBCF0B51546EE
:10E8600089B01C4607460E461A4629466846FFF7F9
:10E8700001FE23466A4639463846FFF7EBFD23463C
:10E880002A4669466846FFF7E5FD23466A46314653
:10E890003046FFF7DFFD09B0F0BD2DE9F0478AB043
:10E8A0001446DDF848A055461F4615F9046B00963E
:10E8B000804689462B460246214602A8FFF71AFDEC
:10E8C00002A952460846FFF7D5FD534602AA414623
:10E8D0004046FFF7BFFD534602AA21462046FFF7F8
:10E8E000B9FD2B464A46394638460096FFF702FDE9
:10E8F0005246394602A8FFF7BDFD02A92B46424603
:10E9000008460096FFF7F6FC02A92B462246084669
:10E910000096FFF7EFFC2B46424621462046009624
:10E92000FFF7E8FC5346224649464846FFF792FD6A
:10E930002B4602AA414620460096FFF7DBFC5346D1
:10E94000224639463846FFF785FD2B464A4639466A
:10E9500038460096FFF7CEFC324602A92046FFF764
:10E9600062FC0AB0BDE8F0872DE9F04FAFB09146E8
:10E97000399C039094F9006016A832461D46FFF7B3
:10E9800052FCB300049301EB8603884626A819467F
:10E990000293FFF748FC002D00F08180294606A86D
:10E9A000FFF741FC324616A90EA8FFF73CFC26A94A
:10E9B0001EA8FFF738FC234606AA16A8FFF74EFF4D
:10E9C000D4F8A450234606AA26A916A8A847234689
:10E9D00006AA1EA90EA8FFF741FFBDF9E050023DAF
:10E9E0002DB2002D62DCD9F80050009405F001072B
:10E9F0000EAB03EB4719ED431EAB03EB471705F0D6
:10EA000001050EAB03EB451A1EAB03EB45152B4678
:10EA100052463946484604F1040BFFF707FE5B46B1
:10EA20000EAA16A906A80096FFF764FC06A92346BD
:10EA30003A460846FFF70EFD06A923464246084619
:10EA4000FFF708FD06A933465A460846FFF77CFE45
:10EA500006A9029A23460846FFF7FCFC06A92346AE
:10EA60004A460846FFF7F6FC3B464A4629465046CA
:10EA70000094FFF712FF234606AA1EA90EA8FFF76F
:10EA8000EDFE039832460EA9FFF7CDFBDDE9030347
:10EA90001EA91844FFF7C7FB2FB0BDE8F08F314621
:10EAA00006A8FFF782FB012306937BE72946484629
:10EAB000FFF790FBB0FA80F77F09C7F101010EABB9
:10EAC00003EB411B1EAB03EB41110EAB03EB471AEB
:10EAD0001EAB03EB47173B46524658460094059140
:10EAE000FFF7A4FD059900940B465A463946504657
:10EAF000FFF7D3FE013D73E72DE9F843B3F9029028
:10EB000019F11F0648BF09F13E060F4603F124051F
:10EB100046F347160146904633462A463846FFF7E5
:10EB200091FA044690B9B9EB461F06DA49463846D1
:10EB3000FFF750FB041E18BF012433462A4639460E
:10EB40004046FFF77FFA2046BDE8F8830124F4E74A
:10EB500030B5144695B005460CAA2346084604A9CC
:10EB600002910392FFF7C8FFB0FA80F301945B09AA
:10EB700014AA02EB8302638801331BB2009352F89C
:10EB8000482C002304F144012846FFF7EDFE2146FE
:10EB90002846FFF75EFEB0FA80F0400915B030BDA0
:10EBA000F0B500254F1E6CB28C4205F1010500DB6B
:10EBB000F0BD3B1B23F0030603F003039659DB0073
:10EBC00026FA03F30355EEE7F8B50E46D11C48BF0D
:10EBD000911D144641F387010546671EFFF7E5FACC
:10EBE000002042B2A24200F1010000DBF8BDBB1AD6
:10EBF00023F00301B25C03F00303DB009A406B587F
:10EC000013436B50EDE7F0B591B091F90060054604
:10EC10000C46FFF71EFE28BB271D32462946384604
:10EC2000FFF70DFB012820D1324605EB860138465F
:10EC3000FFF705FB012818D122466846FFF71AFCAA
:10EC4000D4F8A8302246294608A89847324608A991
:10EC50006846FFF709FB002814BF6FF00200002090
:10EC600011B0F0BD4FF0FF30FAE76FF00100F7E7A9
:10EC7000F0B50C4691F9017091B026460146054663
:10EC80003A466846FFF7A0FF16F9440B3A46E919E1
:10EC90000DEB8000FFF798FF102231466846FFF722
:10ECA000CEFA28B121466846FFF7ADFF11B0F0BD9E
:10ECB0006FF00300FAE7CB780278534003704B887B
:10ECC0004278534043700A68837883EA1223837042
:10ECD0000A68C3785340C370CB79027953400371FB
:10ECE000CB884279534043714A68837983EA12237F
:10ECF00083714A68C3795340C371CB7A027A534017
:10ED00000372427A4B89534043728A68837A83EA5A
:10ED1000122383728A68C37A5340C372CB7B027B0F
:10ED200053400373CB89427B53404373CA68837B50
:10ED300083EA12238373CA68C37B5340C37370474B
:10ED40001FB502788DF8002042798DF80120827A73
:10ED50008DF80220C27B8DF8032002798DF8042003
:10ED6000427A8DF80520827B8DF80620C2788DF8D6
:10ED70000720027A8DF80820427B8DF809208278DE
:10ED80008DF80A20C2798DF80B20027B8DF80C20BB
:10ED90004278C37A8DF80D2082798DF80E208DF897
:10EDA0000F3010236A461946FFF786F805B05DF864
:10EDB00004FBF8B5064608780C46FFF78CF80546C4
:10EDC0006078FFF788F8A27863785340E278534080
:10EDD0005D406840307060782778FFF77CF8054622
:10EDE000A078FFF778F8A3785F40E3785F407D4034
:10EDF0006840707063782778A0785F40FFF76BF801
:10EE00000546E078FFF767F8E3785F407D406840AB
:10EE1000B0702078FFF75FF8627823785340A278CB
:10EE2000534080EA0305E078FFF755F8EDB245401E
:10EE3000F570F8BD70B5144688B00546002849D075
:10EE4000002949D0002A49D010230A4668461946AD
:10EE5000FFF732F821466846FFF72DFF103401F125
:10EE6000A0066846D7F708FE6846FFF769FF6946BF
:10EE700004A8FFF79EFF01A905A8FFF79AFF02A9C2
:10EE800006A8FFF796FF03A907A8FFF792FF102334
:10EE900019460DEB03026846FFF70EF82146684657
:10EEA0001034FFF708FFB442DBD1D7F7E5FD684621
:10EEB000FFF746FF21466846FFF7FDFE102319467F
:10EEC0006A462846FEF7F8FF684610220021FFF741
:10EED00000F8012008B070BD0846FBE71046F9E7CE
:10EEE00010B50A460F3012F9103B002BACBF0023BF
:10EEF000872312F8014D83EA44038A4200F801395E
:10EF000002D01378DB09F4E710BD08B520B1582210
:10EF10000021FEF7DEFF012008BD10B5044688B1D0
:10EF200010220021FEF7D5FF102204F1300000214D
:10EF3000FEF7CFFF0023636400224FF48033C4E95F
:10EF40001423012010BD70B504460D46164610B3BB
:10EF500011B358220021FEF7BCFF2946A6643046B3
:10EF6000D7F796FD102200212046FEF7B2FF04F1EC
:10EF70001005A26C21462046FFF75CFF214628467B
:10EF8000FFF7AEFF294604F12000FFF7A9FF204656
:10EF9000FFF7C3FF012070BD0846FCE72DE9F041F3
:10EFA0000E4615460446002860D0FAB100295DD00F
:10EFB000D0E9143253EA020158D0013BD0F8448022
:10EFC00042F1FF32C0E91432B8F1000F2CD0C8F181
:10EFD000100708F13000BD4220440AD22B463246C9
:10EFE0002946FEF769FF636C2B4463640120BDE88A
:10EFF000F0813B4632463946FEF75EFF103D002366
:10F00000636445443E44631E04F10F0113F8012F6D
:10F0100093F830008B4282EA00021A70F6D1A26C9B
:10F0200021462046FFF706FF04F10F07102D0AD8EE
:10F03000002DDBD02B463246294604F13000FEF786
:10F040003BFF6564D2E7631E711E13F8012F11F8B0
:10F05000010FBB4282EA00021A70F6D1A26C21466F
:10F060002046FFF7E7FE1036103DDFE70020BEE741
:10F0700070B50C460546E8B169B34A6C102A1AD13E
:10F080001031631E013904F10F0013F8012F93F8BA
:10F090003060724011F8016F984282EA06021A70DD
:10F0A000F3D1A26C21462846FFF7C4FE2046FFF7A5
:10F0B0002CFF012070BD02F130000021C2F11002CE
:10F0C0002044FEF706FF636C2344802283F830203F
:10F0D00004F12001D5E70846ECE701460068D7F7C0
:10F0E00029BD08B5D7F7C6FDBDE80840D7F7F4BD80
:10F0F0000023D5F759BB00210120D7F71BBD2028DD
:10F1000009D9B0F1004F08D80138B0FA80F0C0F149
:10F110001F0040007047082070473E20704708B528
:10F12000D1E904319847002008BD08B5D8F7DAFBCB
:10F13000002008BD81707047002070470023D5F77C
:10F1400033BB036942685B6852681374C3F30723D7
:10F1500053740020704730B585B014460A888B7808
:10F16000ADF8002005460D2200210DF103008DF8B9
:10F17000023004F0BEFB6A4669462846F1F76CFA95
:10F1800028B9BDF800209DF802302280A37005B098
:10F1900030BD13B50C4601AA0331FFF7DCFF48B9B7
:10F1A000032201A9204604F05BFDB0FA80F040097B
:10F1B00002B010BD0020FBE770B5CE1C05460C4622
:10F1C00030460321F1F746FA60B9637903F03F0353
:10F1D00043F040036371224631462846BDE8704043
:10F1E000FFF7B9BF70BD2DE9F0414FF0FF32064681
:10F1F0000D464FF0FF3300210F20D9F7B3FA012756
:10F2000000F10C08044607760221404602F0C0FED9
:10F210000F23042103704170404602F0B9FE47708D
:10F22000468005702046BDE8F041DAF76BBE01F17B
:10F230002003013813F8012D00F8012F8B42F9D17A
:10F24000704790F8223043F0060380F8223090F89F
:10F25000293043F0040380F82930704708B5F1F7EE
:10F26000F9F9B0FA80F0400908BD70B50D460021EB
:10F270000446FEF752FD0D2818D1237B302B13D006
:10F28000312B13D1012305F8063B04F10C062A4665
:10F290002046012302210234FDF719FAB44205F198
:10F2A000FF35F4D1002070BD0023ECE76FF01500AE
:10F2B000F9E70020704710B50C46017822788A42A1
:10F2C0008AB00FD06946D9F7A9F905A92046D9F720
:10F2D000A5F910220DF115010DF1010004F0C0FC9B
:10F2E0000AB010BD012A06D0022A07D072B94088A0
:10F2F0006388C01AF4E740686368FAE71022611C6B
:10F3000001300AB0BDE8104004F0AABC6FF015004F
:10F31000E6E7042A0AD0102A0DD0022A4FF0000393
:10F3200015D103700B8843800120704701230370BF
:10F330000B684360F8E7022300F8013B01F110037A
:10F3400051F8042B40F8042B9942F9D1ECE7184608
:10F350007047012310B50621044600F8013BF1F780
:10F3600079F918B9A37963F03F03A37110BD0B6855
:10F3700003608B8883808B798371037823F0020389
:10F38000037070470078C0F3400070470F2807D81B
:10F390000D280BD8052808BF032018BF022070478E
:10F3A000132803D01A2808BF0120F6E70120704770
:10F3B000D0F8B83083B15A7BD1070DD5D2060DD520
:10F3C0001B7B102B14BF032304234372807A9842C3
:10F3D0008CBF0020012070470223F6E70323F4E7E7
:10F3E000704710B50346BFF35B8F53E8000F40EA48
:10F3F000010243E80024002CF7D1BFF35B8F10BD5E
:10F400000B4601461878D9F735BA0B6803608B882C
:10F4100083808B79837170470B6803608B8883804E
:10F4200070470023D5F7C0B9BFF35B8F50E8003FAA
:10F430000B4040E80032002AF8D1BFF35B8F7047E1
:10F44000C0F307231070000E5370D0700023C1F377
:10F450000720090E9370137150719371D171704729
:10F4600070B506460D4642F221000321D9F77CFE15
:10F47000044618B9BDE87040D9F77CBA03210C30B6
:10F4800002F086FD06808570214642F22100BDE82B
:10F490007040D9F7A3BE70B506460D4640F206404F
:10F4A0000321D9F761FE044668B103210C3002F054
:10F4B0006FFD0680857021460022BDE8704040F255
:10F4C0000640D9F797BF6FF0680070BDF8B50746E2
:10F4D0000E4642F2220006211546D9F745FE0446A3
:10F4E00078B106210C3002F053FD3B880380468042
:10F4F000858021460022BDE8F84042F22200D9F77B
:10F5000079BF6FF06800F8BD2DE9F0478146884665
:10F5100042F2320007219DF820A017461E46D9F777
:10F5200023FE0546A0B107210C3002F031FDB9F8E9
:10F530000030038080F80280C7700671A0F805A033
:10F5400029460022BDE8F04742F23200D9F752BF07
:10F550006FF06800BDE8F087C068DAF7D3B810B57F
:10F5600003884288934219D8052B17D9B2F5486F02
:10F5700014D88388B3F5FA7F10D2C088A0F10A01AD
:10F5800089B240F67644A14208D801339BB2534376
:10F59000B3EB800F34BF0120002010BD0020FCE73A
:10F5A000D8F778BD40F2C130704708B5E3F7DCFC0E
:10F5B00018B1C089003818BF012008BD70B54FF0E0
:10F5C000FF320D464FF0FF3300210646D9F7CAF847
:10F5D000022104460C3002F0DBFC06704570204628
:10F5E00070BD033138B5C9B205460E20FFF7E6FFFE
:10F5F000032104460C3002F0CBFC01230370A0F879
:10F600000150204638BD70B505460E460F20042136
:10F61000FFF7D4FF042104460C3002F0B9FC0122AC
:10F62000067042704580204670BD08B5072204F080
:10F6300017FBB0FA80F0400908BDBFF35B8F00688C
:10F64000BFF35B8F70470B6803608B8883807047C4
:10F650000B6803608B8883808B7983717047F8B562
:10F660000F46144630BB272142F22700D9F77CFD14
:10F67000054610B327210C3002F08AFC3946FFF70B
:10F68000E7FF06462246C31D04F1100152F8040BA1
:10F6900043F8040B8A42F9D11022002106F1170029
:10F6A00004F027F929460022BDE8F84042F227007D
:10F6B000D9F7A0BE6FF01500F8BD6FF06800FBE74A
:10F6C000037A5B07024605D501462A3211F8010B81
:10F6D000FFF7C5BF70470023D5F766B838B50121DD
:10F6E000054642F22D00D9F73FFD044658B12946A0
:10F6F0000C3002F05CFC21460022BDE8384042F2AA
:10F700002D00D9F777BE6FF0680038BD10B400F156
:10F710001003BFF35B8F53E8002F22F4004143E84E
:10F720000014002CF7D1BFF35B8F130404D55DF8F0
:10F73000044B012100F080B95DF8044B70472DE9BE
:10F74000F041D1F8048086B004460D46B8F1000FB0
:10F750001DD1037A5B071AD50E68411C701CFFF798
:10F7600064FF2A36162241460746684604F0C1F86F
:10F7700010226946304604F073FA30B1102204F1C9
:10F780002A01304604F06CFA00B107B16C6006B093
:10F79000BDE8F08100F1100208B503461046FFF7FE
:10F7A0004CFF010611D5BFF35B8F52E8000F40F408
:10F7B000004042E800010029F7D1BFF35B8F1846F3
:10F7C0000021BDE8084000F037B908BD10B50C466F
:10F7D00030B919B1E3F774FB00B1441C204610BDE9
:10F7E0000024FBE718B111B10846DAF765BE6FF0E7
:10F7F0001500704713B5044680B106216846F0F73E
:10F8000029FF48B99DF80530694603F03F032046BB
:10F810008DF80530FFF7E6FF02B010BD6FF0150060
:10F82000FAE708B5DBF762FA10B11030FFF705FF11
:10F83000012008BD037AD90704D523F00103037220
:10F84000DAF768BF990704D523F002030372DAF7E9
:10F850007DBF704700207047034610F4004F0CBF77
:10F8600007200620DA0348BF00F005009B0348BFCD
:10F8700000F0FB007047BFF35B8F0068BFF35B8F46
:10F88000704710B50346BFF35B8F53E8000F00EAE3
:10F89000010243E80024002CF7D1BFF35B8F10BDB9
:10F8A0000B6803608B8883808B7983717047012399
:10F8B00010B403FA01F104466AB1BFF35B8F54E858
:10F8C000003F0B4344E80032002AF8D1BFF35B8FBE
:10F8D0005DF8044B70475DF8044BC943FFF7D1BF97
:10F8E0002DE9F04F87B005469DF84860DDF840905F
:10F8F0009DF844A00C4690460021102202A81F4605
:10F9000003F0F7FFEEB9CDE90248012202A942F265
:10F910000800DBF7F7F8044678B9BAF1000F3ED1DA
:10F920001035BFF35B8F55E8003F43F0040345E813
:10F930000032002AF7D1BFF35B8F204607B0BDE845
:10F94000F08FDAF79DFC8346E4B937BB5846C6F71B
:10F950005FFF0923012ECDE901B48DF800308DF849
:10F960000100CDF80C80D0D1CDF810D00596022240
:10F97000CCE714F83320083A012A25D901339845F9
:10F98000F7D1E2E70023FAE717F83320083A012A13
:10F990001AD901339945F7D1D8E70023FAE7022EA7
:10F9A0004FF0010208BF059202A908BF324642F299
:10F9B000090008BFCDF810D0CDE90279DBF7A2F835
:10F9C0000028ADD00446B8E76FF01504B5E74368EA
:10F9D00013F008000AD05A0307D403F4C063B3F548
:10F9E000806F14BF0220012070470120704770B55E
:10F9F000064686B00D4642F20A000121D9F7B4FB53
:10FA00000446B0B10C3095B1012102F0D0FA06F1F4
:10FA1000100203A9204600950723D9F793FB002283
:10FA2000214642F20A00D9F7E5FC06B070BD29462E
:10FA3000EBE76FF06800F8E7FFF7D9BF183003F085
:10FA400009BC10B50346BFF35B8F53E8000F00EA13
:10FA5000010243E80024002CF7D1BFF35B8F10BDF7
:10FA60000B6803608B8883808B7983717047DBF729
:10FA70007BBB036800220BB9184670478B4210D13C
:10FA80000B6842B942680360914200D14360002391
:10FA90000B600120704713604368994208BF4260C1
:10FAA000F5E71A461B68E6E710B50346BFF35B8F20
:10FAB00053E8000F00EA010243E80024002CF7D1CC
:10FAC000BFF35B8F10BDBFF35B8F0068BFF35B8F2D
:10FAD000704710B50346BFF35B8F53E8000F40EA51
:10FAE000010243E80024002CF7D1BFF35B8F10BD67
:10FAF0000023D4F759BE2838DBF738BF10B50446C9
:10FB0000006918B1F4F766F90023236110BD2DE9EF
:10FB1000F0410446002704F1380600230022304655
:10FB200002F0F6F9034650B92046FFF7E7FF04F16B
:10FB300058000022BDE8F0410023FAF74DBE9D6950
:10FB40009F61F4F747F9002DE7D029462046DBF7FF
:10FB50003DFFE0E710B5034600F1C0021046FFF795
:10FB6000B2FF80B1BFF35B8F411C52E8004F84426B
:10FB700004D142E8001CBCF1000FF6D1BFF35B8F4B
:10FB8000ECD1184610BD0346FBE708B50346C0306C
:10FB9000BFF35B8F50E8002F013A40E800210029B5
:10FBA000F8D1BFF35B8F5A8840F201139A4206D115
:10FBB000FFF789FF18B9BDE80840DBF757BA08BD61
:10FBC0002DE9F84307460E46904600244FF0C80939
:10FBD000B44203D100231846BDE8F88309FB047042
:10FBE000FFF7B8FF034658B1457B012D02D0073D12
:10FBF000012D03D81A884245EDD01846FFF7C5FFFE
:10FC00000134E5E710B50446DCF7F6FF2046BDE811
:10FC10001040DBF779BE10B50446D0F8B80028B91B
:10FC2000207A04F18801E3F79FF938B1E278C389BB
:10FC30002AB913F0210F14BF0120002010BD13F0CA
:10FC4000240FF8E72DE9F843089E102E81460C4654
:10FC500090461F462ED81C2142F21900D9F784FA8B
:10FC6000054658B31C210C3002F092F90346B9F84E
:10FC7000002023F8022B2268C0F8022062685A6034
:10FC8000B8F80030438100F10C0432463946204672
:10FC900003F021FE102E05D0C6F110020021A0199C
:10FCA00003F027FE29460022BDE8F84342F219007E
:10FCB000D9F7A0BB6FF01500BDE8F8836FF06800BE
:10FCC000FAE70346C07A18B1D3F8B80000B1007B58
:10FCD000704738B5437B072B04461ED10B0601F055
:10FCE0007F050BD54FF400610430FFF7F2FEA572DB
:10FCF000204601F0E0FE68B9002038BD437AAB42EF
:10FD0000FAD2837AAB42F7D26FF400610430FFF786
:10FD1000CBFEECE7637AA372EFE76FF07F00ECE7CE
:10FD2000407A704737B505460C46FFF72BFB29464E
:10FD3000A8B16846FFF71BFB69460020DCF766FBAD
:10FD400058B12388A0F8A0306388A0F8A230A38817
:10FD5000A0F8A430E388A0F8A63003B030BDFFF7C8
:10FD600035FD0346006800909A889B798DF806302F
:10FD7000ADF80420E0E738B5037A8B420446154617
:10FD800015D100F188010722284603F069FF80B1F0
:10FD9000E378072243B904F19601284603F060FF97
:10FDA000B0FA80F0400938BD04F18F01F5E700207A
:10FDB000F9E70120F7E78830704738B58378012BE1
:10FDC00004460D4603D100218830DCF7B7FC637B85
:10FDD000023B062B28D8DFE803F0042727270E195B
:10FDE0000C00204625730021DCF77CF80020DBF7AF
:10FDF0003FFA002038BDA378012BFAD104F1580056
:10FE000003F028FABDE83840D9F762BC20882946BB
:10FE1000FFF741FB0028EDD1637B072BE9D10821D7
:10FE20002046DCF75FF8E4E76FF07F00E2E7F8B523
:10FE300007460D4642F213000E21D9F795F9064602
:10FE4000D0B10E210C3002F0A3F80E22044600219E
:10FE500003F04FFD3B8823802B8863806B88A38051
:10FE6000AB88E380EB88238131460022BDE8F8406F
:10FE700042F21300D9F7BEBA6FF06800F8BD7047C0
:10FE80000023D4F791BCF8B505460F46164600236B
:10FE90004FF4803204210020DCF79AF9044620B99F
:10FEA0002846BDE8F840DCF75FBE04210C3002F0C4
:10FEB0006FF80570477046802046F8BD704770B5F2
:10FEC000D0E90035044623B16B6803B1984700239D
:10FED0002360E3680BB1204698472B6A1BB120468C
:10FEE000BDE87040184770BD38B5006D30B150F8AE
:10FEF000084904B1083CFFF7E2FF04B938BDA56822
:10FF00002DB12046083DFFF7DAFF2C46F7E72046E3
:10FF1000BDE83840FFF7D3BF38B5036D0D46BBB120
:10FF2000184650F8084904B1083C53F8043C9B6853
:10FF30000BB1294698475CB12046A468436824B1B8
:10FF40009B68083C002BF4D1F6E79B68002BF0D1AE
:10FF500038BD0431DCF73CB92DE9F04114460546C3
:10FF60000F4602F10C0004211E46DDF8188002F055
:10FF700030F8228A4780043A0280434632462146BE
:10FF80002846BDE8F041DBF7DBBE37B50546022267
:10FF90000120FFF778FF044698B102210C3001F0F0
:10FFA000F7FF002303704370224600930521284683
:10FFB000FFF7D2FF28B1204603B0BDE83040F3F789
:10FFC00009BF03B030BD006D30B1838B8B42A0F10F
:10FFD000080001D08068F7E77047006D30B1838971
:10FFE0008B42A0F1080001D08068F7E770477047A6
:10FFF0000346006828B1596802681A60884208BF41
:0200000260009C
:100000005A6070470346002003B970471A8A5B683C
:100010001044F9E710B5D4682378023113B9217080
:10002000012010BD8B42FBD0038A023B03820020DB
:100030001061F6E70620704708B503680A8A186859
:10004000C968E0F743FA002008BD38B5054601F15C
:100050000C000C4601F0DDFF2D68238AE2680146A2
:10006000286801F064F9002038BD70B405686A6A38
:1000700052B3136803B1A03BA2F1A00400221146C1
:1000800000E0A03B844207D0668D648BB14238BF4C
:100090003146A24238BF22461C462BB1D3F8A030CD
:1000A000002BEED18442EFD1438D408B8B4201D89F
:1000B00090420BD9824238BF02469942286838BF25
:1000C000194670BCE0F7C0BA1146EDE770BC704746
:1000D00073B51446014605464FF49572206800F04A
:1000E000B2FF207500BB237AB3B1A3F118025342CB
:1000F00053419B000193638A0093AE68238AE268B0
:1001000020682946B047002808DB238A98420ED190
:1001100000232375012008E00223EBE710F1FF0F15
:1001200005D34042C0B22075002002B070BD0E2041
:10013000F9E71FB5CDE90123002300931A46DEF746
:100140008DFF05B05DF804FBD0680378043113B966
:100150000170012070478B42FBD091680B8A002010
:10016000043B0B8210617047F8B59368166805462A
:100170000F46144663B9506801210C3001F008FFA6
:10018000A0602B681B78002B14BF0223012303708F
:10019000A3681B78012B03D0022B1FD000201CE08A
:1001A0002B681B78002BF9D1606804210C3001F01A
:1001B000EFFEE06007802A68E36852885A80616831
:1001C000728D738B088A9A4294BFC0EB0200C0EB19
:1001D0000300042894BF00200120F8BD2B681B7881
:1001E000022BDBD1606812210C3001F0D1FEE060FF
:1001F00007802B68E268591C0232113351F8040B56
:1002000042F8040B9942F9D16168728D738B088AA8
:100210009A4294BFC0EB0200C0EB03001228D9E75A
:100220000023D4F7C1BA2DE9F04F044685B010463B
:1002300090469946FFF7E6FE638B628D934228BF96
:10024000134683428B4640F2938063680393404693
:1002500001F066FE4FF0000A06464046FFF7D2FE68
:10026000628B638D06F10C079A4294BFC0EB0205C6
:10027000C0EB0305384601F0D8FE854217D2404650
:10028000FFF7C0FE628B638D9A4294BFC0EB0205FC
:10029000C0EB03058DBB98F80A00F3F7EDFC0022D4
:1002A000002301F030FE064630B9574636E03846A6
:1002B00001F0BBFE0546EDE70146404601F041FE78
:1002C0004046FFF79FFE628D638B06F10C079A4252
:1002D00094BFC0EB0205C0EB0305384601F0A5FE54
:1002E00085421FD24046FFF78DFE628D638B9A4296
:1002F00094BFC0EB0205C0EB0305F168328ACDF86C
:100300000090DBF8047003980A44ABB25946B84732
:10031000071E0CDABAF1000F18BF5746384605B071
:10032000BDE8F08F384601F080FE0546E5E70E9BFC
:10033000B3B9394606F10C0001F02AFE4046FFF73A
:1003400061FE638D628B934228BF1346B94483429A
:10035000BA441FFA89F9A8D9AF423FF47EAFA4E7A7
:100360000F9A0E9B3946304698470028E1D19CE70A
:100370000027D3E70368002203B970478B420FD1EF
:100380000B683AB942680360914200D14360002390
:100390000B60704713604368994208BF4260F6E7FC
:1003A0001A461B68E8E701238B40DB43BFF35B8FF2
:1003B00050E8002F1A4040E800210029F8D1BFF38F
:1003C0005B8F70470620704773B51668054600239B
:1003D0007068137314462946952200F034FE20738A
:1003E00080B9CDE900002946A388A2683046FFF70E
:1003F0001AFF002809DA10F1FF0F26BF4042C0B2F1
:100400000E202073002002B070BD0120FBE72DE913
:10041000F341166807460023706813731446394683
:10042000952200F010FE0546207308BBA068718D70
:10043000728B038A914294BFC3EB0103C3EB0203A7
:10044000012B15DD02210C3001F0A2FDCDE9005594
:100450008046A388A26839463046FFF7E4FE031EB3
:100460000ADA13F1FF0F26BF5B42DBB20E232373C0
:10047000002002B0BDE8F081A8F800300120F8E7C4
:10048000F8B504468868FFF7BDFD638D628B934223
:1004900028BF134683420D460BD3A1638F68002605
:1004A0008E6020463946DDF767F808B1AF60A66375
:1004B000F8BD6FF07900FBE738B5BFF35B8F0B68D1
:1004C000BFF35B8FDB07054617D550F8040CA0B1CE
:1004D0006B6B93B90430FFF78BFD044668B101469E
:1004E000281FFFF7CDFF002807DA55F8043C5A68AB
:1004F00022609A685C6002B99C6038BD2DE9F041C9
:10050000446A07463CB354F8A06906B1A03E0023F4
:100510001D4607F1040801E034461646A26B9AB95D
:1005200005B98BB94046FFF763FD054658B1014652
:100530002046FFF7A5FF00280DDA7B682B60BB681B
:100540007D6003B9BD6023462EB1D6F8A020002AF5
:10055000E2D0A03AE0E7BDE8F08170B500220446A1
:10056000002308460E4601F0D3FC054658B101466B
:100570002046DDF701F8044618B12946304602F05E
:1005800086FD204670BD6FF00104FAE7F8B550F81B
:10059000044C0546071F04213030FFF704FF04B365
:1005A0006B6B8BB963687BB1201DFFF721FD0146A2
:1005B00006463846FFF764FF002812DA63683360A6
:1005C000A368666003B9A66005F138013846FFF7F5
:1005D000C4FF30B104F10C013846BDE8F840FFF724
:1005E000BCBFF8BD38B504460D46DCF7C5FF30B1D9
:1005F000294604F13C00BDE8384001F08BBC38BD11
:1006000070B5044601F10C000D4601F002FD2668AC
:100610002B8AEA680146306800F089FE1E2100221C
:100620002046DCF721FE014610B12046FFF7DAFF35
:10063000002070BD2DE9F041064690461F460D464C
:10064000B9B104220121DCF70FFE044618B9BDE858
:10065000F041DCF769BD04210C3001F099FC057014
:10066000A0F80180C77021463046BDE8F041FFF791
:10067000B9BFBDE8F08110B5012303FA01F1BFF362
:100680005B8F50E8003F43EA010240E80024002C61
:10069000F7D1BFF35B8F194214BF0120002010BDBA
:1006A00037B50C46054601F10C0001F0B2FC228A78
:1006B0000192E26800920346132212212846DDF7D8
:1006C000B7F803B030BD37B50C46054601F10C0054
:1006D00001F09FFC228A0192E26800920022034608
:1006E00011462846DDF7A4F803B030BD08688368DA
:1006F0009B690BB104301847704710B50C460AB916
:10070000FFF7F4FF2046BDE81040DCF723BC2DE9DD
:10071000F84306460D46144622B1BDE8F8430846A4
:10072000DCF718BCFFF7E2FFAF68B5F80480D5F836
:100730000C902846DCF70EFC2FB9BDE8F88349463B
:100740003046B8470134A3B24345F8D3F5E710B5B6
:100750000C460AB9FFF7CAFF2068836B2BB14FF430
:10076000702200237030FAF737F82046BDE81040B9
:10077000DCF7F0BB10B50C460AB9FFF7B7FF2068ED
:1007800001213430FFF70FFE2046BDE81040DCF7B2
:10079000E1BB10B50C460AB9FFF7A8FF206800219D
:1007A0003430FFF700FE2046BDE81040DCF7D2BB36
:1007B00007B5CA681388528800920C210D22DDF714
:1007C00023FA03B05DF804FB07B5CB6800221B8851
:1007D00000920A210B22DDF717FA03B05DF804FB43
:1007E0002DE9F041CB681F88BBB2162B04462BD9EC
:1007F00002220321DDF7BCF8064638B302210C3093
:1008000001F0C6FB4FF04108002580F800804570DC
:1008100031462046FFF7E6FE2368A4F81A80678574
:100820001B68BFF35B8F043353E8001F41F4805112
:1008300043E80012002AF7D1BFF35B8F2046FFF791
:1008400014FC2846BDE8F0810420FBE70E20F9E700
:100850000A8AC9680023DDF77DBBFFF7F9BFFFF700
:10086000F7BFFFF7F5BFFFF7F3BFFFF7F1BFFFF7E4
:10087000EFBFFFF7EDBFFFF7EBBFFFF7E9BFFFF7F4
:10088000E7BFFFF7E5BF70B5CE6833889AB2162A86
:1008900004460D4606D8002204231146BDE87040E8
:1008A000DDF758BB412242834385FFF7DEFB2A8AEE
:1008B000002331462046F1E770B5064650F8043C67
:1008C00056F804590446002B36D039B1436B002B3F
:1008D00032D01B7CDA072FD5052320E02846DFF72E
:1008E000C7FE6B7A012B27D0656B2DB32B7CDB0702
:1008F00022D5EB68002BEFD06A69697C3046DCF7C3
:10090000B3FC044650B1D5E90512EB68984768B1CD
:10091000A069DCF71FFB2046F3F75CFA0E230022E8
:1009200030461146BDE87040DDF714BB2146304625
:10093000DCF722FE0028EBD170BD70B50E46DCF767
:1009400005FC044640B9B069DCF704FB3046F3F718
:1009500041FA6FF07F0070BD00F10C05284631466A
:1009600001F0D8FA606A38B150F8A04904B1A03C4F
:100970002946FFF7F2FD20B90020ECE71C466FF096
:100980000100002CF8D0D4F8A03023B90230F5D003
:1009900020461C46ECE7A03BF8E710B50C46DCF718
:1009A000D5FB60B10023236083682BB9C0E9014403
:1009B000FFF7A4FD002010BD1C608460F8E76FF015
:1009C0007F00F8E710B50C46DCF7C0FB98B1436A2E
:1009D0004BB153F8682C9169A142A3F1A00309D04F
:1009E000D3F8A030F4E7406828B18369A34202D06D
:1009F0000068F9E7104610BD0120704710B5DCF71C
:100A0000A5FB50B1446A44B1A03C04F13400052177
:100A1000FFF7C9FCD4F8A040F5E710BD08B50421E4
:100A2000FFF7DBFA30B1BFF35B8F006BBFF35B8F77
:100A3000C0F3401008BD8069C0E902120122828023
:100A40000374704710600020704730B40B460A46AC
:100A500001F13C04002115890A32A94238BF294618
:100A6000A242F8D19A8F8A4204D099871B6C0BB1AD
:100A700030BC184730BC704710B5029CA3680A46CA
:100A80000BB121469847A37DE268013BDBB2A37519
:100A900022B11BB92046BDE81040104710BD1060C0
:100AA00091800020704700207047F0B507683D78BE
:100AB00089B006461446DDB97B88B3F5245F04D0BF
:100AC00010D8A3F52053032B12D8ADF80A10022238
:100AD0000DF10A012046FEF761FA68B96FF01502C0
:100AE000A26506E003F55643FF339BB2042B1ED9E3
:100AF0000125284609B0F0BD7B88ADF80A300222F6
:100B00000DF10A012046FEF749FA0028E6D0002040
:100B1000009003AA776813233146B847021EDFDB33
:100B200003A92046FEF73AFA0028E1D1D6E7ADF84E
:100B30000A1002220DF10A012046FEF72FFA0028C2
:100B4000CCD07B88ADF80A3002220DF10A01E8E72B
:100B500008B5072203F084F8B0FA80F0400908BD18
:100B60002DE9F04104460F469046461C002516F834
:100B7000013C434507D139463046FFF7E9FF10B144
:100B80006019BDE8F0810A353C2D06F10A06EED168
:100B90000020F6E710B50346BFF35B8F53E8000F64
:100BA00040EA010243E80024002CF7D1BFF35B8F39
:100BB00010BD10B50346BFF35B8F53E8000F00EA8A
:100BC000010243E80024002CF7D1BFF35B8F10BD76
:100BD000BFF35B8F0068BFF35B8F704710B50221D6
:100BE0000C30144601F0D4F963890380002010BD55
:100BF00010B504210C30144601F0CAF92389038092
:100C0000E3894380002010BD38B500F10C040421B5
:100C10002046154601F0BCF92B890380EB894380FF
:100C20002B7C33B94FF42051204601F0C8F9002045
:100C300038BD42F60101F7E738B500F10C04042194
:100C40002046154601F0A4F92B890380EB894380E7
:100C50002B7C022B04D0032B09D02B68598801E090
:100C600042F60201204601F0AAF9002038BD42F602
:100C70000301F7E770B588B00021BDF8305001914D
:100C8000164602A818221C4602F033FE1B2D0DD872
:100C900025441B2D0DDC2246314601A802F01BFE27
:100CA00001A8D9F7B7FA204608B070BD6FF0060466
:100CB000F9E76FF00C04F6E70B6803608B8883801C
:100CC0008B798371704700230360436083607047B2
:100CD00038B5BDF81040944215460AD3A41A8C4288
:100CE000A8BF0C46A4B22246591902F0F4FD2046D2
:100CF00038BD6FF00604FAE730B585B0C968144610
:100D00001D46DDF70DFB00B10089ADF80E00022392
:100D10000093BDF820200DF10E0329462046FFF771
:100D2000D7FF05B030BD1FB50C461946E3681C78E7
:100D30001046BDF818203CB110240133069404B0CD
:100D4000BDE81040FFF7C4BF5B88ADF80E3002234A
:100D500000930DF10E03FFF7BBFF04B010BD30B5DB
:100D600085B01D46002314468DF80C30DDF7B6FA29
:100D700010B1037A8DF80C3001230093BDF82020C8
:100D800003AB29462046FFF7A3FF05B030BD2DE990
:100D9000F04114461D46BDF81870D9F771FA0646A1
:100DA000C5F736FD80B2069033463A4629462046BE
:100DB000BDE8F041FFF78CBF30B585B014461D4645
:100DC000FEF7F0FB0223ADF80E000093BDF82020E3
:100DD0000DF10E0329462046FFF77AFF05B030BD1E
:100DE0000023D3F7E1BC022A10B508D1002300F19B
:100DF00088011A46007ADDF7B3FC022010BDDDF74A
:100E000063FCFAE738B500F10C05062128461446C4
:100E100001F0BEF823890380E3894380237C002B03
:100E200042F6010308BF4FF42053838021680B78FA
:100E30001BB1022B06D0002038BD4988284601F09E
:100E4000BEF8F8E710220131284601F0A7F8F2E7D2
:100E50002DE9F04706460D464FF4702000219DF81D
:100E600020A0DDF8249090461F46DDF737F80446B1
:100E700088B1456080F811A0C0F81490C760C0F830
:100E800018804A4651463046DCF734FD054638B9ED
:100E90002046DDF74BF86FF00B052846BDE8F087DC
:100EA000002211460123FFF7C6FDA56028464246F1
:100EB0004946B847054618B12046DDF737F8ECE754
:100EC00021463046FFF769FD05460028E5D0F3E7E7
:100ED00038B500F10C0502212846144601F058F8F7
:100EE000E3890380218B284601F069F8042104F18D
:100EF0001C00FFF74FFE002038BD08B50C3029B1AB
:100F00000121FFF747FEC043084008BD6FF0010113
:100F1000FFF74FFE00F00100F7E710B50446FFF7BA
:100F2000ECFF38B121460122BDE8104011F8010B59
:100F3000DDF734BA10BD38B504461546FFF75CFD41
:100F400048B12046DDF7CAF928B1037ADB0702D59C
:100F50000121FFF7E2FF55B9207A04F18801DDF79E
:100F6000A1F920B18560BDE83840DDF7D9BB38BDB7
:100F700010B5BDF80810BDF810408C4210460BD3D8
:100F8000641A9C42A8BF1C46039BA4B22246194483
:100F900002F0A1FC204610BD6FF00604FAE713B57D
:100FA000044610B9002002B010BD00238DF80430B3
:100FB000006842F6030301A9ADF80630FEF77BF99D
:100FC0000028EFD1E36898880028ECD12046DEF7AE
:100FD00015F8013080B2E6E770B5CC6888B00846F5
:100FE0001E46A3798DF80C301546FFF7D8FFADF8F3
:100FF0000D00246823786BB96388ADF80F300523A2
:101000000093BDF8302003AB31462846FFF760FE61
:1010100008B070BD631C0DF10F02113453F8041BAE
:1010200042F8041BA342F9D11323E9E71FB5CDE928
:101030000123002300931A46DEF710F805B05DF88F
:1010400004FBDEF7E3B838B5D4074B8A054604D570
:1010500013F0950F2BD0486848B3900704D513F4CC
:10106000957F26D0896821B302EA030414F03C0F6F
:101070000DD0EB7A2BB92846FEF7CDFDD8B9052067
:1010800038BD14F0300F04D114F4C07F07D1002014
:10109000F6E72846FEF744FE0228F5D8EFE7D5F834
:1010A000B830002BEBD05B7BDB06E8D5EFE7022006
:1010B000E6E70320E4E70F20E2E72DE9FF41437B69
:1010C000072B06460C46174610D100238DF80C302E
:1010D000206842F6030303A9ADF80E30FEF7EBF8E3
:1010E00060B9E3689B7913F0300F03D1002004B09E
:1010F000BDE8F0812046DEF767F90446002320684A
:101100008DF80C3003A942F60213ADF80E30FEF74D
:10111000D2F818B12046DEF757F90446002542F60A
:10112000021820688DF800506946ADF80280FEF77D
:10113000C2F8F0B9002320688DF80C3003A942F6FC
:101140000213ADF80E30FEF7B6F80028CED1E568F0
:101150006C1C3D3514F8011C22463046FEF70BFE90
:1011600018B1B4F807301F42C1D10A34AC42F1D1F2
:10117000BCE720688DF8045042F6030301A9ADF8DE
:101180000630FEF798F80028D4D020688DF8085073
:101190004FF4205302A9ADF80A30FEF78CF800286E
:1011A000C8D020688DF80C5042F6010303A9ADF8B1
:1011B0000E30FEF780F80028BCD02046DEF704F998
:1011C00004460028ADD191E770B50B46054614469C
:1011D00029B921462846DEF755FC28B970BD4FF6DF
:1011E000FF72914207D1218163682246284600217F
:1011F000BDE870401847E28901339BB29A422381CF
:10120000E7D2F1E72DE9F04F89B00646129F144668
:1012100011B913F0030807D07B683A460021304625
:1012200009B0BDE8F04F1847C3F3870302EB83050D
:10123000C14642F6010AAC4207D13A464146304621
:1012400009B0BDE8F04FFFF7BFBF3A7C6388ADF847
:101250000830002A14BF52464FF42052ADF8022045
:10126000102200210DEB02001FFA83F83B68B4F84E
:1012700000B001938DF8009002F03BFB01AB0693A8
:10128000CDF80CD07B68ADF81CB03A4603A93046C7
:10129000984704340028CED109B0BDE8F08FF8B5E6
:1012A0000546546910460E4651B9182202F021FB3A
:1012B00027683346324621462846B8470020F8BD05
:1012C000137C042B12D10021182202F012FB338A66
:1012D000E38121462846DFF713F80028EED00023EB
:1012E00026681A4621462846B047E7E70120E6E788
:1012F00073B504460D46F9F77DFC29462046FFF7F5
:1013000061FB014620B902B0BDE87040F9F786BC28
:1013100046682046DCF762FFF9F780FC2EB1002317
:1013200000951A460E212046B04702B070BD2DE947
:10133000F0470646884691469A46DDF70DF820B3F9
:10134000846814B3256805B1203D34F8143C434546
:1013500018D1203C07E02C462D6AA389BDB1434536
:10136000A5F12005F7D1A27E737A9A420AD82768A0
:1013700053464A4621463046B84718B921463046BA
:10138000DFF738F82C46002DE6D1BDE8F08743455D
:10139000E9D0FAE72DE9F04105468846DCF79EFFE3
:1013A0000446E0B1037ADB0719D500F10C07384693
:1013B000FFF70EFC10F0010611D1B8F1000F0FD0AD
:1013C0006FF002013846FFF7F4FB10F0020F2846D9
:1013D00009D0FFF713FB01212046FFF79EFD0126F0
:1013E0003046BDE8F081FFF707FB0028F8D028461B
:1013F000FFF714FB0028F3D06FF002013846FFF727
:10140000D8FB2846E5E7F8B506460F46DCF72EFF81
:10141000394604463046FEF7C8F868B364B304F1B1
:1014200008056FF001012846FFF7C3FBC20703D58B
:1014300039463046DFF756F96FF002012846FFF7CC
:10144000B8FB830703D539463046DDF731FD284622
:10145000FFF7BEFB80B9234603F8010BC4F8010077
:10146000C3F80300BFF35B8F55E8003F45E8000277
:10147000002AF9D1BFF35B8FF8BD38B5A0F19F0505
:10148000C41E15F8010C29460C35FFF7BCFFA54218
:10149000F7D138BD38B5044659B100F18805294661
:1014A000007ADFF71FF9207A2946BDE83840DDF7DA
:1014B000FFBC38BDC27A837CD0F8EC00C07802F063
:1014C000010203F0010340B912B101334B707047C0
:1014D000002B0CBF03230023F8E722B9002B0CBF1D
:1014E00003230123F2E75B00F0E707207047BFF317
:1014F0005B8F0068BFF35B8F084100F0010070470D
:1015000038B50B2104460430FFF7F1FF08B1002085
:1015100038BDD4F8B83083B904F18805217A2A4659
:101520002020E1F7A9FCC4F8B80030B9217A2A4696
:101530000420E1F7A1FCC4F8B800D4F8B830002BBF
:10154000E5D0DA8912F0240FE1D0A17A02290CD972
:10155000587BC007DBD5032907D09206D7D5187B67
:10156000A0F1100358425841D2E70120D0E738B526
:101570000A46034609B9012038BDC88910F0240F76
:10158000F9D0197D5D7B147BA94228BF29468C4286
:1015900001D90020F0E7810607D4527BD207EAD5B3
:1015A000187A003818BF0120E6E70521181DFFF75B
:1015B0009EFF0028F1D1ECE708B5D0F8EC20927A34
:1015C000032A034615D004D8013A012A14D9082069
:1015D0000EE0042AFBD1027D417B8A4228BF0A46E5
:1015E000102A0BD105210430FFF781FF08B9032031
:1015F00008BD1B7A002BFAD00020F9E70620F7E798
:1016000001238B40DB43BFF35B8F50E8002F1A4070
:1016100040E800210029F8D1BFF35B8F704710B478
:1016200014461A4623681360636853600B6893601E
:101630004B685DF8044BD3601146EFF70DB80B68AB
:1016400003608B8883808B79837170470023D3F785
:10165000ABB808B50621FEF7C0FC18B9BDE80840D4
:10166000DFF71EBBEC3808BD01238B40BFF35B8F57
:1016700050E8002F1A4340E800210029F8D1BFF3B9
:101680005B8F704708B50E21FFF7EEFF002008BD05
:1016900010B5072104460430FFF7E6FF0820DFF706
:1016A0006DF920B92046BDE81040DFF753BB00209C
:1016B00010BD70B5051D0E4628460421FFF717FF23
:1016C00068B10022002100230846FEF742FC0446D0
:1016D00040B904212846FFF7C7FF204670BD4FF4EC
:1016E0007022EFE701210C3000F052FC0670F4E7A5
:1016F00038B502210446FFF7DCFF054680B106211C
:101700000C3000F045FCD4F811300360B4F815300B
:101710008380002220462946DFF706FA002038BDE4
:101720000820FCE738B504210446FFF7C2FF054650
:10173000A0B110210C3000F02BFC04F1270304F1C0
:10174000370253F8041B40F8041B9342F9D120469A
:1017500000222946DFF7E8F9002038BD0820FCE721
:1017600070B50C460D210646FFF7A3FF054698B15C
:1017700010210C3000F00CFC214604F1100351F84C
:10178000042B40F8042B9942F9D130460022294617
:10179000DFF7CAF9002070BD0820FCE730B501234F
:1017A00003FA01F1CA43BFF35B8F50E8003F03EA3D
:1017B000020440E80045002DF7D1BFF35B8F1942CA
:1017C00014BF0120002030BD38B500F188040D465B
:1017D00007220968204602F043FA28B969682046C2
:1017E000BDE83840FFF72BBF38BD70B5031D044678
:1017F0000025D0F8EC60BFF35B8F53E8002F43E87F
:1018000000510029F9D1BFF35B8F04F5907001F00E
:1018100021FD2572BFF35B8F54E8003F44E800527E
:10182000002AF9D1BFF35B8FF3782BB90B21204647
:10183000BDE87040FFF718BF0121F8E7F0B589B0A7
:10184000DDE90E67054630788DF8000038788DF8B0
:1018500001001068CDF8020090889279109C8DF8F4
:1018600008201A68CDF809209A889B79ADF80600FF
:10187000ADF80D208DF80F3001F1100C22466846AE
:1018800011F8013B10F801EB614583EA0E0302F801
:10189000013BF5D1224621462846EEF7DDFE034600
:1018A00028BBB7F80520ADF81420D6F80120D7F8EA
:1018B0000100CDF81620B6F8052004900793ADF886
:1018C0001A2004F11000234604A913F8012B11F883
:1018D000016B834282EA060203F8012CF5D122460D
:1018E0002146284609B0BDE8F040EEF7B5BE09B084
:1018F000F0BD7FB50321D0F8EC400546FFF7D9FED7
:101900000646C0B110210C3000F042FB04F19603F2
:101910008F3402900193009405F1100305F1090240
:1019200005F1270105F14700FFF788FF044628B1BC
:101930003046F2F74FFA082004B070BD0246314637
:101940002846DFF7F1F8281D2146FFF759FE20460B
:10195000F2E708B5D0F8EC20D278034632B903217B
:10196000FFF782FEBDE80840FFF7C3BF021D0A2152
:101970001046FFF7BCFD10B904211846F0E71046E9
:101980000021FFF771FE002008BD2DE9F7430B9FF2
:10199000CDE900230446FFF75CFE0546002800F071
:1019A0008580BDF82880061DB8F1000F2AD1DDE939
:1019B0000032134326D103213046FFF798FD00285B
:1019C00058D001213046FFF792FD002852D02C7DDF
:1019D0006B7B9C4228BF1C46224605F147013846D6
:1019E00001F079FF0F2C05D8C4F11002002138193D
:1019F00001F07FFF30460121FFF736FE012003B0E2
:101A0000BDE8F083D4F8B830BBB904F18809217A75
:101A10004A462020E1F730FAC4F8B80030B9217AFC
:101A20004A460120E1F728FAC4F8B800B8F1000FDF
:101A300003D1DDE90032134320D0D4F8B880B8F1E7
:101A4000000F26D0B8F80E30DB0722D508226946F1
:101A500008F1400002F004F9D8B902220AA908F1FD
:101A6000480002F0FDF8A0B998F80C4008F14A01CE
:101A70002246B4E7D4F8B830002BC6D0D4F8B8105A
:101A80000029DAD0CB899A06D7D50C7B1A312246A9
:101A9000A5E70F213046FFF72AFD20B102220621DB
:101AA0002046DAF777FC2846FFF79FFE0020A6E7DE
:101AB0006FF0850070472DE9F743C67804463EB1C4
:101AC000012E3ED06FF01504204603B0BDE8F08330
:101AD000FFF7BFFD054610B96FF07F04F4E7061D60
:101AE00003213046FFF703FD10B16FF00F04EBE761
:101AF00001213046FFF7FBFC0028F6D12046FFF716
:101B0000FFFC28B9204603B0BDE8F043DFF71ABF59
:101B1000D4F8B8100B7B009301F1180201F11A03FD
:101B200020461031FEF78EF804460028CCD10B2158
:101B30002846FFF799FD01213046FFF795FD002467
:101B4000C2E7FFF786FD05460028C5D000F104086E
:101B500004214046FFF7CBFC002851D10321404629
:101B6000FFF7C5FC0028C0D131464046FFF7BFFC57
:101B70000028BAD12846DEF7A5FF68B1D4F8B830FE
:101B800083B9207A04F18801E1F7B0F8C4F8B8000D
:101B900040B96FF00B0497E72046FFF7B1FC00282F
:101BA000ECD18FE72846DFF7B9F8074610B16FF0A0
:101BB000680489E70B212846FFF77BFD06460028CD
:101BC000F5D001210C3000F0E3F9092181462846C7
:101BD000DFF77EFE3B4689F800003246204600973C
:101BE0000621FEF7B9F9044618B13046F2F7F2F8CB
:101BF0006AE70F214046FFF737FD012128469CE7A1
:101C00006FF0040460E770B505460820DEF7B6FE05
:101C10000446E8B1061D08213046FFF7F1FC002D0F
:101C20003DD00721FFF7ECFC284604F1970305F1AE
:101C3000200250F8041B43F8041B9042F9D10A21FA
:101C40003046FFF754FC68B109213046FFF70CFD20
:101C50000720DEF793FE044618B1DFF77BF8014654
:101C6000B0B970BD10213046FFF741FC09210028B2
:101C7000EBD13046FFF73BFC0028E9D0D4F8EC303C
:101C8000DB78204643B9DFF725FC01460028DFD08A
:101C90002046E0F70BFCDBE7DFF79EFCF5E70B21C6
:101CA000F6E770B50446A0F1EC0650F8343BE83C8A
:101CB000D3F8B85001F0CEFA03212046FFF717FC05
:101CC000A0B108213046E0F753FB3DB1EB8913B1D9
:101CD0006B7B9B0702D5284600F051F830464FF445
:101CE000AC72BDE87040002101F003BE0121204626
:101CF000FFF7FDFB0028E4D10F212046FFF7F7FB9B
:101D00000028DED1E1E708B59AB98378012B10D11C
:101D10000621FEF758F910F8043C23F0010300F8FF
:101D2000043C30F8041C21B9BDE80840EC38E0F769
:101D30001FBB08BD08B5072201F092FFB0FA80F082
:101D4000400908BDD8F7E6BC0B6803608B88838028
:101D50008B798371704770B504460D461646E1F7DE
:101D60008BF838B931462846E0F7C0FF10B1C38977
:101D70001C43C48170BDC3891943C181704710B52C
:101D8000037A5B07044601D5D8F7E0FC214611F839
:101D9000010BD6F713FC20466022BDE8104000215D
:101DA00001F0A7BD531E1944024411F8013900F88F
:101DB000013B9042F9D1704710B5431E00F110026B
:101DC000073013F8011F12F8014D1C708342117087
:101DD000F7D110BD70B5C2B00D461646014616AA21
:101DE00068461C46FDF7AFF818B96FF0040042B022
:101DF00070BD324629466846FDF7D0F80028F4D079
:101E000069462046FDF734F90028EED00020EEE7C1
:101E1000F0B597B014460E462022014605A81D468F
:101E20001C9FFFF7BFFF202231460DA8FFF7BAFF26
:101E30002146102201A88DF85450FFF7B3FF3B460E
:101E4000412205A901A8FFF7C5FF044610B938468D
:101E5000FFF7B2FF204617B0F0BD2DE9F04397B071
:101E60000446164605A810221D46DDE91F98219F4D
:101E7000FFF798FF1022314609A8FFF793FF1022C1
:101E800029460DA8FFF78EFF1E99032211A8FFF720
:101E900089FF4946D9F8010011F8013B8DF8473018
:101EA00012908B88ADF84C30062212A8FFF77AFF0B
:101EB0004146062211F8013B8DF84E30D8F801302A
:101EC000CDF84F300DF14F008B88ADF85330FFF750
:101ED00069FF2146102201A8FFF764FF3B4641221B
:101EE00005A901A8FFF776FF044610B93846FFF7A9
:101EF00063FF204617B0BDE8F083704700230382DC
:101F00004369C3607047416A49680968F1F7E4BEF4
:101F1000F8F790BA01F0B0B8027A01320272704755
:101F2000034618465B68002BFBD17047426810B52A
:101F30002AB10B461C465B68002BFBD162604160F6
:101F400010BD10B5044620B90B7A01330B72084658
:101F500010BD034618465B68002BFBD1FFF7E6FF78
:101F60002046F5E710B508B14B6843604C68002384
:101F700008464B60F1F72EFF204610BD92B28160FB
:101F80000160C2808280704783680B4403607047A1
:101F90008388026819448180D018704730B48488DF
:101FA0000568A3188380281930BC01F094BC10B5D3
:101FB000838802685C1C8480D154D01810BD83884B
:101FC000026830B5D4189D1C8580D154090A61700F
:101FD00030BD034600689A88401A11441860998001
:101FE00070478288521A034682800068084418604D
:101FF0007047034600689A88521A01449A80196013
:10200000704710B503681C780121FFF7EAFF2046EE
:1020100010BD10B503681C880221FFF7E2FF2046BF
:1020200010BD02688068101A70478388C288816872
:10203000D21A03685B1AD01A704710B50369C0E959
:1020400005330023C360837F044613B1407A00F058
:102050001BFE0123237700236377E377A37710BD6B
:10206000F8F732B9F8F7AAB90378027903F00F014B
:102070001AB959B14FF0FF3070470829FAD8012A30
:1020800004D183F0080040F3C000704743F3C00060
:10209000704738B50446F1F711FF054660B1037A81
:1020A0006BB120460024F7F709FC2846AC77FFF710
:1020B000C4FF2C72204638BD6FF01500FBE76FF0AF
:1020C0007700F8E770B504460E461546F2F7D6FBE2
:1020D00030B906B925B12046BDE87040F2F716BC0C
:1020E00070BD08B5F6F790FF00280CBF6FF00A002E
:1020F000002008BD10B403460838BFF35B8F50E8DA
:10210000002F511C40E80014002CF8D1BFF35B8F66
:102110001AB95DF8044BF2F77DBC6FF00F025DF861
:10212000044B9A6670470369C9B20C2201FB023363
:10213000186C00F0070070474FF02003EFF3118296
:1021400083F31288BFF36F8F036803F0C00343F07B
:102150000203036082F31188BFF36F8F704770B57D
:10216000C9B203694FF02004EFF3118584F312889C
:10217000BFF36F8F0C2606FB0134246C14F0C004EF
:1021800008D0A24206D085F31188BFF36F8F4FF0BD
:10219000FF3070BD71430B4401221A6485F311882E
:1021A000BFF36F8F43680B445B6898470020F0E7EC
:1021B0008022FFF7D4BFF8B5069F0469C9B24FF07B
:1021C0002005EFF3118685F31288BFF36F8F0C257E
:1021D00069430C44256C05F0070CBCF1010F0BD1D1
:1021E000276486F31188BFF36F8FC4E90E23436819
:1021F0005B5898470020F8BD05F0C005AF4286F354
:102200001188BFF36F8F0CBF6FF077004FF0FF3076
:10221000F1E713B580240094FFF7CDFF02B010BDA5
:1022200010B40069CBB21C2403FB040000215DF84C
:10223000044B10470020F5F7F1B9002000F00FBB68
:102240001046F8F72BB90020704738B50C461546F4
:10225000D7F7D4FF28B129462046BDE83840D7F744
:1022600073B96FF00A0038BD38B505460C4600F06A
:1022700067FB002D07DBA84205D9401B84428CBFB9
:102280000020012038BD0020FCE770B50D4628462F
:10229000194616461C46FFF7E7FF28B9214628468F
:1022A000BDE87040F3F726B924B1224629463046EE
:1022B00001F011FB002070BD2DE9F3411C46904652
:1022C000002382682360A36013690D4601AA694652
:1022D0009847019B5A1E019223B96FF0150002B076
:1022E000BDE8F0810098A26847682168676085B9F9
:1022F000A8EB02030668B34228BF33461A4403FB27
:1023000007112160A26002689A4206D80830009046
:10231000DFE76B1AB3FBF7F3ECE70020DFE71346C8
:102320000022FFF7C9BF2DE9F047836886B01B691B
:102330008846914601A902AA98470024A24625464C
:10234000029BAB4202D806B0BDE8F087019F07EBC5
:10235000C50700267B6804933A68B2420AEB06037D
:1023600002D801359A46EBE703940593494603A842
:10237000C0470028E7D0049B01361C44ECE74368C3
:102380005B68D3F810350B600020704743685B68CA
:1023900002EA010021EA0201C3F80805C3F80C159E
:1023A0000020704743685B680020C3F80815704739
:1023B00043685B680020C3F80C15704743685A688F
:1023C000D2F8043521EA03000B40C2F80805C2F830
:1023D0000C350020704710B503695868F8B1884281
:1023E00019D19C6808685860A14200D1986000200B
:1023F00008602AB15A680A609A68596002B99960FF
:10240000002010E0814206D108682060986881426F
:10241000EDD19C60EBE7044600680028F2D1002A69
:10242000E8D16FF0150010BD13B54FF080520829A8
:10243000136E526E28BF082112BA00921BBA0C46C6
:102440000A466946019301F046FA204602B010BDE3
:1024500070B50B680546006898420C460AD041F8F2
:10246000040B066983685B68984740B96368326803
:10247000534063602B796068D84000F0010070BD64
:1024800070B403460C46DA8800681979224305695E
:1024900086682B6801248C4012F0010F14BF23437F
:1024A000A3432B60336870BC184703460A46006894
:1024B0001979012303FA01F103691B68194218BF56
:1024C00082F0010212B18368DB68184783681B69D8
:1024D000FBE7036911B1D960002070476FF0150068
:1024E00070470023D2F760B950F8100CF3F7A6BB81
:1024F00010B54FF4001104460069F3F713FB0146D1
:1025000020B96068BDE81040F3F768BB10BD10B596
:1025100051F8043C1C692068FFF7EAFF01F018F845
:102520004FF47A72A0FB020302FB0131C00B40EAB8
:102530004140C90BC4E91201002204F1100000233C
:10254000BDE81040F8F748B910B5044600691030EE
:1025500000F080FE2046BDE81040FFF7C9BF70B50F
:102560000446066900F0F4FF4FF47A75A0FB0532CB
:1025700005FB0121DB0B43EA4143C90BC6E91231DC
:102580002046BDE87040F3F759BB73B5456828682D
:10259000884206D9D31804D24FF47A74A3FB0403FB
:1025A00013B16FF0150010E0A2FB0432002AF8D13D
:1025B0006D680E0105EB011163438A890092496839
:1025C00004FB00F2A859C7F7D3FA02B070BD2DE999
:1025D000F341436815461A688A4219D9642D17D801
:1025E0005F6807EB01144FEA0118A6686422002314
:1025F000A5FB0601C3F790FFA2890092034661681C
:1026000057F808003246C7F7B3FA02B0BDE8F081C8
:102610006FF01500F9E76422FFF7D9BF0022FFF73A
:10262000D6BF2DE9F043446885B00123039394F8A5
:102630002230A669E56994F8207094F821C00096CC
:10264000DB00A2FB03030195CDF808D0002B3DD1A0
:1026500085423BD3934236D1214651F8040B83681F
:1026600002AA1D680023A8470546208DF8F796FBAF
:10267000284605B0BDE8F083606A405D032828D88D
:10268000DFE800F003021D1F487806F1FF3E072532
:1026900020FA05F919F0010F0CBFE146B946013DDA
:1026A0000EF8019FF4D2083608F1010894F82200D0
:1026B0005FFA88F5A842DFD801330431CAE7887889
:1026C000E3E7C878E1E74FF00008EFE76FF00B05AC
:1026D000CEE76FF01505CBE730B543681360057A98
:1026E000446804EBC504A34202D36FF0010030BD7F
:1026F0005C798C4201D00833F0E70020F7E7002234
:1027000001212F20D4F7BEBE10B50B6813B913609A
:10271000184605E003685C681CB11460036818681B
:1027200010BD083303600B68013B0B60EDE700232D
:10273000D2F73AB803460A4600681979012303FA2A
:1027400001F103691B68194218BF82F0010212B13E
:102750008368DB68184783681B69FBE710B503686B
:1027600004464BB19A683AB1186900F0FDFA206846
:1027700000210830FFF7DEFFA36933B9636004F17D
:102780001000BDE81040F7F789BE10BD10B5006914
:1027900003688B4206D190F86C4034B9FFF7DEFF36
:1027A000204610BD6FF01500FBE76FF00F00F8E753
:1027B00070B5026804460E466AB193685BB19388AF
:1027C00013F4805507D1106900F0CEFA206829462D
:1027D0000830FFF7AFFF266404F12800F7F75EFE2C
:1027E000002384F86C3070BD70B5054600F0A6F883
:1027F000002104462846F5F775FA03212846F4F728
:10280000F5FA00F025F804F18044064604F5C044CA
:1028100023684BB10024284600F08EF82846012199
:10282000F4F7E4FA204670BD00F012F8801B062889
:10283000EED96FF07304EEE700F150039B009BB2FA
:1028400003F1804303F5883300221A601B68704748
:1028500008B5F4F78BFB08BD004700F085BAF4F724
:1028600053BEF7B5019001A8DDE9084716461D469D
:10287000F4F75CFF019BB6F1000C18BF4FF0010CA0
:1028800000EB83000B1E18BF0123002D43EA4C030D
:1028900014BF4FF00C0C4FF0000C002C43EA0C035B
:1028A00014BF4FF4E06C4FF0000C002F43EA0C0310
:1028B000D0F8002714BF4FF4403C4FF0000C43EA1F
:1028C0000C0322EA030301B109780EB136787600D1
:1028D00019430DB12D78AD0031430CB12478240299
:1028E00029430FB13F783F040C433C43C0F80047F5
:1028F00003B0F0BD1FB50DF10F03019300238DF858
:102900000F1000931A461946FFF7ABFF05B05DF8AC
:1029100004FB08B50146F4F77BFF40B10846F4F725
:102920006BFF00B2800000F5807080B208BD4FF4EC
:10293000BE70FBE7F4F7FABFF4F7D2BFFFF7E9BFC9
:102940004FF080531A695869504370474FF08053D5
:10295000186970474FF080535869704700F1804301
:102960001A68002A1FBF00221A601B68012008BFD6
:10297000002070474FF080434FF46072C3F8042387
:1029800070474FF080434FF46072C3F808237047DC
:1029900008B5F5F765FBBDE80840F4F793BE30B520
:1029A00002240C72CA6004680125C4F80055096845
:1029B00079B112F0040F0CBF82219221150748BF94
:1029C00041F02001D406046848BF21F08001C4F81A
:1029D00000139B000168083312F0800006BF01223B
:1029E000CA50C81830BD30B5A2F58075AD080124B5
:1029F000AC400C4207D0815829B100218150825847
:102A00001A6822431A6030BD13B500230C460193A7
:102A10004FF4887201ABFFF7E6FF21464FF48A724C
:102A2000FFF7E1FF21464FF48E72FFF7DCFF2146EE
:102A30004FF48272FFF7D7FF21464FF48472FFF7FD
:102A4000D2FF21464FF48672FFF7CDFF4FF48C7210
:102A50002146FFF7C8FF019802B010BDF5F760BB33
:102A600070B5A2F58074A408012606FA04F40546A0
:102A700014EA010008D0A85830B10021A950AA5882
:102A80001A6822431A60304670BD2DE9F3410023D5
:102A900004460D460193904601AB4FF4A672FFF732
:102AA000DFFF4FF4827229462046FFF7D9FF4FF42B
:102AB0008C72074629462046FFF7D2FF064630B102
:102AC000B8F1000F1DD017B1D4F83C353E4601AB2C
:102AD0004FF4887229462046FFF7C2FF30B1B8F1A3
:102AE000000F03D016B90FB1D4F83C3501AB4FF449
:102AF000907229462046FFF7B3FF019802B0BDE867
:102B0000F0814646E3E707B5019001A8F5F71CFC04
:102B1000019A01239340C0F8083503B05DF804FB27
:102B200007B5019001A8F5F70FFC019A0123934026
:102B3000C0F80C3503B05DF804FB30B54C689C421E
:102B400009D200254560096801609A420CD1201E17
:102B500018BF012030BD43600D6805600868E41AA5
:102B600018444C600860F0E70020F3E74B689A4295
:102B700028BF1A460B68C0E9003248680B68801A03
:102B80004860134400380B6018BF012070474B6841
:102B90009A4228BF1A4662B10B68C0E900324B68FE
:102BA0009B1A4B600B68101E13440B6018BF01206A
:102BB00070471346F1E7C343C3F3C01300F00F009F
:102BC00000EB03107047704708B5F6F74FF8014661
:102BD000F5F740FF837B032B0AD10846FFF7EBFF95
:102BE000012303FA00F0C043BDE80840F6F72EB811
:102BF0000368002BF1D008BD8720FFF7E5BF8620D2
:102C0000FFF7E2BF8520FFF7DFBF8420FFF7DCBFBF
:102C10008320FFF7D9BF8220FFF7D6BF8120FFF7BF
:102C2000D3BFF6F735B808B5F5F714FF818108BDB5
:102C300008B5F5F70FFF4FF02002EFF3118382F391
:102C40001288BFF36F8F82680A6002682AB9807B9E
:102C500083F31188BFF36F8F08BD0420F8E70720C6
:102C6000F6F7DEBB0620F6F7DBBB0520F6F7D8BB90
:102C70000420F6F7D5BB0320F6F7D2BB0220F6F707
:102C8000CFBB0120F6F7CCBBF6F7BCBC282904D09B
:102C90002D2912D06FF0850070474FF47A71438868
:102CA000B3FBF1F313604388B3FBF1F001FB103386
:102CB0009BB24B435360002070470379136000239D
:102CC000F8E741F2670398420ADC40F67A539842EB
:102CD00008DD0F234000B0FBF3F03530C0B2704781
:102CE000642070470020704700692030FFF7CEBF96
:102CF00070B504786FF34104047004F00105048892
:102D00008D42C4F38D0609D1B24203DD6FF38F0407
:102D1000048070BDB61A66F38F04F9E7D3E9001397
:102D200014F0010F18BF19468E4208D21644B6F5AA
:102D3000804FF0D343F6FF7363F38F04E8E785F029
:102D4000010444F00204E3E7008820F0020080B2AE
:102D5000003818BF01207047007800F0010070476C
:102D60000078C0F34000704708B1D4F72BBE70471D
:102D7000704740B1C368587810F001001EBF187842
:102D8000B0FA80F0400970474FF02002EFF3118352
:102D900082F31288BFF36F8FFEE700F0AABD00F048
:102DA0009ABD10B400F10C04C0E903445DF8044B73
:102DB000F9F764BE2DE9F04F87B0DDE910670546ED
:102DC0003B46914604A83246884600F0C3FBDDE945
:102DD000043405F1140ACDE902344FF02003EFF377
:102DE000118483F31288BFF36F8F05F10C0B4A46F1
:102DF00041462846F9F7DAFD30B184F31188BFF374
:102E00006F8F07B0BDE8F08F3E43F6D0DDE90223B7
:102E100004A800F0C3FBDDE904675A46CDE900676A
:102E200021465046F7F720FE4FF02003EFF31184C0
:102E300083F31288BFF36F8FD9E738B504464FF09C
:102E40002003EFF3118583F31288BFF36F8FF9F737
:102E500075FD04F10C0000F02EFB30B1294604F1A1
:102E60001400BDE83840F7F763BE85F31188BFF35F
:102E70006F8F38BD82684369134313F003030CD18D
:102E8000C3600169994201D800207047C168116090
:102E90004169C26001330A44F3E76FF015007047DF
:102EA000F8B504460D464FF02003EFF3118683F387
:102EB0001288BFF36F8FC7686FB900F0B2FA50B1D4
:102EC000C767456100F04EFA314604F10800BDE8DD
:102ED000F840F7F72DBEE3682B60A369E560013B7E
:102EE000A36186F31188BFF36F8FF8BDEFF3058000
:102EF000003818BF012070476FF05700704700205E
:102F00007047F7F727BE08B54FF02002EFF31183A3
:102F100082F31288BFF36F8FD4F76AFBF4E790F95E
:102F20000E308B4201D0F7F7BDBD0020704703463D
:102F30000020C3E90200C3E9003370472DE9F843DC
:102F4000994604469DF820300D46904600F108064B
:102F50004FF02002EFF3118782F31288BFF36F8FD7
:102F600003B14568304600F05CFA58B10023C367EE
:102F7000C0F8148000F0F6F930463946F7F7D8FD6E
:102F800000200CE0B9F1000F1BD00821F8F71AFA65
:102F900038B987F31188BFF36F8F6FF00B00BDE86E
:102FA000F8830122C0F804800260016801F0030187
:102FB0005DB922680A430260626820606AB9606095
:102FC0000BE0C8F800904046EFE72A68032A10D8C3
:102FD0000160616839B9C4E90000042104F11000FE
:102FE00000F052FCC8E70A6802F0030202430A60DC
:102FF000E5E722F003020A4302602A6802F00302B6
:1030000040EA02032B60E8E710B5044630B10268DD
:10301000930703D0446809B100F056FC204610BD68
:103020000023C0E9003300F10803C0E9023300F1D6
:103030001003C0E90433704770B5044600F1080579
:103040004FF02003EFF3118683F31288BFF36F8FE5
:10305000284600F0E6F920B10022C267426100F084
:1030600081F904F11000082100F00EFC31462846D9
:10307000BDE87040F7F75CBD07B50123009300235E
:103080000A461946FFF75AFF03B05DF804FB07B57F
:1030900000230A4600931946FFF750FF03B05DF87E
:1030A00004FB00680021FFF7AFBF5AB18A4209D381
:1030B00000F11003C0E90212C0E90000C0E90433C6
:1030C000002070476FF015007047026801238B40A5
:1030D00022EA0303036022FA01F000F001007047C6
:1030E00010B5032104460C30FFF7EFFF30B104F1B7
:1030F000100000F013FAB0FA80F0400910BD20B1C2
:1031000000221146D03000F0E6B9704770B5C368B0
:10311000C3F340069B07044616D4856802210C3091
:10312000FFF7D3FF80B1D5F8C8206AB194421DD112
:1031300022689EB9D5F8CC30C5F8C8209C4201D190
:10314000C5F8CC2000232360E36813F00F001EBFF6
:1031500043F00203E36040F0020070BD3260D5F836
:10316000CC20944208BFC5F8CC60EBE71646126845
:10317000DBE773B504464FF02003EFF3118583F3CB
:103180001288BFF36F8F0023A0F1100603210438CB
:103190000193FFF79AFF28B1A369019301A9304673
:1031A000F7F724FA85F31188BFF36F8F02B070BD73
:1031B00038B504460D461022002100F09AFB6560E8
:1031C00038BD4FF02002EFF3118382F31288BFF372
:1031D0006F8FC06800F00F0083F31188BFF36F8F0B
:1031E000704713B5019008464FF02003EFF31184A8
:1031F00083F31288BFF36F8F01A9F7F7F7F984F310
:103200001188BFF36F8F02B010BD10B5FFF7E9FF53
:10321000041E09DD4FF02003EFF3118083F31288C1
:10322000BFF36F8F00F031F9204610BD08B5E822DA
:10323000002100F05EFB08BD38B5302204460D4683
:10324000002100F056FB4FF480736560E36038BDE9
:10325000FFF7B7BF38B504464FF02003EFF31185F1
:1032600083F31288BFF36F8FFFF73AFF2046FFF713
:103270004DFF85F31188BFF36F8F38BDF8B5044655
:103280000D464FF02003EFF3118683F31288BFF34E
:103290006F8FC36803F00F03002B14BF01270027B3
:1032A00005D186F31188BFF36F8F3846F8BDFFF75D
:1032B00017FF2046FFF72AFF29462046F7F778F93F
:1032C00086F31188BFF36F8F0028EED04FF0FF32E6
:1032D0004FF0FF3305F10800F7F706F9E5E7D0E90D
:1032E000003213605A600023C0E90033704708B50C
:1032F000FFF7F5FF437B23F0020343730023836052
:1033000008BD90F90E3091F90E00834214BFC01A27
:103310000020704738B504460D46F7F745FB637B40
:1033200043F002036373E5B1A5602B689D4209D1A8
:103330006B68C4E900531C606C6012E06A689342D9
:10334000F6D01B68002BF3D094F90E2093F90E10E1
:103350008A42F3D09142F1DD5A68C4E90032146028
:103360005C6038BD10B54FF02003EFF3118483F398
:103370001288BFF36F8FF7F7E3FA84F31188BFF376
:103380006F8F10BD08B54FF02002EFF3118182F36B
:103390001288BFF36F8F83680BB1FFF7A8FF81F32B
:1033A0001188BFF36F8F08BD38B504464FF0200376
:1033B000EFF3118583F31288BFF36F8F437B13F014
:1033C000280F0BD183680BB1FFF791FF637B51B9D5
:1033D00003F0FB0363732046F7F7B2FA85F3118815
:1033E000BFF36F8F38BD03F0EB03F3E7012118380B
:1033F000FFF7DABF08B503464FF02002EFF3118163
:1034000082F31288BFF36F8F0068834207D008B140
:10341000FFF76DFF81F31188BFF36F8F08BD0020A8
:10342000F8E738B54FF02003EFF3118583F31288E6
:10343000BFF36F8F0468A0420DD034B12046FFF770
:1034400056FF04F1180000F069F885F31188BFF306
:103450006F8F204638BD0024F7E710B501464FF0C6
:103460002003EFF3118483F31288BFF36F8F836817
:103470000BB1FFF73CFF84F31188BFF36F8FBDE8FA
:10348000104001F1180000F049B8034620B9EFF3ED
:1034900005820AB9D3F752BF83F31188BFF36F8F48
:1034A00070474FF02003EFF3118083F31288BFF3CE
:1034B0006F8FFFF7EABF38B5054600202C68A5429C
:1034C00000D004B938BD2046FFF7C7FF2046FFF7FC
:1034D00049FF0120F2E738B54FF02003EFF31185E3
:1034E00083F31288BFF36F8F0468A04212D09CB19F
:1034F000E16762612046FFF7FAFE04F1180000F070
:103500000DF82046F7F71CFA012085F31188BFF368
:103510006F8F38BD0020F8E72046F6E710B54FF072
:103520002002EFF3118482F31288BFF36F8F0368D8
:103530003BB1F7F70DFD002084F31188BFF36F8FC7
:1035400010BD6FF01500F7E708B5F7F7FDFD08BDF2
:10355000F7F7FABDB3F1FF3F08BFB2F1FF3F70B517
:1035600004461D46164613D01A4315D06FF00102CB
:10357000921B4FF0FF3363EB0501002904DAF7F7E4
:10358000E3FD821941EB0501C4E90021204670BD2D
:103590004FF0FF321146F7E70022FBE7B3F1FF3FA0
:1035A00008BFB2F1FF3FF8B5074616461C4610D0DB
:1035B00054EA020311D0F7F7C7FDB0420A46A14111
:1035C00003460AD2F31A64EB0204C7E90034384612
:1035D000F8BD4FF0FF331C46F7E70023FBE700235D
:1035E000C0E9081200F11802C0E90622C0E9003360
:1035F00003634363704710B50446FFF78FFFB0B90C
:10360000636A0BB12046984704F11800FFF7F2FEF9
:1036100068B1FFF7A7FE4FF02003EFF3118083F3AB
:103620001288BFF36F8FBDE81040FFF72EBF10BDAB
:103630001423F0B503FB010000244FF48B7601B98D
:10364000F0BD10F8073C40F80C4C03F03F03082B8A
:10365000A0F114070CD826FA03F3DB0708D550F8BD
:10366000143C2BB150F8105C2B605D6040E90544C0
:1036700082F31188BFF36F8F4FF02003EFF31182B5
:1036800083F31288BFF36F8F01393846D7E7F8B557
:103690000D46D0E900138842044605D16368C5E9A8
:1036A00000431D6065601DE0002BF7D0986800B1F5
:1036B0006038A2F160073946FFF723FE0028EDDCF1
:1036C0002668B442EAD0002EE8D0B16801B1603972
:1036D0003846FFF716FE002805DD7368C5E900636C
:1036E0001D607560F8BD63689E42D7D03668EAE712
:1036F0002DE9F84F00258B4614461F4682462E467C
:10370000A8465D4502DB3046BDE8F88F4FF0200348
:10371000EFF3118983F31288BFF36F8F9AF80D309E
:1037200003F03F03013B072B0FD8DFE803F01E0433
:103730000E0A0E0E0E25DAF810309B682BB102230C
:1037400020E0DAF810301B688BBB47BB237833B31B
:103750009AF80D3003F03F03013B072B30D8DFE828
:1037600003F033282F282F2F2F38DAF810309B68DA
:10377000002BEAD0012305E0DAF810301B6A002B99
:10378000E3D01023DAF80C20CAF80880C2F386319F
:103790000B4363F39432CAF80C2084F8008089F359
:1037A0001188BFF36F8F01350AF1140AA9E70423CA
:1037B000E8E7DAF81000224651461030FFF767FFBD
:1037C000CAF808400136EAE7DAF810002246514606
:1037D000F4E7DAF81000224651462430EEE72DE9EE
:1037E000F041846805460E46ECB16378012B25D183
:1037F00014F8533C9A0714D5A4F160073846FFF734
:103800002CFE082E0CBF6FF003030023E36114F8B5
:10381000533CDB0605D154F8483C13B93846FFF752
:10382000A1FD00232370EB68C3F38632164300200A
:1038300066F39433A860EB60BDE8F081022BF0D111
:103840002378002BEDD054F8048CB8F1000FE8D0A9
:1038500004F11400FFF762FEA4F114070023E362F1
:1038600039464046FFF7BDFCDBE710B552050902BB
:1038700001F47C5102F400120A43017B00240A4344
:10388000C0E90323846010BD10B503464FF0200249
:10389000EFF3118482F31288BFF36F8F00688342C5
:1038A00008D0D0E9003213605A600023C0E9003329
:1038B000FFF795FF84F31188BFF36F8F10BD0023CE
:1038C000C0E900008360704720B1011F50F8040C6C
:1038D000FFF7B3BA70470A44914200F1FF3300D1B9
:1038E000704710B511F8014B03F8014F9142F9D11F
:1038F00010BD02440346934200D1704703F8011BF8
:10390000F9E7022B10B509D0920803680C6840F85B
:10391000044B013A41F8043BF7D110BD02440C7846
:10392000037800F8014B904201F8013BF7D1F4E72E
:10393000F8B50F46164604461D46984700283146FE
:1039400038460CDAA847002802DA3C462046F8BD83
:1039500031462046A8470028F8DA3446F6E7A8475B
:103960000028F2DC31462046A8470028F5DAEDE7CA
:103970002DE9F04F95B00646009340EA02039B07FD
:10398000144618D1B2F1040818BF4FF00108002303
:10399000019304FB01F7F319062906EB040B0293CC
:1039A00028D8029B9B4510D3019B002B40F0178128
:1039B00015B0BDE8F08F4FF00208E8E74346224615
:1039C00039462846FFF79DFF0FE05D460EE02F1BAE
:1039D000009B294638469847002809DDB8F1000FBA
:1039E000ECD12B683A682A603B603D46AE42EED38C
:1039F000A344D6E74FEA51093F1B072904FB096995
:103A0000374421D0282944D9CD086543009B06EBD3
:103A1000450271193046FFF78BFF494609EB050255
:103A2000009B8246481BFFF783FF3A46009B814676
:103A3000791BA7EB4500FFF77BFF02464946009B39
:103A40005046FFF775FF8146B8F1000F24D1336867
:103A5000D9F800203260C9F80030D946BA465D4630
:103A60000023B94557D803933146009B48469847F1
:103A70000028039B2CDC0AD1B8F1000F13D12B686E
:103A8000D9F800202A60C9F8003025440123A14458
:103A9000E7E73A46B246D1E7434622464946304632
:103AA000FFF72FFFD9E74346224649462846FFF74E
:103AB00028FFEAE70BD1B8F1000F1ED13B68DAF816
:103AC00000203A60CAF80030AAEB040A01233F1B29
:103AD000B94520D803933146009B384698470028C3
:103AE000039BE7DAB8F1000F0ED1D9F800303A683D
:103AF000C9F800203B603F1BC8E7434622465146B9
:103B00003846FFF7FEFEDFE7434622463946484681
:103B1000FFF7F7FEEFE7FBB9029B9B45BFF444AF0D
:103B20005D4615E04346224639462846FFF7E9FE42
:103B30000DE02F1B009B294638469847002809DDD9
:103B4000B8F1000FEED12B683A682A603B603D4621
:103B5000AE42EED3A344DFE7A9EB050BAA1B5A45FF
:103B6000A8BF5A462AB14346A9EB02013046FFF7E7
:103B7000C8FE029BA3EB0A02AAEB0705121BAA428E
:103B800028BF2A462AB102994346891A4846FFF7B8
:103B9000B8FE029B5D455F46A3EB050004D93346A2
:103BA0002F4606465D461846A54221D9B5FBF4F1DD
:103BB000019B072B0DD8B7FBF4F714AA02EBC30344
:103BC00043F8406C43F83C7C019B0133019306466B
:103BD000DFE6009B2246FFF7CBFEA7420BD8019BF6
:103BE00014AA013B019302EBC30353E91001EEE772
:103BF000A7427FF6D9AEB7FBF4F13046E7E79A4229
:103C000008B501D9D3F79EFE814204D88B1898429B
:103C1000F8D3814202D183189942F3D3BDE808401A
:103C2000FFF759BE08B417B505AB141E53F8041BB3
:103C3000019307DA1A46F7F769FF03B0BDE81040B1
:103C400001B070470A462146F7F738FF0028F4DB39
:103C5000A042F2D3D3F776FE0A220021F7F704BC84
:103C600010B501390244904201D1002005E00378EB
:103C700011F8014FA34201D0181B10BD0130F2E72B
:103C800010B56AB10139841810F8012B11F8013F01
:103C90009A4203D1A04201D0002AF5D1D01A10BD1A
:103CA0001046FCE7F0B5C2F137050446EDB202F06C
:103CB0001F020846B4FBF2F602FB1641CBB20929FB
:103CC00088BF5B19274688BFDBB23033BA4200F8A1
:103CD000013B3446EED9F0BD10B5024601448A429C
:103CE000134603D01C780132002CF8D1181A10BDED
:103CF000D1E9043293421EBF5A1C0A611870704702
:0C3D00000148006870470000E8780020CF
:083D0C004028FC7F01000000CB
:103D14008179030000000000F54E05001C400600F8
:103D2400599F0500000000007D9F05000000000071
:103D34005559050044400600555905003040060019
:103D4400472206006C400600F9530500584006005F
:103D54005562030080400600DD51050000000000AC
:103D6400E170050000000000D979030000000000A4
:103D7400D942030000000000E1C10500F043060041
:103D8400A9E1020018440600A9E102000444060067
:103D94000DDD0200F840060069BF0500D0400600B2
:103DA4000DDD0200204106000DDD02003842060050
:103DB4000DDD02004C4206000DDD02002442060027
:103DC4000DDD0200FC4106000DDD0200E8410600A5
:103DD4000DDD0200D44106000DDD02003441060071
:103DE4000DDD02000C4106000DDD0200104206004C
:103DF4000DDD0200C04106000DDD02009C420600FC
:103E04000DDD0200884206000DDD02009841060027
:103E14000DDD0200AC4106000DDD0200604206002B
:103E24000DDD0200744206000DDD02005C41060057
:103E34000DDD0200844106000DDD0200484106004C
:103E44000DDD0200704106000DDD0200EC420600AB
:103E54000DDD0200004306000DDD0200D84206001D
:103E64000DDD0200C44206000DDD0200B042060072
:103E740097C4050054440600C3BE0500BC400600B8
:103E84002DD20200E44006000DDD0200504306007E
:103E94000DDD0200284306000DDD02006443060028
:103EA4000DDD0200144306000DDD02003C43060054
:103EB4000DDD02007843060071BE0500A84006002F
:103EC4009DC105008C430600C5C10500DC43060006
:103ED400A5C10500B4430600A9C10500C8430600F6
:103EE400CDC405006844060047C305002C44060001
:103EF40071BE050094400600A1C10500A043060060
:103F040093C405004044060059310300000000003A
:103F1400D5630300000000005D7903000000000089
:103F240039F105007C4406007DA505000000000071
:103F34006D4D05009044060091630500B8440600E9
:103F440029550500A4440600CD85030000000000A7
:103F5400BD62040000000000493F050000000000AD
:103F640025670500CC4406009DC50200E044060018
:103F74009D5E0500F4440600299B050044450600A7
:103F8400CD60050008450600E566050030450600DD
:103F9400796105001C450600AD57030000000000D0
:103FA4000DF4020000000000BD0203000000000048
:103FB400C90B030000000000A5BD020000000000C2
:103FC40075BE020000000000EDC302000000000006
:103FD40071E802000000000087C205000000000034
:103FE400910A0300000000007D2B03000000000084
:103FF4008130030000000000BDA4020000000000A6
:1040040035B7020000000000DD20030000000000BE
:0840140051220300000000002E
:10401C00E1030700C48B0600DC8B06003C16002075
:10402C00D4AA0020A7040700248C0600448C0600A8
:10403C00441600209CAB0020B5040700348C06000D
:10404C00448C060046160020A8AB00200A0407008A
:10405C0000000000F88B06003E16002028AB002064
:10406C001A04070000000000008C06004016002017
:10407C0000000000C1DB0600341C00203C6F060071
:10408C0036160020A00000209DA60600D04D06008C
:10409C00D84D0600D215002000000000A6A6060090
:1040AC00D44D0600D84D0600D415002000000000A9
:1040BC00F5A6060000000000F04D0600D615002005
:1040CC00000000001BB1060000000000384E060086
:1040DC00D815002000000000E2AD0600844E06005A
:1040EC00A44E0600DA150020A4B0002008B106008A
:1040FC000C040020C04E0600DC150020EC710020E2
:10410C0025B1060030040020C04E0600DE1500204C
:10411C00007200203DB1060048040020C04E06008D
:10412C00E0150020147200204FB10600600400203E
:10413C00C04E0600E21500202872002064B1060073
:10414C0078040020C04E0600E41500203C720020CC
:10415C0073B1060090040020C04E0600E615002046
:10416C005072002081B10600A8040020C04E060049
:10417C00E8150020647200208DB10600C0040020F8
:10418C00C04E0600EA150020787200209BB1060094
:10419C00D8040020C04E0600EC1500208C720020C4
:1041AC00A7B10600F0040020C04E0600EE1500205A
:1041BC00A0720020B9B1060008050020C04E060010
:1041CC00F0150020B4720020CBB1060020050020B1
:1041DC00C04E0600F2150020C8720020D4B10600B3
:1041EC0038050020C04E0600F4150020DC720020BB
:1041FC00DFB1060050050020C04E0600F615002069
:10420C00F0720020EAB1060068050020C04E0600DE
:10421C00F815002004730020F3B10600800500207F
:10422C00C04E0600FA15002018730020FDB10600E0
:10423C0098050020C04E0600FC1500202C730020B1
:10424C0006B20600B0050020C04E0600FE15002088
:10425C00407300200EB20600C8050020C04E0600B8
:10426C00001600205473002019B20600E00500204F
:10427C00C04E0600021600206873002022B2060011
:10428C00F8050020C04E0600041600207C730020A8
:10429C002CB2060010060020C04E060006160020A8
:1042AC009073002035B2060028060020C04E060090
:1042BC0008160020A473002042B20600400600201D
:1042CC00C04E06000A160020B873002054B2060037
:1042DC0058060020C04E06000C160020CC7300209F
:1042EC0062B2060070060020C04E06000E160020BA
:1042FC00E07300206FB2060088060020C04E060056
:10430C0010160020F47300207BB20600A0060020DB
:10431C00C04E0600121600200874002089B2060058
:10432C0000070020C04E0600141600201C7400204C
:10433C0098B2060030070020C04E0600161600206A
:10434C0030740020A5B2060060070020C04E0600A5
:10435C001816002044740020B2B20600900700200A
:10436C00C04E06001A16002058740020C0B2060079
:10437C00C0070020C04E06001C1600206C740020E4
:10438C001BB306002BB30600D84E06001E160020E9
:10439C00A4B0002046B3060000000000F04E06005A
:1043AC00201600200000000085B3060092B3060022
:1043BC00084F0600221600200000000093B30600F0
:1043CC0000000000204F0600241600200000000012
:1043DC009FB3060000000000384F06002616002090
:1043EC000000000015B1060000000000504F060050
:1043FC00281600200000000085B406007814002068
:10440C00684F06002A160020F826002092B40600F9
:10441C0082140020684F06002C1600205027002024
:10442C003BBB060000000000246C06002E1600208A
:10443C00000000005CBB060000000000FC6D0600E4
:10444C00301600200000000075C6060000000000B9
:10445C00146E0600321600200000000053BB06004C
:10446C00000000002C6E0600341600200000000036
:10447C0013D20600581C0020F870060038160020D5
:10448C00FC780020C503070000000000AC8B060080
:10449C003A16002000000000830407000000000012
:1044AC00088C060042160020000000003E080700A1
:1044BC00DC8C0600308D06004E16002004AC00206B
:1044CC00280A0700548D0600B88D060052160020ED
:1044DC004013002031A60600AC4D0600A04D06008E
:1044EC00D01500209FB00020D806070068120020CD
:1044FC00688C06004816002088030020220707005D
:10450C00748C06008C8C06004A16002000000000FB
:10451C00B3070700A88C0600D48C06004C160020AC
:10452C00000000005408070000000000388D060051
:10453C005016002014AC0020530B0700248E0600EC
:0C454C00388E06005416002038140020A1
:10455800912906005928060000000000F7F0050020
:1045680000000000F7F0050000000000F7F005006B
:1045780000000000F7F0050000000000F7F005005B
:10458800917D05005928060090440600B14D0500AC
:1045980000000000F7F0050000000000F7F005003B
:1045A80000000000F7F0050000000000DD0705002E
:1045B800304506005566050028AB00206954050003
:1045C80000000000F7F0050000000000F7F005000B
:1045D80000000000F7F00500000000007171050000
:1045E80000000000F7F0050000000000F7F00500EB
:1045F80000000000F7F0050000000000F7F00500DB
:1046080000000000F7F0050000000000F7F00500CA
:10461800000000000D08050000000000F7F005008C
:1046280000000000F7F0050000000000F7F00500AA
:1046380000000000F7F0050000000000F7F005009A
:1046480000000000F7F0050000000000F7F005008A
:1046580000000000F7F0050000000000F7F005007A
:1046680000000000F7F0050000000000F7F005006A
:1046780000000000F7F0050000000000F7F005005A
:1046880000000000F7F005006197050059280600B2
:1046980000000000F7F0050000000000F7F005003A
:1046A80000000000F7F0050000000000F7F005002A
:1046B80000000000F7F0050000000000F7F005001A
:1046C80000000000F7F00500C98905005928060018
:1046D800306B002080DF002000020000D93B05007D
:1046E80000000000000000000000000000000000C2
:1046F80000000000000607000000000000000000A5
:10470800801C002020B3002000020000D9B902005C
:104718000000000000000000000000000A00000087
:104728000000000002A30600008000000000000056
:1047380005000000C5CB03000000000006000000D3
:10474800B50B0400000000000400000051D4030071
:04475800000000005D
:10475C0055B00200A1B102000000000000000000F2
:10476C000000000055A9020000000000000000003D
:10477C004074060008000000E0740600070000000A
:10478C00906F060007000000446C06001600000045
:10479C00D20307000300000069F0060003000000CC
:1047AC0022F80600030000000AF4060003000000D3
:1047BC0013020700030000009486060003000000AB
:1047CC005C7B06000300000020790600030000005B
:1047DC00007F060003000000808606000300000036
:1047EC0086E5060003000000F7DB0600030000006E
:1047FC005DF1060003000000A7FC060003000000AA
:10480C00A8ED060003000000C7E30600030000004B
:10481C00DAEF060003000000FB01070003000000B4
:10482C0086F506000300000056E3060003000000B6
:10483C008EF006000300000020E5060003000000D7
:10484C002E01070003000000EBD50600030000005A
:10485C00FC030700030000009D0407000300000098
:10486C003DD70600030000002A9F0600040000004C
:10487C00C3A00600040000000006070003000000AF
:10488C002A070700030000004CD7060003000000B5
:10489C0050D70600030000003BD8060003000000C0
:1048AC004EE1060003000000320207000300000086
:1048BC003A02070003000000260C0700030000006A
:1048CC004B0807000300000011A3060003000000C2
:1048DC0023E5060003000000EAE1060003000000E7
:1048EC00350A0700030000006208070003000000FF
:1048FC002ADB06000300000009DA060003000000B2
:10490C0023E3060003000000B4DB060003000000F4
:10491C00BC0707000300000034D5060004000000AB
:10492C00CC6E0600887600202AD806000100000014
:10493C0001D5060000000000C12F0300000000009C
:10494C00000000001DE5060000000000718103005E
:10495C00E984030000000000E2FA060000000000F9
:10496C00A70A060000000000000000009BFC0600E7
:10497C000000000019ED0300000000000000000022
:10498C0093FC060000000000C9E8030085F2030058
:10499C0000000000F301070000000000D92F040004
:1049AC00652E040000000000A1FC060000000000C1
:1049BC003DE50300B5E903000000000099DA0600AC
:1049CC000000000005EC02000000000000000000E8
:1049DC00CCA4060000000000ADC3020000000000E3
:0449EC0000000000C7
:1049F0000000000099BD0200F043060019CB020040
:104A0000184406002DCB02000444060041CB0200EE
:104A100000000000600060000000000000000000D6
:104A20000000000000000000000000000000000086
:104A30000000000000000000000000000000000076
:104A400000000000010000000100000060003000D4
:104A50000000000000000000000000000B00040047
:104A6000A0000000F00000000000000000000000B6
:104A700001000000600030000000000000000000A5
:104A8000022A48C2B1CFC567C9077196000000006D
:104A900000022A48C2B1CFC567C90771960001005C
:104AA0000000022A48C2B1CFC567C907719600024B
:104AB000000000022A48C2B1CFC567C9077196003D
:104AC00005000000022A48C2B1CFC567C907719628
:104AD0000007000000022A48C2B1CFC567C90771AC
:104AE0009600080000000000000000006000600068
:104AF00000000000000000000000000000000001B5
:104B00000000000200000004000000080000001087
:104B10000000002000000040000000800000001B9A
:104B200000000036C1EC0600C6EC0600CAEC060028
:104B3000CEEC0600D2EC0600D6EC0600DAEC06005D
:104B4000DEEC0600E2EC0600E6EC0600EAEC06000D
:104B5000EEEC0600F2EC0600F6EC0600000103FFA6
:104B600004FF020000010602010000000001020132
:104B7000040404040000646403040000010000C293
:104B8000010000000801030062746C650000000071
:104B90000000000000000000000000000000000015
:104BA0000000000000000000000000000000000005
:104BB00000000000000000000000010000000000F4
:104BC0000338FDD870470000E99E0600EE9E0600FF
:104BD000F79E0600029F06000C9F0600189F060025
:104BE000249F0600C9BC050029BD0500F84B06003E
:104BF00064000000051400003D0000003E000000BD
:104C00003F000000400000004100000000000000E4
:104C100000000000420000004300000044000000CB
:104C200045000000460000004700000000000000B2
:104C30000000000048000000490000004A00000099
:104C40004B0000004C0000002F000000300000006E
:104C5000310000003200000033000000340000008A
:104C6000000000000000000000000000350000000F
:104C700036000000000000000000000000000000FE
:104C80003700000038000000390000003A00000042
:104C90003B0000003C0000001D0000001E00000062
:104CA0001F00000020000000210000002200000082
:104CB0002300000000000000240000002500000088
:104CC000260000002700000000000000280000006F
:104CD000290000002A0000002B0000002C0000002A
:104CE0002D0000002E0000000F000000100000004A
:104CF000110000001200000013000000140000006A
:104D0000150000000000000000000000000000008E
:104D1000000000000000000000000000160000007D
:104D20001700000018000000190000001A00000021
:104D30001B0000001C000000010000000200000039
:104D40000300000004000000050000000600000051
:104D5000070000000000000000000000000000004C
:104D6000000000000000000000000000080000003B
:104D7000090000000A0000000B0000000C00000009
:104D80000D0000000E000000DDA40600EC4B060044
:104D9000F44406009C8E06004C000000E5A40600CA
:104DA0003DC5020065C6020051BE0500B84D0600B3
:104DB0000100000000000000444006000D0000005B
:104DC0003BA6060056A6060071A6060082A60600AF
:104DD000570000000000000001000000000000007B
:104DE00075BE05000000000000000000000000008B
:104DF0000200000095C70200D9C70200B7BE050037
:104E000000000000000000000200000000000000A0
:104E1000184E060000000000010000000000000025
:104E2000284E060000000000000000000000000006
:104E3000384E0600000000000000000000000000E6
:104E4000D1D1020075D10200000000000000000076
:104E500089AD060074AD060083AD06009FAD060067
:104E600090AD060082AA0600DFAE060065AC060023
:104E70009AAD0600A5AD0600B4AD0600BDAD0600B6
:104E8000CBAD0600C80000001BB106001BB1060038
:104E9000AF000000FFFFFFFF020000000000000065
:104EA00000000000000000000000000045D70200E4
:104EB000C5D502000000000000000000F1D802008B
:104EC00000000000000000004BC1050011C10500FA
:104ED00000000000000000000000000000000000D2
:104EE00009DF020061DF0200000000000000000096
:104EF0000000000000000000B9DF02000000000018
:104F000000000000000000000000000000000000A1
:104F10001DE002009DE00200000000000000000013
:104F20000000000000000000ADC10500B9C105008F
:104F30000000000000000000000000000000000071
:104F4000C9C10500D5C10500000000000000000037
:104F50000000000000000000E9E0020049E102005A
:104F60000000000000000000000000000000000041
:104F7000A9E502003DE5020000000000000000007D
:104F80007DC2050068B70600F9EC0200D5C2050035
:104F90001BB106004B000700000000001BB106001B
:104FA0001E000700000000001BB106001F000700E4
:104FB000000000001BB106002000070000000000F8
:104FC0001BB1060021000700000000001BB1060015
:104FD000220007000000000085B306000100000069
:104FE000000000001BB306000300000000000000EA
:104FF0001BB1060023000700000000001BB10600E3
:1050000024000700000000001BB106002500070077
:10501000000000001BB10600260007000000000091
:105020001BB1060027000700000000001BB10600AE
:105030002D000700000000001BB106004E00070015
:10504000000000001BB10600340007000000000053
:105050001BB1060036000700000000001BB106006F
:1050600037000700000000001BB106001300070016
:10507000000000001BB106001C000700000000003B
:105080009FB30600000000000000000085B306008A
:1050900004000000000000001BB10600090007002A
:1050A000000000001BB106000A000700000000001D
:1050B0001BB1060006000700000000001BB106003F
:1050C00015000700000000001BB106000F000700DC
:1050D000000000001BB106003800070000000000BF
:1050E0001BB1060029000700000000001BB10600EC
:1050F00004000700000000001BB1060012000700BA
:10510000000000001BB106000800070000000000BE
:105110001BB1060018000700000000001BB10600CC
:105120000C000700000000001BB106006D00070026
:10513000000000001BB10600E000070000000000B6
:105140001BB10600E2000700000000001BB10600D2
:10515000E6000700000000001BB10600E4000700A5
:10516000000000001BB106006E00070000000000F8
:105170001BB1060007000700000000001BB106007D
:105180000B000700000000001BB10600170007001D
:10519000000000001BB10600110007000000000025
:1051A0001BB1060016000700000000001BB106003E
:1051B00031000700000000001BB10600E1000700FD
:1051C000000000001BB106003300070000000000D3
:1051D0001BB1060014000700000000001BB1060010
:1051E0000D000700000000001BB106000E000700C4
:1051F000000000001BB106001B00070000000000BB
:105200001BB10600E1000700000000001BB1060012
:10521000E5000700000000001BB1060005000700C4
:10522000000000001BB10600100007000000000095
:105230001BB106001A000700000000001BB10600A9
:1052400019000700000000001BB106001D00070048
:10525000000000001BB10600E50007000000000090
:105260001BB3060002000000000000001BB1060096
:1052700035000700000000001BB106002E000700EB
:10528000000000001BB106005000070000000000F5
:105290001BB106004F000700000000001BB1060014
:1052A0002A000700000000001BB106002B000700C9
:1052B000000000001BB10600E30007000000000032
:1052C0001BB10600E7000700000000001BB106004C
:1052D00028000700000000001BB106002C0007009A
:1052E000000000001BB10600520007000000000093
:1052F0001BB1060051000700000000001BB10600B2
:105300002F000700000000001BB10600300007005E
:10531000000000001BB306000200000000000000B7
:1053200093B30600000000000000000093B30600E5
:10533000000000000000000093B306000000000021
:105340000000000093B30600000000000000000011
:1053500093B30600000000000000000093B30600B5
:10536000000000000000000093B3060000000000F1
:105370000000000093B306000000000000000000E1
:1053800093B3060000000000000000001BB10600FF
:1053900053000700000000001BB106006700070073
:1053A000000000001BB106005400070000000000D0
:1053B0001BB10600550007000000000093B3060073
:1053C000000000000000000093B306000000000091
:1053D0000000000093B30600000000000000000081
:1053E00093B30600000000000000000093B3060025
:1053F000000000000000000093B306000000000061
:105400000000000093B30600000000000000000050
:1054100093B30600000000000000000093B30600F4
:10542000000000000000000093B306000000000030
:10543000000000001BB106005F0007000000000034
:105440001BB1060060000700000000001BB1060051
:1054500061000700000000001BB1060056000700B5
:105460000000000093B306000000000000000000F0
:1054700093B30600000000000000000093B3060094
:10548000000000000000000093B3060000000000D0
:105490000000000093B306000000000000000000C0
:1054A00093B30600000000000000000093B3060064
:1054B000000000000000000093B3060000000000A0
:1054C000000000001BB10600E00007000000000023
:1054D0001BB10600E2000700000000001BB106003F
:1054E000E3000700000000001BB10600E400070015
:1054F0000000000093B30600000000000000000060
:1055000093B3060000000000000000001BB106007D
:105510005C000700000000001BB106005D000700F2
:10552000000000001BB106005E0007000000000044
:105530001BB10600570007000000000093B30600EF
:10554000000000000000000093B30600000000000F
:105550000000000093B306000000000000000000FF
:1055600093B30600000000000000000093B30600A3
:10557000000000000000000093B3060000000000DF
:105580000000000093B306000000000000000000CF
:105590001BB106004A000700000000001BB1060016
:1055A0004B0007000000000093B30600000000005D
:1055B000000000001BB106005900070000000000B9
:1055C0001BB106005A000700000000001BB10600D6
:1055D0005B000700000000001BB106005800070038
:1055E0000000000093B3060000000000000000006F
:1055F00093B30600000000000000000093B3060013
:10560000000000000000000093B30600000000004E
:105610000000000093B3060000000000000000003E
:1056200093B30600000000000000000093B30600E2
:1056300000000000000000001BB106004C00070045
:10564000000000001BB106004D0007000000000034
:105650001BB106004E0007000000000093B30600D7
:1056600000000000000000001BB1060062000700FF
:105670000000000093B306000000000000000000DE
:1056800093B3060000000000000000001BB10600FC
:10569000630007000000000093B306000000000054
:1056A0000000000093B306000000000000000000AE
:1056B0001BB106003A000700000000001BB1060005
:1056C0003B000700000000001BB106003C00070083
:1056D000000000001BB106003D00070000000000B4
:1056E0001BB106003E000700000000001BB10600D1
:1056F0003F0007000000000085B306000100000025
:10570000000000001BB306000300000000000000C2
:105710001BB1060040000700000000001BB106009E
:1057200041000700000000001BB106004200070016
:10573000000000001BB1060043000700000000004D
:105740001BB1060044000700000000001BB106006A
:10575000450007000000000093B3060000000000B1
:105760000000000093B306000000000000000000ED
:1057700093B30600000000000000000093B3060091
:10578000000000000000000093B3060000000000CD
:105790000000000093B306000000000000000000BD
:1057A0009FB3060000000000000000009FB3060049
:1057B000000000000000000093B30600000000009D
:1057C0000000000093B3060000000000000000008D
:1057D00093B30600000000000000000093B3060031
:1057E000000000000000000093B30600000000006D
:1057F0000000000093B3060000000000000000005D
:1058000093B30600000000000000000093B3060000
:10581000000000000000000093B30600000000003C
:105820000000000093B3060000000000000000002C
:1058300093B30600000000000000000093B30600D0
:1058400000000000000000009FB306000000000000
:105850000000000093B306000000000000000000FC
:1058600093B30600000000000000000093B30600A0
:10587000000000000000000093B3060000000000DC
:10588000000000009FB306000000000000000000C0
:1058900093B30600000000000000000093B3060070
:1058A000000000000000000093B3060000000000AC
:1058B0000000000093B3060000000000000000009C
:1058C00093B30600000000000000000093B3060040
:1058D000000000000000000093B30600000000007C
:1058E0000000000093B3060000000000000000006C
:1058F00093B30600000000000000000093B3060010
:10590000000000000000000093B30600000000004B
:105910000000000093B3060000000000000000003B
:1059200093B30600000000000000000093B30600DF
:10593000000000000000000093B30600000000001B
:105940000000000093B3060000000000000000000B
:1059500093B30600000000000000000093B30600AF
:10596000000000000000000093B3060000000000EB
:105970000000000093B306000000000000000000DB
:1059800093B30600000000000000000093B306007F
:10599000000000000000000093B3060000000000BB
:1059A000000000001BB106004A00070000000000D4
:1059B0001BB106004D0007000000000093B3060075
:1059C00000000000000000001BB106004C000700B2
:1059D0000000000093B3060000000000000000007B
:1059E00093B30600000000000000000093B306001F
:1059F000000000000000000093B30600000000005B
:105A0000000000001BB106004B0007000000000072
:105A10001BB106004E0007000000000093B3060013
:105A2000000000000000000093B30600000000002A
:105A30000000000093B3060000000000000000001A
:105A40009FB3060000000000000000003BBB060002
:105A500003000000000000003BBB06000300000044
:105A6000010000003BBB0600030000000200000034
:105A70003BBB060003000000030000003BBB060028
:105A8000030000000400000093B3060000000000C3
:105A90000000000093B306000000000000000000BA
:105AA0003BBB060003000000000000003BBB0600FB
:105AB00003000000010000003BBB060003000000E3
:105AC000020000003BBB06000300000003000000D2
:105AD0003BBB0600030000000400000093B3060077
:105AE00000000000000000009FB30600000000005E
:105AF000000000009FB3060000000000000000004E
:105B00009FB3060000000000000000009FB30600E5
:105B100000000000000000009FB30600000000002D
:105B2000000000009FB3060000000000000000001D
:105B30009DA6060000000000000000009DA60600D3
:105B400000000000000000009FB3060000000000FD
:105B5000000000009FB306000000000000000000ED
:105B60009FB3060000000000000000009FB3060085
:105B700000000000000000009FB3060000000000CD
:105B8000000000009FB306000000000000000000BD
:105B900045BB0600000000000000000046B3060000
:105BA000000000000000000046B3060001000000F5
:105BB0000000000046B306000200000000000000E4
:105BC0009FB3060000000000000000009FB3060025
:105BD00000000000000000009FB30600000000006D
:105BE000000000009FB3060000000000000000005D
:105BF0009FB3060000000000000000009FB30600F5
:105C000000000000000000009FB30600000000003C
:105C1000000000009FB3060000000000000000002C
:105C20009FB3060000000000000000009FB30600C4
:105C300000000000000000009FB30600000000000C
:105C4000000000009FB306000000000000000000FC
:105C50009FB3060000000000000000009FB3060094
:105C600000000000000000009FB3060000000000DC
:105C7000000000009FB306000000000000000000CC
:105C80009FB3060000000000000000009FB3060064
:105C900000000000000000009FB3060000000000AC
:105CA000000000009FB3060000000000000000009C
:105CB0009FB3060000000000000000009FB3060034
:105CC00000000000000000009FB30600000000007C
:105CD000000000009FB3060000000000000000006C
:105CE0009FB3060000000000000000009FB3060004
:105CF00000000000000000009FB30600000000004C
:105D0000000000009FB3060000000000000000003B
:105D10009FB3060000000000000000009FB30600D3
:105D2000000000000000000053BB0600000000005F
:105D30000000000053BB060003000000000000004C
:105D400053BB060004000000000000005CBB06001E
:105D5000000000000000000053BB0600020000002D
:105D6000000000009FB306000000000000000000DB
:105D70009FB30600000000000000000053BB0600B7
:105D800002000000000000005CBB060000000000F4
:105D90000000000053BB06000300000000000000EC
:105DA00053BB060004000000000000009FB3060083
:105DB00000000000000000009FB30600000000008B
:105DC000000000009FB3060000000000000000007B
:105DD00000000000000000000000000000000000C3
:105DE00000000000000000000000000000000000B3
:105DF00000000000000000000000000000000000A3
:105E00000000000000000000000000000000000092
:105E10000000000000000000000000000000000082
:105E20000000000000000000000000000000000072
:105E30000000000000000000000000000000000062
:105E40000000000000000000000000000000000052
:105E50000000000000000000000000000000000042
:105E60000000000000000000000000000000000032
:105E70000000000000000000000000000000000022
:105E80000000000000000000000000000000000012
:105E90000000000000000000000000000000000002
:105EA00000000000000000000000000000000000F2
:105EB00000000000000000000000000000000000E2
:105EC00000000000000000000000000000000000D2
:105ED00000000000000000000000000000000000C2
:105EE00000000000000000000000000000000000B2
:105EF00000000000000000000000000000000000A2
:105F00000000000000000000000000000000000091
:105F10000000000000000000000000000000000081
:105F20000000000000000000000000000000000071
:105F30000000000000000000000000000000000061
:105F40000000000000000000000000000000000051
:105F50000000000000000000000000000000000041
:105F60000000000000000000000000000000000031
:105F70000000000000000000000000000000000021
:105F80000000000000000000000000000000000011
:105F90000000000000000000000000000000000001
:105FA00000000000000000000000000000000000F1
:105FB00000000000000000000000000000000000E1
:105FC00000000000000000000000000000000000D1
:105FD00000000000000000000000000000000000C1
:105FE00000000000000000000000000000000000B1
:105FF00000000000000000000000000000000000A1
:106000000000000000000000000000000000000090
:106010000000000000000000000000000000000080
:106020000000000000000000000000000000000070
:106030000000000000000000000000000000000060
:106040000000000000000000000000000000000050
:106050000000000000000000000000000000000040
:106060000000000000000000000000000000000030
:106070000000000000000000000000000000000020
:106080000000000000000000000000000000000010
:106090000000000000000000000000000000000000
:1060A00000000000000000000000000000000000F0
:1060B00000000000000000000000000000000000E0
:1060C00000000000000000000000000000000000D0
:1060D00000000000000000000000000000000000C0
:1060E00000000000000000000000000000000000B0
:1060F00000000000000000000000000000000000A0
:10610000000000000000000000000000000000008F
:10611000000000000000000000000000000000007F
:10612000000000000000000000000000000000006F
:10613000000000000000000000000000000000005F
:10614000000000000000000000000000000000004F
:10615000000000000000000000000000000000003F
:10616000000000000000000000000000000000002F
:10617000000000000000000000000000000000001F
:10618000000000000000000000000000000000000F
:1061900000000000000000000000000000000000FF
:1061A00000000000000000000000000000000000EF
:1061B00000000000000000000000000000000000DF
:1061C00000000000000000000000000000000000CF
:1061D00000000000000000000000000000000000BF
:1061E00000000000000000000000000000000000AF
:1061F000000000000000000000000000000000009F
:10620000000000000000000000000000000000008E
:10621000000000000000000000000000000000007E
:10622000000000000000000000000000000000006E
:10623000000000000000000000000000000000005E
:10624000000000000000000000000000000000004E
:10625000000000000000000000000000000000003E
:10626000000000000000000000000000000000002E
:10627000000000000000000000000000000000001E
:10628000000000000000000000000000000000000E
:1062900000000000000000000000000000000000FE
:1062A00000000000000000000000000000000000EE
:1062B00000000000000000000000000000000000DE
:1062C00000000000000000000000000000000000CE
:1062D00000000000000000000000000000000000BE
:1062E00000000000000000000000000000000000AE
:1062F000000000000000000000000000000000009E
:10630000000000000000000000000000000000008D
:10631000000000000000000000000000000000007D
:10632000000000000000000000000000000000006D
:10633000000000000000000000000000000000005D
:10634000000000000000000000000000000000004D
:10635000000000000000000000000000000000003D
:10636000000000000000000000000000000000002D
:10637000000000000000000000000000000000001D
:10638000000000000000000000000000000000000D
:1063900000000000000000000000000000000000FD
:1063A00000000000000000000000000000000000ED
:1063B00000000000000000000000000000000000DD
:1063C00000000000000000000000000000000000CD
:1063D00000000000000000000000000000000000BD
:1063E00000000000000000000000000000000000AD
:1063F000000000000000000000000000000000009D
:10640000000000000000000000000000000000008C
:10641000000000000000000000000000000000007C
:10642000000000000000000000000000000000006C
:10643000000000000000000000000000000000005C
:10644000000000000000000000000000000000004C
:10645000000000000000000000000000000000003C
:10646000000000000000000000000000000000002C
:10647000000000000000000000000000000000001C
:10648000000000000000000000000000000000000C
:1064900000000000000000000000000000000000FC
:1064A00000000000000000000000000000000000EC
:1064B00000000000000000000000000000000000DC
:1064C00000000000000000000000000000000000CC
:1064D00000000000000000000000000000000000BC
:1064E00000000000000000000000000000000000AC
:1064F000000000000000000000000000000000009C
:10650000000000000000000000000000000000008B
:10651000000000000000000000000000000000007B
:10652000000000000000000000000000000000006B
:10653000000000000000000000000000000000005B
:10654000000000000000000000000000000000004B
:10655000000000000000000000000000000000003B
:10656000000000000000000000000000000000002B
:10657000000000000000000000000000000000001B
:10658000000000000000000000000000000000000B
:1065900000000000000000000000000000000000FB
:1065A00000000000000000000000000000000000EB
:1065B00000000000000000000000000000000000DB
:1065C00000000000000000000000000000000000CB
:1065D00000000000000000000000000000000000BB
:1065E00000000000000000000000000000000000AB
:1065F000000000000000000000000000000000009B
:10660000000000000000000000000000000000008A
:10661000000000000000000000000000000000007A
:10662000000000000000000000000000000000006A
:10663000000000000000000000000000000000005A
:10664000000000000000000000000000000000004A
:10665000000000000000000000000000000000003A
:10666000000000000000000000000000000000002A
:10667000000000000000000000000000000000001A
:10668000000000000000000000000000000000000A
:1066900000000000000000000000000000000000FA
:1066A00000000000000000000000000000000000EA
:1066B00000000000000000000000000000000000DA
:1066C00000000000000000000000000000000000CA
:1066D00000000000000000000000000000000000BA
:1066E00000000000000000000000000000000000AA
:1066F000000000000000000000000000000000009A
:106700000000000000000000000000000000000089
:106710000000000000000000000000000000000079
:106720000000000000000000000000000000000069
:106730000000000000000000000000000000000059
:106740000000000000000000000000000000000049
:106750000000000000000000000000000000000039
:106760000000000000000000000000000000000029
:106770000000000000000000000000000000000019
:106780000000000000000000000000000000000009
:1067900000000000000000000000000000000000F9
:1067A00000000000000000000000000000000000E9
:1067B00000000000000000000000000000000000D9
:1067C00000000000000000000000000000000000C9
:1067D00000000000000000000000000000000000B9
:1067E00000000000000000000000000000000000A9
:1067F0000000000000000000000000000000000099
:106800000000000000000000000000000000000088
:106810000000000000000000000000000000000078
:106820000000000000000000000000000000000068
:106830000000000000000000000000000000000058
:106840000000000000000000000000000000000048
:106850000000000000000000000000000000000038
:106860000000000000000000000000000000000028
:106870000000000000000000000000000000000018
:106880000000000000000000000000000000000008
:1068900000000000000000000000000000000000F8
:1068A00000000000000000000000000000000000E8
:1068B00000000000000000000000000000000000D8
:1068C00000000000000000000000000000000000C8
:1068D00000000000000000000000000000000000B8
:1068E00000000000000000000000000000000000A8
:1068F0000000000000000000000000000000000098
:106900000000000000000000000000000000000087
:106910000000000000000000000000000000000077
:106920000000000000000000000000000000000067
:106930000000000000000000000000000000000057
:106940000000000000000000000000000000000047
:106950000000000000000000000000000000000037
:106960000000000000000000000000000000000027
:106970000000000000000000000000000000000017
:106980000000000000000000000000000000000007
:1069900000000000000000000000000000000000F7
:1069A00000000000000000000000000000000000E7
:1069B00000000000000000000000000000000000D7
:1069C00000000000000000000000000000000000C7
:1069D00000000000000000000000000000000000B7
:1069E00000000000000000000000000000000000A7
:1069F0000000000000000000000000000000000097
:106A00000000000000000000000000000000000086
:106A10000000000000000000000000000000000076
:106A20000000000000000000000000000000000066
:106A30000000000000000000000000000000000056
:106A40000000000000000000000000000000000046
:106A50000000000000000000000000000000000036
:106A60000000000000000000000000000000000026
:106A70000000000000000000000000000000000016
:106A80000000000000000000000000000000000006
:106A900000000000000000000000000000000000F6
:106AA00000000000000000000000000000000000E6
:106AB00000000000000000000000000000000000D6
:106AC00000000000000000000000000000000000C6
:106AD00000000000000000000000000000000000B6
:106AE00000000000000000000000000000000000A6
:106AF0000000000000000000000000000000000096
:106B00000000000000000000000000000000000085
:106B10000000000000000000000000000000000075
:106B20000000000000000000000000000000000065
:106B30000000000000000000000000000000000055
:106B40000000000000000000000000000000000045
:106B50000000000000000000000000000000000035
:106B60000000000000000000000000000000000025
:106B70000000000000000000000000000000000015
:106B80000000000000000000000000000000000005
:106B900000000000000000000000000000000000F5
:106BA00000000000000000000000000000000000E5
:106BB00000000000000000000000000000000000D5
:106BC00000000000000000000000000000000000C5
:106BD00000000000000000000000000000000000B5
:106BE00000000000000000000000000000000000A5
:106BF0000000000000000000000000000000000095
:106C00000000000000000000000000000000000084
:106C100063BB06007BBB060097BB06003BC30500B9
:106C200009BC0600000000000000000051F3020053
:106C30004BC30500000000000000000075C4060002
:106C40000000000000150020270D060000000000D5
:106C5000FC14002000000100F8140020D90F0600E9
:106C600000000000E009002000000100F0140020F6
:106C7000F9C3050000000000BE150020000001005F
:106C8000EC140020D90F060000000000D8090020F5
:106C900000000100E4140020A10203000000000035
:106CA0000000000000000400E0140020D90F0600DE
:106CB00000000000D009002000000100D8140020CE
:106CC0003FC40500000000000000000000000400B8
:106CD000D4140020F90C0600C1EA03008409002046
:106CE00000000C00D0140020E1C3050000000000EB
:106CF000BC15002000000400CC140020D90F0600B1
:106D0000000000007C09002000000100C4140020E5
:106D100011C4050000000000000000000000040095
:106D2000C0140020F90C0600C1EA0300300900205D
:106D300000000C00BC140020E1C3050000000000AE
:106D4000B815002000000400B8140020D90F060078
:106D5000000000002809002000000100B0140020FD
:106D6000B3C30500000000000000000000000400A4
:106D7000AC140020F90C0600C1EA0300DC08002076
:106D800000000C00A8140020E1C305000000000072
:106D9000B615002000000400A4140020D90F06003E
:106DA00000000000D4080020000001009C14002016
:106DB000000000006DC305000000000000000C0092
:106DC00098140020E1C3050000000000BA1500205F
:106DD0000000040094140020D90F060000000000F9
:106DE000CC080020000001008C14002000000000EE
:106DF0006DC4050039B10020000002000000000051
:106E0000B1070300BD0603009D060300000000005B
:106E10000000000000000000000000009BC405000E
:106E2000B5C40500000000000000000000000000E4
:106E300031090300AD080300D1C4050000000000C3
:106E4000000000000FC7060034C706001D0A03003B
:106E500010C806002BC80600310C030035230300C0
:106E60008D22030000000000000000001922030032
:106E70001D2B0300C13003000BD5060000000000ED
:106E8000E82D0020000800009FD8050041D805002B
:106E900002000000214C0300000000000000000080
:106EA00000000000000000000AD8060012D806000A
:106EB0000000000000000000000000001AD80600DA
:106EC0001ED8060022D8060026D80600414D030031
:106ED000354D0300214D03008DD905000000000051
:106EE000154D030000000000654D03009076002062
:106EF00057B1002001000000040000000000000065
:106F00000000000000600200A44406000100000030
:106F10000060020000600C00A444060002000000B3
:106F200000C00E0000800000A44406000300000022
:106F300000400F0000C00000A44406007FDC0500F4
:106F4000B16003000000000011DB050015DB050047
:106F5000796003002BDC0500596003008BDA050023
:106F600095DA050039600300A3DA0500000000008F
:106F7000ADDA05000000000000000000B5DA0500F1
:106F8000D3DA0500D7DA05006DDB0500DFDA05008E
:106F90002C150020270D06000000000028150020F9
:106FA0000000010024150020D90F06000000000099
:106FB000240B0020000001001C15002091DC0500BE
:106FC00000000000D8DB06000000010018150020BA
:106FD000D90F0600000000001C0B0020000001007B
:106FE0001015002091DC050000000000E3DB060026
:106FF000000001000C150020D90F06000000000061
:10700000140B002000000100041500200964030097
:1070100000000000C715002000000100082000014A
:10702000FFFFFFFFFFFFFFFFFFFFFFFF000000006C
:10703000000000000000000001000000FFFFFFFF53
:10704000512563FCC2CAB9F3849E17A7ADFAE6BC0A
:10705000FFFFFFFFFFFFFFFF00000000FFFFFFFF3C
:1070600096C298D84539A1F4A033EB2D817D0377E2
:10707000F240A463E5E6BCF847422CE1F2D1176B7D
:10708000F551BF376840B6CBCE5E316B5733CE2B50
:10709000169E0F7C4AEBE78E9B7F1AFEE242E34F7F
:1070A0004B60D2273E3CCE3BF6B053CCB0061D65BC
:1070B000BC86987655BDEBB3E7933AAAD835C65A45
:1070C0007DE40500CFE50500F9680300000000201D
:1070D0000000000000000B0602000000E070060047
:1070E00000000000DBE10600260002020000002094
:1070F000E3E1060022000B1100000000082000015F
:10710000FFFFFFFFFFFFFFFFFFFFFFFF000000008B
:10711000000000000000000001000000FFFFFFFF72
:10712000512563FCC2CAB9F3849E17A7ADFAE6BC29
:10713000FFFFFFFFFFFFFFFF00000000FFFFFFFF5B
:1071400096C298D84539A1F4A033EB2D817D037701
:10715000F240A463E5E6BCF847422CE1F2D1176B9C
:10716000F551BF376840B6CBCE5E316B5733CE2B6F
:10717000169E0F7C4AEBE78E9B7F1AFEE242E34F9E
:107180004B60D2273E3CCE3BF6B053CCB0061D65DB
:10719000BC86987655BDEBB3E7933AAAD835C65A64
:1071A0007DE40500CFE50500F96803009C8B06002F
:1071B000B471060049000000D40901209C8B060030
:1071C000C47106002D000000100B01209C8B0600EE
:1071D000D47106001B000000F80B0120FAEC060039
:1071E00018ED060033ED060043ED060050ED0600F5
:1071F00059ED060060ED060067ED060050ED060053
:107200006EED060080ED060095ED06000E03000011
:107210004D8D03000F040000218D03001A010000B2
:10722000598B0300050400000189030013010000CD
:10723000118F0300FF010000E1F305003E01000093
:10724000418A030005040000D98A030008040000F5
:107250001D9C030030030000759B0300100100001B
:10726000618A030002010000FDB203000112000068
:10727000BD9A03000A1E000059F50500030900002D
:1072800065900300040B0000898B0300060A0000D0
:107290002D930300070A0000958A03000C050000E7
:1072A000B5950300050C0000499203000841000059
:1072B00069B8030009210000EDB803009C8B0600AB
:1072C000C472060046000000340C01205CE2060097
:1072D000A6F30600BAF30600CAF30600DAF30600C6
:1072E000E9F30600FFF3060039E20600FCF30600AE
:1072F0009C8B0600F87206001F000000000D0120A4
:107300009C8B06000873060049000000800D0120D8
:107310007FFE0500BDFE050000000000000000002B
:107320000000000095CC03000000000000000000F9
:1073300000000000000000000F0706004F070600D5
:10734000930706000F070600750706004F070600A3
:1073500002020100E10706000404010039DE030017
:10736000060601006DDD030008040100A5DC030032
:107370000A020100C90706000C040100B10706005B
:107380000E04010061DB030020040100B9DA0300F0
:1073900010040100BDD9030012020100A10606007D
:1073A000160401003500060018010100C50306009F
:1073B0001E0004008308060052020000C7060600F3
:1073C00001040200E1DF0300030202008708060057
:1073D0000501020051080600070402005B080600D0
:1073E000090102005F0806000B00020063080600A6
:1073F0000D000200670806000F0002006B0806007F
:10740000210202006F080600110102007308060045
:107410001300020077080600170402007B0806002C
:10742000190002007F0806001B0203004B00060043
:107430001D020500010606002304030039000600B2
:107440005C150020270D06000000000058150020E4
:107450000000010054150020D90F060000000000B4
:10746000940C0020000001004C15002000000000DA
:10747000000000000000000000000000481500208F
:10748000F90C0600C1EA03009C0C00200000030078
:1074900044150020D90F0600000000008C0C0020CD
:1074A000000001003C1500205F0D060025EC0300E4
:1074B000000000000000030038150020D90F06006E
:1074C00000000000840C00200000010030150020A6
:1074D00099F103000000000000000000000001001E
:1074E00088150020270D06000000000084150020EC
:1074F0000000010080150020D90F060000000000E8
:10750000F80C002000000100781500208F0D060007
:10751000750C0600B0020020000009007415002060
:10752000D90F060000000000F00C00200000010050
:107530006C150020B90D06000000000000000000DE
:107540000000010068150020D90F060000000000AF
:10755000E80C00200000010060150020E9E40300B1
:10756000000000000000000000000100DD1D04001C
:10757000A31C0600512A04000000000000000000C7
:107580006125040000000000000000000000000071
:10759000000000000000000000000000FD1B0400CF
:1075A00006000000DD1E040006000000311E04007D
:1075B000100000007D20040010000000D929040004
:1075C00001000000350F0400100000001529040020
:1075D0000A000000AD0E040010000000392704006E
:1075E00007000000EB14060010000000651A0400FC
:1075F00001000000091304004000000061170400AE
:107600001000000085160600010000005745535485
:107610005F544F504449522F7A65706879722F73C6
:1076200075627379732F626C7565746F6F74682FF0
:10763000636F6E74726F6C6C65722F7469636B65C7
:10764000722F7469636B65722E6300002828746959
:10765000636B65725F72657363686564292D3E654F
:1076600078745F6461746120262620282874696319
:107670006B65725F72657363686564292D3E65781A
:10768000745F646174612D3E7469636B735F736CC6
:107690006F745F77696E646F7720213D20305529C4
:1076A00029000000415353455254494F4E20464152
:1076B000494C205B25735D20402025733A25640AE0
:1076C00000000000574553545F544F504449522F17
:1076D0007A65706879722F7375627379732F626C33
:1076E0007565746F6F74682F636F6E74726F6C6CF6
:1076F00065722F6C6C5F73772F756C6C2E63000056
:10770000216572720000000072780000756C6C5F79
:107710007265665F67657428756C6C5F6864722952
:10772000000000003000000072656C656173652028
:107730003D3D20646F6E650064656C7461203C3D66
:107740002030207C7C206D656D5F6C696E6B5F7294
:10775000782E71756F74615F706475203C202828E5
:1077600033202B2030202B203129202B20283220A1
:107770002A20283629292900636F6E6E5F6C6C6C95
:107780000000000021636F6E6E5F6C6C6C2D3E6CB0
:10779000696E6B5F74785F66726565006D656D71AB
:1077A0005F6C696E6B00000072782D3E74797065B5
:1077B00020213D204E4F44455F52585F545950455B
:1077C0005F4E4F4E450000002163632D3E73746190
:1077D0007475730072785F667265652D3E7479709A
:1077E0006520213D204E4F44455F52585F5459500B
:1077F000455F4E4F4E45000021636F6E6E2D3E6C0F
:107800006C6C2E6C696E6B5F74785F667265650078
:1078100021726574000000002172657476616C004D
:10782000574553545F544F504449522F7A657068FE
:1078300079722F7375627379732F626C7565746FCB
:107840006F74682F636F6E74726F6C6C65722F6CDF
:107850006C5F73772F6C6C6C5F636F6D6D6F6E2EEA
:107860006300000021657272207C7C2065727220AA
:107870003D3D202D31313900456D707479204843EC
:1078800049207061636B657400000000556E6B6E7B
:107890006F776E2048434920747970652025750004
:1078A000574553545F544F504449522F7A6570687E
:1078B00079722F7375627379732F626C7565746F4B
:1078C0006F74682F636F6E74726F6C6C65722F6863
:1078D00063692F6863695F6472697665722E6300FD
:1078E0004C4C20696E697469616C697A6174696F66
:1078F0006E206661696C65643A20256400000000B2
:1079000042542052582070726900000042542052A4
:1079100058000000436F6E74726F6C6C65720000EB
:1079200062745F63746C725F6863695F64726976C6
:1079300065720000147906000000000002000000DB
:107940009165040089630400CD6204005A65706883
:107950007972204F532076332E352E3000000000F0
:107960004E6F2048434920436F6D6D616E642068FF
:107970006561646572000000496E76616C6964201F
:1079800048434920434D44207061636B6574206C0B
:10799000656E6774680000004E6F204843492041BF
:1079A000434C20686561646572000000496E766131
:1079B0006C6964204843492041434C207061636BEB
:1079C0006574206C656E677468000000496E7661AE
:1079D0006C6964204843492041434C2044617461F0
:1079E000206C656E67746800547820427566666521
:1079F00072204F766572666C6F770000496E766113
:107A00006C696420547820456E7175657565000059
:107A1000574553545F544F504449522F7A6570680C
:107A200079722F7375627379732F626C7565746FD9
:107A30006F74682F636F6E74726F6C6C65722F68F1
:107A400063692F6863692E63000000006164762D0E
:107A50003E74797065203D3D205044555F41445649
:107A60005F545950455F4449524543545F494E4421
:107A7000000000002828282875696E747074725FF1
:107A800074296E6F6465292025205F5F616C6967CA
:107A90006E6F6628737472756374206E6F64655FB1
:107AA00072785F63632929203D3D20302900000062
:107AB0002828282875696E747074725F74296E6F37
:107AC0006465292025205F5F616C69676E6F662899
:107AD000737472756374206E6F64655F72785F6330
:107AE000752929203D3D20302900000068616E6421
:107AF0006C653A203078253034782C2073746174AA
:107B000075733A2025782C2074783A2025782C201B
:107B100072783A2025782E00747970653A20307892
:107B2000253032780000000072656A656374206F4A
:107B300070636F64653A2030782530327800000039
:107B40000200000000000000000000000000000033
:107B500000000103030303030300000062745F637A
:107B6000746C725F68636900574553545F544F509B
:107B70004449522F7A65706879722F7375627379F0
:107B8000732F626C7565746F6F74682F636F6E749A
:107B9000726F6C6C65722F6C6C5F73772F756C6C89
:107BA0005F6164762E63000068616E646C65203CE2
:107BB0002031000028726574203D3D203029207C52
:107BC0007C2028726574203D3D2032290000000091
:107BD0006164762D3E6C696E6B5F63635F66726590
:107BE000650000006164762D3E6E6F64655F72789B
:107BF0005F63635F66726565000000002168647200
:107C00002D3E64697361626C65645F6362000000AD
:107C1000737461747573203D3D2030207C7C20702E
:107C20006172616D203D3D20756C6C5F64697361AC
:107C3000626C655F6D61726B5F6765742829207C7B
:107C40007C2028636F6E6E65637461626C652026AC
:107C50002620216164762D3E6C6C6C2E636F6E6EF7
:107C600029207C7C20300000216C6C6C2D3E6C69DE
:107C70006E6B5F74785F6672656500006D61726B34
:107C8000203D3D206164760021657272207C7C205D
:107C900028657272203D3D202D31323029000000D0
:107CA0007265660028726574203D3D203029207C75
:107CB0007C2028726574203D3D203229207C7C2068
:107CC0002866705F6F705F66756E63203D3D20288B
:107CD00028766F6964202A29302929007064752D5F
:107CE0003E6C656E203E3D205F5F6275696C746915
:107CF0006E5F6F66667365746F6620287374727545
:107D00006374207064755F6164765F6164765F6937
:107D10006E642C206461746129000000574553543F
:107D20005F544F504449522F7A65706879722F73AF
:107D300075627379732F626C7565746F6F74682FD9
:107D4000636F6E74726F6C6C65722F6C6C5F73779F
:107D50002F756C6C5F7363616E2E630065727220A9
:107D60003D3D2030207C7C20657272203D3D202DE1
:107D700031323000574553545F544F504449522FCD
:107D80007A65706879722F7375627379732F626C7C
:107D90007565746F6F74682F636F6E74726F6C6C3F
:107DA00065722F6C6C5F73772F756C6C5F636F6E91
:107DB0006E2E630074785F627566000072782D3EE7
:107DC0006864722E6C696E6B0000000073746174DD
:107DD0007573203D3D203000737461747573203DD0
:107DE0003D2030207C7C20706172616D203D3D2003
:107DF000756C6C5F7570646174655F6D61726B5FEB
:107E00006765742829207C7C20706172616D203D3B
:107E10003D20756C6C5F64697361626C655F6D6158
:107E2000726B5F67657428290000000070203D3D7B
:107E300020706172616D0000287469636B65725F08
:107E4000737461747573203D3D203029207C7C2043
:107E5000287469636B65725F737461747573203D18
:107E60003D20322900000000636F6E6E2D3E6C6C69
:107E70006C2E68616E646C6520213D20307846462A
:107E800046460000287469636B65725F73746174A1
:107E90007573203D3D203029207C7C202874696347
:107EA0006B65725F737461747573203D3D20322978
:107EB000207C7C202828766F6964202A29636F6ED5
:107EC0006E5F6C6C203D3D20756C6C5F6469736106
:107ED000626C655F6D61726B5F676574282929004C
:107EE0006C6C6C5F747800007064755F74782D3E04
:107EF0006C656E00216C696E6B2D3E6E657874004A
:107F000062745F63746C725F756C6C5F636F6E6ECE
:107F100000000000574553545F544F504449522FBE
:107F20007A65706879722F7375627379732F626CDA
:107F30007565746F6F74682F636F6E74726F6C6C9D
:107F400065722F6C6C5F73772F756C6C5F6C6C63F4
:107F5000705F656E632E63006E7466005745535400
:107F60005F544F504449522F7A65706879722F736D
:107F700075627379732F626C7565746F6F74682F97
:107F8000636F6E74726F6C6C65722F6C6C5F73775D
:107F90002F756C6C5F6C6C63705F7068792E63001A
:107FA0006E74662D3E6864722E74797065203D3D56
:107FB000204E4F44455F52585F545950455F5245DB
:107FC0005441494E00000000636F6E6E2D3E6C6C94
:107FD0006C2E726F6C65203D3D2030783031000092
:107FE000636F6E6E2D3E6C6C6C2E726F6C65203DF7
:107FF0003D203078303000006374782D3E6E6F6421
:10800000655F7265662E7478000000006374782DD9
:108010003E646174612E70752E6E74665F646C656B
:108020005F6E6F6465000000574553545F544F50B6
:108030004449522F7A65706879722F73756273792B
:10804000732F626C7565746F6F74682F636F6E74D5
:10805000726F6C6C65722F6C6C5F73772F756C6CC4
:108060005F6C6C63702E63006374782D3E6F776E67
:10807000657200006374782D3E6E6F64655F726593
:10808000662E7278000000006374780029B6040040
:1080900039B6040049B6040059B6040069B60400B4
:1080A00079B6040021B7040031B7040089B6040092
:1080B00041B7040051B7040061B7040099B6040049
:1080C00071B7040081B70400A9B6040091B7040099
:1080D000B9B60400A1B70400B1B70400C1B70400E9
:1080E000D1B70400E1B70400F1B70400C9B6040039
:1080F00001B80400000000000000000000000000C3
:108100000000000011B70400574553545F544F500E
:108110004449522F7A65706879722F73756273794A
:10812000732F626C7565746F6F74682F636F6E74F4
:10813000726F6C6C65722F6C6C5F73772F756C6CE3
:108140005F6C6C63705F636F6D6D6F6E2E630000AC
:108150006374782D3E70726F63203D3D2050524F06
:10816000435F5445524D494E415445006374782D48
:108170003E70726F63203D3D2050524F435F44413B
:1081800054415F4C454E4754485F55504441544517
:1081900000000000574553545F544F504449522F3C
:1081A0007A65706879722F7375627379732F626C58
:1081B0007565746F6F74682F636F6E74726F6C6C1B
:1081C00065722F6C6C5F73772F756C6C5F6C6C6372
:1081D000705F6C6F63616C2E6300000063747820C5
:1081E000213D202828766F6964202A293029000043
:1081F0006374785F686561646572203D3D206374D7
:1082000078000000574553545F544F504449522F53
:108210007A65706879722F7375627379732F626CE7
:108220007565746F6F74682F636F6E74726F6C6CAA
:1082300065722F6C6C5F73772F756C6C5F6C6C6301
:10824000705F636F6E6E5F7570642E630000000078
:108250006374782D3E6E6F64655F7265662E72780A
:10826000203D3D202828766F6964202A2930290086
:10827000574553545F544F504449522F7A657068A4
:1082800079722F7375627379732F626C7565746F71
:108290006F74682F636F6E74726F6C6C65722F6C85
:1082A0006C5F73772F756C6C5F6C6C63705F636869
:1082B0006D752E6300000000574553545F544F50B6
:1082C0004449522F7A65706879722F737562737999
:1082D000732F626C7565746F6F74682F636F6E7443
:1082E000726F6C6C65722F6C6C5F73772F756C6C32
:1082F0005F6C6C63705F72656D6F74652E630000F8
:1083000008020B020A030502000000000000000042
:10831000020200000602000004030000020109033B
:1083200000000000010300000C0300000703000030
:108330000000030100000000574553545F544F50A4
:108340004449522F7A65706879722F737562737918
:10835000732F626C7565746F6F74682F636F6E74C2
:10836000726F6C6C65722F6C6C5F73772F756C6CB1
:108370005F7065726970686572616C2E63000000E1
:108380007469636B65725F737461747573203D3DCE
:108390002030000073746174757320213D203120FA
:1083A0007C7C20706172616D203D3D20756C6C5F3E
:1083B00064697361626C655F6D61726B5F67657440
:1083C00028290000574553545F544F504449522FB9
:1083D0007A65706879722F7375627379732F626C26
:1083E0007565746F6F74682F636F6E74726F6C6CE9
:1083F00065722F6C6C5F73772F756C6C5F63656E45
:108400007472616C2E6300007363616E0000000083
:10841000574553545F544F504449522F7A65706802
:1084200079722F7375627379732F626C7565746FCF
:108430006F74682F636F6E74726F6C6C65722F6CE3
:108440006C5F73772F756C6C5F73636865642E6304
:108450000000000073756363657373007265747266
:1084600079000000574553545F544F504449522FF0
:108470007A65706879722F7375627379732F626C85
:108480007565746F6F74682F636F6E74726F6C6C48
:1084900065722F6C6C5F73772F756C6C5F66696C9F
:1084A0007465722E63000000726C5F696478203C12
:1084B00020380000726C5B726C5F6964785D2E74AA
:1084C000616B656E00000000726C5B726C5F6964CA
:1084D000785D2E727061735F72656164790000006F
:1084E0006465766D617463685F6964203C20282848
:1084F00073697A655F742920282828696E74292099
:1085000073697A656F6628636861725B31202D201C
:1085100032202A202128215F5F6275696C74696EA0
:108520005F74797065735F636F6D70617469626C9D
:10853000655F70285F5F747970656F665F5F28663E
:10854000616C292C205F5F747970656F665F5F28AE
:10855000262866616C295B305D2929295D29202D3B
:10856000203129202B202873697A656F662866617F
:108570006C29202F2073697A656F66282866616CE4
:10858000295B305D292929290000000066616C5BA8
:108590006465766D617463685F69645D2E74616B98
:1085A000656E00006465766D617463685F69642060
:1085B0003C20282873697A655F7429202828286957
:1085C0006E74292073697A656F6628636861725BCF
:1085D00031202D2032202A202128215F5F627569F9
:1085E0006C74696E5F74797065735F636F6D7061D1
:1085F0007469626C655F70285F5F747970656F661F
:108600005F5F28726C292C205F5F747970656F66DC
:108610005F5F282628726C295B305D2929295D2936
:10862000202D203129202B202873697A656F662838
:10863000726C29202F2073697A656F662828726C06
:10864000295B305D2929292900000000726C5B69D3
:108650005D2E74616B656E0069726B6D6174636829
:108660005F6964203C20706565725F69726B5F634F
:108670006F756E740000000069203C203800000017
:1086800062745F63746C725F756C6C5F66696C7446
:108690006572000062745F63746C725F63727970FC
:1086A000746F0000574553545F544F504449522F44
:1086B0007A65706879722F7375627379732F626C43
:1086C0007565746F6F74682F636F6E74726F6C6C06
:1086D00065722F6C6C5F73772F6E6F726469632F96
:1086E0006C6C6C2F6C6C6C2E630000007072656596
:1086F0006D70745F726571203D3D20707265656DAF
:1087000070745F61636B0000707265656D70745F9B
:1087100073746172745F72657120213D207072659F
:10872000656D70745F73746172745F61636B000078
:10873000707265656D70745F73746F705F72657170
:1087400020213D20707265656D70745F73746F7069
:108750005F61636B00000000707265656D70745F2F
:1087600061636B20213D20707265656D70745F726E
:1087700065710000707265656D70746F72203D3DAB
:108780002072656164795F6E6578740069746572E2
:1087900000000000657272203D3D202D3134300014
:1087A00021706172616D000021706172616D207CC9
:1087B0007C206E65787400006576656E742E637536
:1087C00072722E61626F72745F6362006576646FAD
:1087D0006E650000657272203E3D20300000000092
:1087E0006E65787400000000217265616479207CF8
:1087F0007C202672656164792D3E707265706172AD
:10880000655F706172616D203D3D207072657061C1
:1088100072655F706172616D00000000F401FA0022
:10882000960064004B0032001E001400574553545C
:108830005F544F504449522F7A65706879722F7394
:1088400075627379732F626C7565746F6F74682FBE
:10885000636F6E74726F6C6C65722F6C6C5F737784
:108860002F6E6F726469632F6C6C6C2F6C6C6C5F15
:108870006164762E630000006E6F64655F7278003D
:1088800021726164696F5F69735F726561647928E1
:1088900029000000700000006368616E00000000A5
:1088A000706475007363616E5F7064750000000032
:1088B0000925733A2041637475616C204556454E15
:1088C000545F4F564552484541445F5354415254BA
:1088D0005F5553203D2025750A00000070726570B9
:1088E0006172655F63620000574553545F544F5097
:1088F0004449522F7A65706879722F737562737963
:10890000732F626C7565746F6F74682F636F6E740C
:10891000726F6C6C65722F6C6C5F73772F6E6F72F9
:108920006469632F6C6C6C2F6C6C6C5F7363616E2D
:108930002E630000636F6D6D6F6E5F7072657061A6
:1089400072655F6362000000574553545F544F5097
:108950004449522F7A65706879722F737562737902
:10896000732F626C7565746F6F74682F636F6E74AC
:10897000726F6C6C65722F6C6C5F73772F6E6F7299
:108980006469632F6C6C6C2F6C6C6C5F636F6E6EC4
:108990002E630000646F6E65000000006C6C6C2D2F
:1089A0003E68616E646C6520213D20307846464605
:1089B00046000000574553545F544F504449522FCE
:1089C0007A65706879722F7375627379732F626C30
:1089D0007565746F6F74682F636F6E74726F6C6CF3
:1089E00065722F6C6C5F73772F6E6F726469632F83
:1089F0006C6C6C2F6C6C6C5F706572697068657202
:108A0000616C2E6300000000707265706172655FBA
:108A100063620000574553545F544F504449522FEE
:108A20007A65706879722F7375627379732F626CCF
:108A30007565746F6F74682F636F6E74726F6C6C92
:108A400065722F6C6C5F73772F6E6F726469632F22
:108A50006C6C6C2F6C6C6C5F63656E7472616C2EE9
:108A600063000000707265706172655F6362000090
:108A7000574553545F544F504449522F7A6570689C
:108A800079722F7375627379732F626C7565746F69
:108A90006F74682F636F6E74726F6C6C65722F6C7D
:108AA0006C5F73772F6E6F726469632F68616C2FD0
:108AB0006E7266352F636E74722E63005F72656628
:108AC000636F756E74000000574553545F544F50E8
:108AD0004449522F7A65706879722F737562737981
:108AE000732F626C7565746F6F74682F636F6E742B
:108AF000726F6C6C65722F6C6C5F73772F6E6F7218
:108B00006469632F68616C2F6E7266352F6D6179B1
:108B1000666C792E63000000574553545F544F50E4
:108B20004449522F7A65706879722F737562737930
:108B3000732F626C7565746F6F74682F636F6E74DA
:108B4000726F6C6C65722F6C6C5F73772F6E6F72C7
:108B50006469632F68616C2F6E7266352F74696368
:108B60006B65722E63000000757365725F69642027
:108B70003C2073697A656F662863616C6C65725F0F
:108B800069645F6C7574290063616C6C65725F6900
:108B90006420213D2030000001030405A93C0500AC
:108BA00000000000FB1E0600C1400500314A050020
:108BB0003D4B050058020000B14E0500814E0500F6
:108BC000000000009D4F05003D500500F003070028
:108BD000352206003B220600F6030700015005007F
:108BE000B121060013220600000000002721060024
:108BF0000000000000000000A1530500F552050030
:108C00004B220600000000008B220600A957050039
:108C1000B9560500ED540500DD54050004000000C0
:108C2000FF000000FFFF00000003005000000000F4
:108C300001000000FFFFFFFF0000005000000000E7
:108C400000000000D95905007F2306008D2306008F
:108C5000A5230600B1230600BD23060071580500B8
:108C6000D723060000000000D32406004925060093
:108C70005F250600010000007C8C0600B844060059
:108C8000000000001027000000000000172606006A
:108C90001D2606008B25060000000000CF250600DB
:108CA0000000000000000000CC44060000093D0068
:108CB00000010000000000000000000000000000B3
:108CC000C2B200204800000070400300C707070040
:108CD00008000000232606004D61050000C0014089
:108CE0000000000000000000000000000000000084
:108CF000000000000000000000040000E803020182
:108D00000101000008AC0020040000000000000089
:108D100000000000188D060000C00140248D0600F0
:108D2000010000002C8D060001000000110016005B
:108D30008164050081630500000000000000000060
:108D4000000000006D6605002966050000000000B7
:108D50000000000000F00240000000000048E801B0
:108D6000000000000000000000000000FFFFFFFF07
:108D70000000FF000000000000000000FFFFFFFFF8
:108D80000200000101000000FF260600FFFF0000B6
:108D9000988D0600FFFFFFFF00F00240A48D060043
:108DA00001000000AC8D0600010000001400050069
:108DB0000000000000000000C56905008D270600C6
:108DC000718A0500C72B0600232C06001D2C060007
:108DD000172C0600112C06000B2C0600052C060093
:108DE000FF2B0600F92B0600498D0500A58D050017
:108DF00035950500832C06007D2C0600772C060097
:108E0000712C06006B2C0600652C06005F2C0600FA
:108E1000658D0500098C05009D8A0500F996050001
:108E2000DD930500020000000000000000000000CB
:108E3000A0860100400D03000000000000000000BB
:108E400000000000DD990500E92C0600000000008C
:108E500000000000F5FFFFFFD70B0700E50B070040
:108E6000F90B0700080C0700140C0700143D06005E
:108E7000143D0600643D0600743D0600A43F060054
:108E80001C40060000000000DCCFD13500000000CF
:108E900000C0153F0000803F0000C03F7D0064001F
:108EA00000001900000000000000640064007D0064
:108EB000190000000000000064006400E1000000F0
:108EC0000000000000006400640045010000000094
:108ED0000000000064006400A90100000000000020
:108EE0000000640064000D020000000000000000AB
:108EF00064006400710200000000000000006400D3
:108F000064003304000000000000000064006400FE
:108F10009704000000000000000064006400FB04EF
:108F20000000000000000000640064005F05000015
:108F300000000000000064006400C30500000000A1
:108F40000000000064006400270619000000000013
:108F500000007D0064008B06190000000000000086
:108F60007D00640000007D0000000000000064003F
:108F700064007D007D0000000000000064006400CB
:108F8000E10064000000000000006400640045018E
:108F9000640000000000000064006400A901640097
:108FA000000000000000640064000D026400000086
:108FB0000000000064006400710264000000000012
:108FC000000064006400330464000000000000003E
:108FD0006400640097046400000000000000640066
:108FE0006400FB04640000000000000064006400F2
:108FF0005F05640000000000000064006400C30519
:1090000064000000000000006400640027067D008A
:109010000000000000007D0064008B067D00000061
:10902000000000007D0064000000E100000000007E
:109030000000640064007D00E1000000000000000A
:1090400064006400E100C80000000000000064004B
:1090500064004501C80000000000000064006400D6
:10906000A901C800000000000000640064000D02B7
:10907000C800000000000000640064007102C80025
:1090800000000000000064006400A30290010D02D3
:109090009001DC0564006400070390010D0290015B
:1090A000DC05640064009D039001FB04900124FA38
:1090B0006400640001049001FB04900124FA640040
:1090C00064003304C8000000000000006400640075
:1090D0009704C80000000000000064006400FB0466
:1090E000C800000000000000640064005F05C800C4
:1090F00000000000000064006400C305C800000018
:1091000000000000640064002706E1000000000089
:1091100000007D0064008B06E100000000000000FC
:109120007D006400000045010000000000006400B4
:1091300064007D0045010000000000006400640040
:10914000E1002C0100000000000064006400450103
:109150002C0100000000000064006400A9012C0143
:10916000000000000000640064000D022C010000FB
:1091700000000000640064000703F4010D02900188
:10918000DC05640064009D03F401FB04900124FAF3
:109190006400640097042C010000000000006400DB
:1091A0006400FB042C010000000000006400640067
:1091B0005F052C0100000000000064006400C3058E
:1091C0002C01000000000000640064002706450137
:1091D0000000000000007D0064008B0645010000D7
:1091E000000000007D0064000000A90100000000F4
:1091F0000000640064007D00A90100000000000080
:1092000064006400E10090010000000000006400C0
:10921000640045019001000000000000640064004B
:10922000A90190010000000000006400C8003F0296
:10923000F4010D029001DC056400C800A302F401F2
:109240000D029001DC0564006400070358020D0262
:109250009001DC05640064009D035802FB0490014A
:1092600024FA6400C8000104F401FB04900124FA0C
:109270006400C8006504F401FB04900124FA640052
:109280006400FB0490010000000000006400640022
:109290005F05900100000000000064006400C30549
:1092A0009001000000000000640064002706A9018E
:1092B0000000000000007D0064008B06A901000092
:1092C000000000003001340138013C01400144013C
:1092D00048014C01500108010C0110011401180152
:1092E0001C01200124012C01484944207265706F43
:1092F000727420737562736372697074696F6E2023
:10930000656E6465640025733A204849442072659F
:10931000706F72742072656365697665643A2025A2
:109320006420627974657300484944207265706FE7
:109330007274004741545420646973636F76657298
:1093400079206661696C65642028657272202564E5
:109350002900484F47502043656E7472616C206944
:109360006E697469616C697A696E672E2E2E004889
:109370004F47503A2057696C6C207363616E2066CA
:109380006F7220626F6E64656420646576696365E0
:109390007320696E202564206D7300484F4750206C
:1093A00043656E7472616C20696E697469616C6981
:1093B0007A6564005375627363726962696E6720CF
:1093C000746F207265706F7274732061742076619F
:1093D0006C75655F68616E646C653D30782530340E
:1093E00078202843434320696E2030782530347834
:1093F0002D30782530347829005375627363726993
:109400006265206661696C6564202865727220253A
:10941000642900537562736372697074696F6E209A
:10942000696E6974696174656420737563636573DB
:109430007366756C6C7900446576696365206E6F40
:109440007420696E205355425343524942494E4756
:109450002073746174653A202564004E6F20726534
:10946000706F72742068616E646C6520696E207321
:10947000756273637269626520776F726B004E6FFD
:10948000207265706F72742068616E646C65207400
:109490006F2073756273637269626520746F004335
:1094A000757272656E742073656375726974792064
:1094B0006C6576656C3A20256400416C7265616468
:1094C00079206861766520736563757269747920A7
:1094D0006C6576656C2025642C20737562736372ED
:1094E0006962696E672E2E2E005265717565737400
:1094F000696E67207365637572697479206C65762F
:10950000656C2032202863757272656E743A20256E
:1095100064292E2E2E00536563757269747920615B
:109520006C72656164792073756666696369656EDE
:10953000742C207375627363726962696E672E2E74
:109540002E004661696C656420746F207365742019
:109550007365637572697479202865727220256459
:1095600029202D20747279696E6720737562736388
:109570007269626520616E79776179005365637500
:109580007269747920726571756573742070656E87
:1095900064696E672C2077696C6C207375627363E5
:1095A00072696265207768656E2072656164792EE4
:1095B0002E2E00466F756E64204849442053657214
:1095C00076696365205555494420696E206164764B
:1095D0006572746973656D656E74003D3D3D20482C
:1095E0004F47502050414952494E47204D4F444526
:1095F00020454E444544203D3D3D004661696C6533
:109600006420746F2073746F70207363616E202800
:10961000657272202564290025733A20484F47500F
:10962000207363616E6E696E672073746F7070650E
:1096300064007075626C69630072616E646F6D00C6
:109640007075626C69632D69640072616E646F6D20
:109650002D696400253032583A253032583A253089
:1096600032583A253032583A253032583A2530327D
:109670005820282573290053656375726974792011
:109680006661696C656420666F722025733A206C90
:109690006576656C2025642065727220256420281B
:1096A00072657472792025642F256429004D6178D4
:1096B0002073656375726974792072657472696567
:1096C0007320726561636865642C20646973636FDD
:1096D0006E6E656374696E672064657669636500A4
:1096E0005365637572697479206661696C65642C71
:1096F00020747279696E6720646973636F7665722E
:109700007920616E797761792E2E2E00536563750D
:1097100072697479206661696C65642C2074727951
:10972000696E672073756273637269626520776919
:1097300074686F757420656E6372797074696F6E8A
:109740002E2E2E00536563757269747920636861EB
:109750006E67656420666F722025733A206C6576AB
:10976000656C2025640053656375726974792065A2
:10977000737461626C697368656420286C657665D2
:109780006C202564292C207374617274696E6720C3
:1097900048494420646973636F766572792E2E2E72
:1097A0000053656375726974792065737461626CC6
:1097B00069736865642C207375627363726962698A
:1097C0006E6720746F207265706F7274732E2E2E08
:1097D00000466F756E6420626F6E643A20257300D8
:1097E0004661696C656420746F20756E7061697282
:1097F00020257320286572722025642900556E701B
:1098000061697265643A20257300756E6E616D65DD
:109810006400484F4750207363616E2063616C6C35
:109820006261636B206163746976652028636F757C
:109830006E743D25642C2070616972696E673D25E8
:109840006429002A2A2A204849443A2025732027DF
:1098500025732720525353493A2564202A2A2A0087
:10986000436F6E6E656374696E6720746F3A20256E
:1098700073004E6F206672656520484F4750207315
:109880006C6F7473004465766963653A20272573AD
:109890002720257320525353493A256400536361AE
:1098A0006E2073746F702072657475726E656420BB
:1098B00025642028636F6E74696E75696E67206118
:1098C0006E7977617929004661696C656420746FEF
:1098D0002063726561746520636F6E6E6563746981
:1098E0006F6E20286572722025642900436F6E6EAA
:1098F000656374696F6E20696E697469617465640B
:1099000020746F2025730025733A204E6F742069F0
:109910006E2070616972696E67206D6F64652C20BE
:109920006E6F74207374617274696E672073636103
:109930006E0025733A20416C6C20484F47502073CD
:109940006C6F747320696E20757365004661696C75
:10995000656420746F20737461727420484F47509F
:10996000207363616E202865727220256429004887
:109970004F4750207363616E207374617274656425
:109980000025733A204175746F2D7265636F6E6E9A
:109990006563743A20616C726561647920696E2038
:1099A00070616972696E67206D6F64650025733A36
:1099B000204175746F2D7265636F6E6E6563743AC6
:1099C00020616C726561647920636F6E6E6563748B
:1099D0006564004175746F2D7265636F6E6E6563AB
:1099E000743A207363616E6E696E6720666F7220D1
:1099F000626F6E64656420484F47502064657669E5
:109A00006365732E2E2E004175746F2D7265636F22
:109A10006E6E656374207363616E206661696C6548
:109A2000643A202564004661696C656420746F2087
:109A3000636F6E6E65637420746F202573202865D4
:109A400072722025642900436F6E6E6563746564CD
:109A500020746F20484F4750206465766963653AEB
:109A60002025730052657175657374696E67207384
:109A700065637572697479206C6576656C20322037
:109A8000666F7220484944206163636573732E2EAC
:109A90002E00536563757269747920616C7265611B
:109AA00064792073756666696369656E742C2073CA
:109AB00074617274696E6720646973636F7665722E
:109AC000792E2E2E004661696C656420746F2072B9
:109AD0006571756573742073656375726974792037
:109AE00028657272202564292C20747279696E674A
:109AF00020646973636F7665727920616E7977612E
:109B0000792E2E2E00536563757269747920726503
:109B100071756573742070656E64696E672C20774B
:109B2000696C6C20646973636F766572206166741A
:109B300065722070616972696E672E2E2E00484F23
:109B400047502064657669636520646973636F6E4E
:109B50006E65637465643A202573202872656173AD
:109B60006F6E203078253032782900484F47503AC0
:109B70002057696C6C20617474656D707420726517
:109B8000636F6E6E65637420696E20332073656346
:109B90006F6E64732E2E2E004849442073657276D2
:109BA000696365206E6F7420666F756E64202D206A
:109BB0006E6F7420616E2048494420646576696345
:109BC0006500484944207365727669636520666F55
:109BD000756E6420283078253034782D3078253023
:109BE0003478292C20646973636F766572696E67B7
:109BF0002063686172616374657269737469637309
:109C00002E2E2E00436861726163746572697374ED
:109C1000696320646973636F766572792066616930
:109C20006C6564202865727220256429004469737C
:109C3000636F7665727920636F6D706C6574652CE7
:109C4000207375627363726962696E6720746F2036
:109C50007265706F7274732E2E2E004E6F204849FD
:109C600044207265706F72742063686172616374FE
:109C70006572697374696320666F756E640025731D
:109C80003A20466F756E64204849442073657276A9
:109C90006963653A2068616E646C6573203078256D
:109CA0003034782D30782530347800466F756E6406
:109CB00020484944205265706F7274206368617255
:109CC000616374657269737469632061742068618B
:109CD0006E646C6520307825303478202876616C8D
:109CE00075653A20307825303478290054686973D6
:109CF000207265706F727420737570706F727473F8
:109D0000206E6F74696669636174696F6E73202D6C
:109D1000207375627363726962696E67206E6F7714
:109D200000416C726561647920696E2070616972AE
:109D3000696E67206D6F6465003D3D3D20484F476B
:109D4000502050414952494E47204D4F44452053E1
:109D5000544152544544203D3D3D004C6973746567
:109D60006E696E6720666F7220424C4520484944F8
:109D7000206465766963657320666F7220256420B0
:109D80007365636F6E64732E2E2E00507574207988
:109D90006F757220424C45206D6F7573652F74721C
:109DA00061636B70616420696E2070616972696EB5
:109DB00067206D6F6465206E6F7721005061697256
:109DC000696E67206D6F64652074696D656F757469
:109DD000004F4E004F464600594553004E4F005528
:109DE0004E4B4E4F574E003D3D3D20484F47502073
:109DF000537461747573203D3D3D00506169726913
:109E00006E67206D6F64653A202573005363616E41
:109E10006E696E673A20257300536C6F7420256459
:109E20003A2025732073746174653D257320686141
:109E30006E646C653D30782530347800536C6F74F7
:109E40002025643A2028656D70747929003D3D3DD8
:109E50003D3D3D3D3D3D3D3D3D3D3D3D3D3D3D3D32
:109E6000003D3D3D20436C656172696E6720426F25
:109E70006E6473203D3D3D00446973636F6E6E6593
:109E80006374696E6720736C6F742025642E2E2EA8
:109E900000436C656172656420256420626F6E64A6
:109EA00073004E4F54453A2053706C6974206B65B3
:109EB00079626F617264206D6179206E65656420DE
:109EC000746F207265636F6E6E656374003D3D3D17
:109ED00020426F6E6420436C65617220436F6D7029
:109EE0006C657465203D3D3D0049444C450053433D
:109EF000414E4E494E4700434F4E4E454354494E06
:109F00004700434F4E4E4543544544004449534354
:109F10004F564552494E47005355425343524942CA
:109F2000494E4700524541445900686F67700068C8
:109F30006F67705F646973636F7665725F636200F9
:109F4000686F67705F7265706F72745F6E6F74694F
:109F500066795F636200686F67705F73746F705FCC
:109F60007363616E00686F67705F73746172745FB2
:109F70007363616E00686F67705F6175746F5F72A5
:109F800065636F6E6E6563745F776F726B5F686138
:109F90006E646C657200484F4750204D6F75736555
:109FA000206F757470757420696E697469616C696D
:109FB0007A696E672E2E2E00484F4750204D6F75E0
:109FC0007365206F757470757420696E697469614A
:109FD0006C697A6564202873656E73697469766943
:109FE00074793D2564290025733A2049676E6F72A4
:109FF000696E67207265706F7274204944203078F2
:10A00000253032780025733A20427574746F6E20C3
:10A01000707265737365640025733A2042757474B9
:10A020006F6E2072656C65617365640025733A20FC
:10A030004D6F7573652064656C74613A2025642CDE
:10A04000202564202866726F6D2025642C256420ED
:10A05000746F2025642C2564290025733A204669F5
:10A060006E676572206C69667465640025733A20BA
:10A0700054776F2D66696E676572206765737475B6
:10A080007265206465746563746564202873637207
:10A090006F6C6C206E6F7420696D706C656D656E91
:10A0A000746564207965742900686F67705F6D6FEF
:10A0B0007573655F70726F636573735F7265706FE0
:10A0C000727400686F67705F6D6F757365004254DE
:10A0D0003A25640A0042542070726F66696C6520EC
:10A0E0006368616E67656420746F20256400436F48
:10A0F0006E736F6C652055415254206E6F742072E0
:10A10000656164790053657269616C20636F6D6D80
:10A11000616E642068616E646C6572207265616452
:10A12000792E205573652021636F6D6D616E6420FB
:10A1300028652E672E2C2021626F6F742C202172CF
:10A1400065626F6F742C202168656C702900526500
:10A15000626F6F74696E672E2E2E006466750045FF
:10A160006E746572696E6720626F6F746C6F616484
:10A170006572206D6F64652E2E2E005377697463AF
:10A1800068696E6720746F20424C45206F7574704B
:10A1900075742E2E2E007573620053776974636890
:10A1A000696E6720746F20555342206F7574707507
:10A1B000742E2E2E00666F7267657400436C6561A5
:10A1C00072696E6720616C6C20424C452070726F22
:10A1D00066696C6520626F6E64732E2E2E00426F6E
:10A1E0006E647320636C65617265642E2052652D08
:10A1F00070616972207769746820686F7374207465
:10A200006F207265636F6E6E6563742E00537461A8
:10A210007274696E6720484F475020706169726997
:10A220006E67206D6F64652E2E2E00756E706169ED
:10A23000720053746F7070696E6720484F475020EA
:10A2400070616972696E67206D6F64652E2E2E00D5
:10A2500073746174757300636C65617200436C653F
:10A260006172696E6720616C6C20484F47502062B4
:10A270006F6E64732E2E2E00436F6D6D616E64736E
:10A280003A20217265626F6F742C2021626F6F74A7
:10A290002C2021626C652C20217573622C20216694
:10A2A0006F726765742C2021706169722C20217592
:10A2B0006E706169722C2021686F67702C20216399
:10A2C0006C6561722C202168656C7000556E6B6E38
:10A2D0006F776E20636F6D6D616E643A2027252E57
:10A2E0002A73270053657269616C20636F6D6D611D
:10A2F0006E643A2027252E2A7327007265626F6FDD
:10A30000740073657269616C5F636D645F74696426
:10A310000073657269616C5F636D64004D756C7488
:10A3200069706C65206265686176696F7273206818
:10A33000617665207468652073616D65206E616D5E
:10A34000652027257327004E6F2062656861766956
:10A350006F722061737369676E656420746F202566
:10A3600064206F6E206C61796572202564004661FF
:10A37000696C656420746F20636F6E7665727420FB
:10A3800072656C617469766520746F206162736FA9
:10A390006C757465206265686176696F72206269A8
:10A3A0006E64696E672028657272202564290074C6
:10A3B0007275650066616C7365004E6F7420666F20
:10A3C000756E6420696E207472616E73666F726D53
:10A3D0003A20726F773A2025642C20636F6C3A2004
:10A3E00025642C20707265737365643A20257300B0
:10A3F00025733A20526F773A2025642C20636F6CC6
:10A400003A2025642C20706F736974696F6E3A204E
:10A4100025642C20707265737365643A202573007F
:10A420004661696C656420746F207265667265733D
:10A4300068207468652073656C6563746564207456
:10A440006F2073746F636B206D617070696E67202D
:10A4500028256429004661696C656420746F206852
:10A46000616E646C652073656C65637465642070EF
:10A470006879736963616C20646573745F6C61797A
:10A480006F75742066726F6D2073657474696E6782
:10A49000732028657272202564290073656C6563DA
:10A4A000746564007A6D6B5F706879736963616C61
:10A4B0005F6C61796F7574735F6B7363616E5F70EE
:10A4C000726F636573735F6D736771007068797322
:10A4D0006963616C5F6C61796F7574730044656664
:10A4E00061756C74007A6D6B5F7068797369636114
:10A4F0006C5F6C61796F75745F73656C65637469AB
:10A500006F6E5F6368616E6765640025733A204C07
:10A51000697374656E65722068616E646C65642031
:10A52000746865206576656E740025733A204C6901
:10A530007374656E657220636170747572656420F2
:10A54000746865206576656E740025733A204C69E1
:10A550007374656E65722072657475726E656420C1
:10A56000616E206572726F723A20256400556E61CB
:10A57000626C6520746F2066696E6420776865720E
:10A580006520746F20726169736520746869732037
:10A590006576656E74007A6D6B5F6576656E745F67
:10A5A0006D616E616765725F68616E646C655F6640
:10A5B000726F6D004661696C656420746F2073650D
:10A5C00074206578742D706F77657220636F6E7478
:10A5D000726F6C2070696E202564004661696C653D
:10A5E0006420746F20636F6E66696775726520659D
:10A5F00078742D706F77657220636F6E74726F6CF4
:10A600002070696E202564004661696C6564207461
:10A610006F20636C656172206578742D706F77654B
:10A620007220636F6E74726F6C2070696E20256487
:10A63000004558545F504F574552007A6D6B5F612B
:10A64000637469766974795F73746174655F636854
:10A65000616E676564007A6D6B5F706F73697469B2
:10A660006F6E5F73746174655F6368616E67656464
:10A67000007A6D6B5F73656E736F725F6576656E82
:10A6800074007A6D6B5F7573625F636F6E6E5F737C
:10A69000746174655F6368616E67656400626F6FA3
:10A6A000746C6F61640073797372657365740055BF
:10A6B0006E61626C6520746F207265747269657674
:10A6C00065206578745F706F776572206465766960
:10A6D00063653A20256400556E6B6E6F776E20655A
:10A6E00078745F706F77657220636F6D6D616E64F3
:10A6F0003A20256400657874706F77657200257361
:10A700003A204C495354454E455220494E444558F1
:10A710003A202564004572726F72206170706C7906
:10A72000696E6720696E7075742070726F636573EF
:10A73000736F72733A202564006170706C795F6387
:10A740006F6E6669670025733A204D6F64696669AC
:10A75000657220256420636F756E74202564002562
:10A76000733A204D6F64696669657273207365740E
:10A7700020746F2030782530325800547269656437
:10A7800020746F20756E7265676973746572206DD1
:10A790006F64696669657220256420746F6F206F2D
:10A7A0006674656E0025733A204D6F64696669654D
:10A7B0007220256420636F756E743A20256400252D
:10A7C000733A204D6F646966696572202564207252
:10A7D000656C65617365640025733A204275747415
:10A7E0006F6E20256420636F756E742025640025CC
:10A7F000733A204D6F75736520627574746F6E7354
:10A800002073657420746F203078253032580054DE
:10A810007269656420746F2072656C656173652070
:10A82000627574746F6E20256420746F6F206F667C
:10A8300074656E0025733A20427574746F6E20251E
:10A840006420636F756E743A2025640025733A2086
:10A85000427574746F6E2025642072656C65617337
:10A8600065640025733A204D6F757365206D6F76B2
:10A87000656D656E742073657420746F2025642F78
:10A8800025640025733A204D6F75736520736372DC
:10A890006F6C6C2073657420746F2025642F2564A1
:10A8A0000025733A204D6F757365207265706F7265
:10A8B0007420636C6561726564007A6D6B5F6869B2
:10A8C000645F6D6F7573655F636C656172007A6D4F
:10A8D0006B5F6869645F6D6F7573655F7363726FDB
:10A8E0006C6C5F736574007A6D6B5F6869645F6D33
:10A8F0006F7573655F6D6F76656D656E745F73659B
:10A9000074007A6D6B5F6869645F6D6F7573655F06
:10A91000627574746F6E5F72656C65617365007AE1
:10A920006D6B5F6869645F6D6F7573655F62757489
:10A93000746F6E5F7072657373007A6D6B5F6869B8
:10A94000645F696D706C696369745F6D6F6469667B
:10A95000696572735F72656C65617365007A6D6BB2
:10A960005F6869645F696D706C696369745F6D6F5E
:10A97000646966696572735F7072657373007A6D7E
:10A980006B5F6869645F756E726567697374657221
:10A990005F6D6F64007A6D6B5F6869645F72656795
:10A9A00069737465725F6D6F640025733A20706F10
:10A9B000736974696F6E202564206B6579636F64B9
:10A9C0006520307825303258006F6E5F6B65796D89
:10A9D00061705F62696E64696E675F7072657373E0
:10A9E0006564006F6E5F6B65796D61705F62696E43
:10A9F00064696E675F72656C656173656400554E6E
:10AA00004B4E4F574E2053544154555300554E4BC7
:10AA10004E4F574E20464C41564F520025733A2018
:10AA20004552524F5220666F756E6420756E646594
:10AA300063696465642074617020686F6C6420745D
:10AA4000686174206973206E6F742074686520617A
:10AA500063746976652074617020686F6C6400258A
:10AA6000733A20256420686F6C64206265686176A3
:10AA7000696F722070726573736564207768696CA2
:10AA80006520756E646563696465640025733A20AA
:10AA90002564206465636964656420257320282526
:10AAA00073206465636973696F6E206D6F6D656E89
:10AAB00074202573290025733A2052656C656173F3
:10AAC000696E67206D6F6473206368616E6765648B
:10AAD000206576656E7420307825303258202573D5
:10AAE0000025733A2052656C656173696E67206B4F
:10AAF000657920706F736974696F6E206576656E15
:10AB00007420666F7220706F736974696F6E202590
:10AB10006420257300556E68616E646C6564206303
:10AB200061707475726564206576656E74207479E1
:10AB30007065004143544956455F484F4C445F544B
:10AB400041505F434C45414E45445F55505F544F23
:10AB50004F5F4541524C590025733A2025642072BD
:10AB60006574726F207461700025733A202564202B
:10AB7000686F6C642D7461702074696D65722077E4
:10AB80006F726B20696E206576656E7420717565D5
:10AB900075650025733A20256420636C65616E69D4
:10ABA0006E6720757020686F6C642D74617000256D
:10ABB000733A204552524F5220616E6F746865722D
:10ABC00020686F6C642D74617020626568617669BD
:10ABD0006F7220697320756E646563696465642EA5
:10ABE0000025733A202564206E657720756E6465B4
:10ABF000636964656420686F6C645F74617000757C
:10AC00006E61626C6520746F2073746F726520686A
:10AC10006F6C642D74617020696E666F2C2064699E
:10AC20006420796F75207072657373206D6F726523
:10AC3000207468616E20256420686F6C642D7461D7
:10AC400070733F0025733A20557064617465206805
:10AC50006F6C642074617020256420737461747556
:10AC60007320746F20686F6C642D696E74657272E6
:10AC70007570740025733A20256420627562626CD9
:10AC80006520286E6F20756E646563696465642055
:10AC9000686F6C645F7461702061637469766529A4
:10ACA00000686F6C642D746170206C697374656EDC
:10ACB00065722073686F756C642062652063616CD7
:10ACC0006C6564206265666F7265206265666F728E
:10ACD00065206D6F7374206F74686572206C697382
:10ACE00074656E657273210025733A2025642062B5
:10ACF0007562626C6520756E646563696465642065
:10AD0000686F6C642D746170206B657972656C6519
:10AD1000617365206576656E740025733A2025643D
:10AD200020636170747572696E67202564202573D5
:10AD3000206576656E740025733A20256420636172
:10AD400070747572696E672030782530325820250E
:10AD500073206576656E740025733A202564206241
:10AD60007562626C696E67202564202573206576A4
:10AD7000656E74006F746865722D6B65792D646FF4
:10AD8000776E006F746865722D6B65792D75700034
:10AD9000717569636B2D74617000686F6C642D74DC
:10ADA000696D657200686F6C642D7072656665729E
:10ADB0007265640062616C616E63656400746170E9
:10ADC0002D707265666572726564007461702D75B0
:10ADD0006E6C6573732D696E7465727275707465CF
:10ADE0006400484F4D45524F575F4D4F4453006FDD
:10ADF0006E5F686F6C645F7461705F62696E6469D6
:10AE00006E675F707265737365640064656369641F
:10AE1000655F726574726F5F746170006F6E5F68FA
:10AE20006F6C645F7461705F62696E64696E675FA6
:10AE300072656C6561736564006B6579636F6465E9
:10AE40005F73746174655F6368616E6765645F6C8E
:10AE5000697374656E65720072656C656173655FB8
:10AE600063617074757265645F6576656E74730096
:10AE70006465636964655F686F6C645F74617000CA
:10AE80007570646174655F686F6C645F737461741E
:10AE900075735F666F725F726574726F5F746170F5
:10AEA00000706F736974696F6E5F73746174655F4E
:10AEB0006368616E6765645F6C697374656E657203
:10AEC000006D6163726F5F7461700025733A206D6D
:10AED0006163726F206D6F6465207365743A2074CE
:10AEE0006170006D6163726F5F70726573730025CE
:10AEF000733A206D6163726F206D6F6465207365B6
:10AF0000743A207072657373006D6163726F5F7263
:10AF1000656C656173650025733A206D6163726FBE
:10AF2000206D6F6465207365743A2072656C65618D
:10AF30007365006D6163726F5F7461705F74696DDA
:10AF4000650025733A206D6163726F207461702013
:10AF500074696D65207365743A202564006D6163C2
:10AF6000726F5F776169745F74696D650025733A0C
:10AF7000206D6163726F20776169742074696D65FB
:10AF8000207365743A202564006D6163726F5F7091
:10AF90006172616D5F31746F310025733A206D61AC
:10AFA00063726F20706172616D3A2031746F31008D
:10AFB0006D6163726F5F706172616D5F31746F326A
:10AFC0000025733A206D6163726F20706172616D4C
:10AFD0003A2031746F32006D6163726F5F7061721D
:10AFE000616D5F32746F310025733A206D61637259
:10AFF0006F20706172616D3A2032746F31006D6143
:10B0000063726F5F706172616D5F32746F320025C1
:10B01000733A206D6163726F20706172616D3A20C6
:10B0200032746F320025733A2050726563616C632D
:10B03000756C61746520696E697469616C207265F4
:10B040006C656173652073746174653A006D61634A
:10B05000726F5F70617573655F666F725F72656C4A
:10B06000656173650025733A2052656C656173658F
:10B070002077696C6C20726573756D652061742032
:10B0800025640025733A20497465726174696E679E
:10B09000206D6163726F2062696E64696E677320F0
:10B0A0002D207374617274696E673A2025642C20B8
:10B0B000636F756E743A20256400556E6B6E6F7702
:10B0C0006E206D6163726F206D6F64653A20256438
:10B0D000006265686176696F725F6D6163726F5F50
:10B0E000696E69740068616E646C655F636F6E742D
:10B0F000726F6C5F62696E64696E67007175657509
:10B10000655F6D6163726F00446F75626C655F436C
:10B110006C69636B006D6F7573655F6B65795F70EC
:10B1200072657373004D61635F537472696B655F21
:10B130005468726F7567685F54657874004D616319
:10B140005F436C6F73655F50726F6772616D004D26
:10B1500061635F53706F746C696768745F53656196
:10B160007263680057696E5F54696C655F52696706
:10B1700068740057696E5F54696C655F446F776EE1
:10B180000057696E5F54696C655F55700057696E52
:10B190005F54696C655F4C6566740057696E5F4CFF
:10B1A0006F636B5F50430057696E5F5365747469DA
:10B1B0006E67735F4D656E750057696E5F436C6FA8
:10B1C00073655F50726F6772616D004D61635F53AD
:10B1D0006E6970004D61635F53686F774157004D32
:10B1E00061635F53656C416C6C004D61635F556ECC
:10B1F000646F004D61635F5061737465004D6163FE
:10B200005F436F7079004D61635F437574005769E8
:10B210006E5F53686F7741570057696E5F536E6971
:10B22000700057696E5F4578706C720057696E5F89
:10B230004465736B0057696E646F77735F556E6416
:10B240006F0057696E646F77735F53656C656374E5
:10B25000416C6C0057696E646F77735F50617374F3
:10B26000650057696E646F77735F436F707900573D
:10B27000696E646F77735F437574006D6163726F9D
:10B280005F6B696E65736973006D6163726F5F6296
:10B290007261636B657473006D6163726F5F70617F
:10B2A00072656E73006D6163726F5F627261636578
:10B2B00073006D6163726F5F6471756F74657300A5
:10B2C0006D6163726F5F71756F7465730025733A9A
:10B2D00020706F736974696F6E202564206C6179CA
:10B2E0006572202564006D6F5F6B65796D61705FBD
:10B2F00062696E64696E675F70726573736564001E
:10B300006D6F5F6B65796D61705F62696E64696EA8
:10B31000675F72656C6561736564006D6F6D656E06
:10B32000746172795F6C6179657200556E6B6E6FD6
:10B33000776E206F757470757420636F6D6D616EBC
:10B34000643A202564006F75747075747300746FAF
:10B35000675F6B65796D61705F62696E64696E6766
:10B360005F7072657373656400746F675F6B657996
:10B370006D61705F62696E64696E675F72656C654E
:10B380006173656400746F67676C655F6C61796594
:10B390007200027472616E73706172656E74006E19
:10B3A0006F6E65006F6E5F6B65796D61705F62696E
:10B3B0006E64696E675F70726573736564006F6E4B
:10B3C0005F6B65796D61705F62696E64696E675FFE
:10B3D00072656C65617365640025733A2043616C26
:10B3E00063756C617465642073706565643A2025CB
:10B3F000660025733A2041646A757374696E673A12
:10B400002025642025640025733A20416674657206
:10B410003A202564202564007570646174655F6D51
:10B420006F76656D656E745F3164006F6E5F6B651E
:10B43000796D61705F62696E64696E675F70726575
:10B4400073736564006F6E5F6B65796D61705F62C9
:10B45000696E64696E675F72656C656173656400CF
:10B460006265686176696F725F696E7075745F742A
:10B47000776F5F617869735F61646A7573745F7316
:10B4800070656564006D6F7573655F7363726F6C73
:10B490006C006D6F7573655F6D6F76650025733A2F
:10B4A00020496E766F6B696E672025733A2030787D
:10B4B00025303278203078253032780025733A20D4
:10B4C00050726F63657373696E67206E6578742060
:10B4D000717565756564206265686176696F722053
:10B4E000696E2025646D73006265686176696F72AC
:10B4F0005F71756575655F70726F636573735F6E9D
:10B5000065787400656E64706F696E74732F707205
:10B51000656665727265640025733A20426F7468CF
:10B5200020656E64706F696E74207472616E7370E2
:10B530006F727473206172652072656164792E2068
:10B540005573696E672025640025733A204F6E6C31
:10B550007920424C452069732072656164792E0020
:10B5600025733A204F6E6C79205553422069732021
:10B5700072656164792E0025733A204E6F20656EE6
:10B5800064706F696E74207472616E73706F727420
:10B5900073206172652072656164792E00496E7650
:10B5A000616C6964207472616E73706F72742025AF
:10B5B0006400424C453A256400496E76616C6964CA
:10B5C0000025733A20757361676520706167652097
:10B5D000307825303258004641494C454420544F7C
:10B5E0002053454E44204F564552205553423A2051
:10B5F0002564004641494C454420544F2053454E54
:10B6000044204F56455220484F473A202564005564
:10B610006E68616E646C656420656E64706F696EDF
:10B6200074207472616E73706F727420256400559B
:10B630006E737570706F7274656420757361676581
:10B64000207061676520256400456E64706F696EC7
:10B6500074206368616E6765643A20257300257302
:10B660003A2053656C656374656420656E64706F21
:10B67000696E74207472616E73706F7274202564C9
:10B680000025733A2053657474696E6720656E6493
:10B69000706F696E742076616C7565202573004942
:10B6A0006E76616C696420656E64706F696E74207B
:10B6B00073697A652028676F742025642065787027
:10B6C000656374656420256429004661696C65645E
:10B6D00020746F2072656164207072656665727295
:10B6E000656420656E64706F696E742066726F6D3C
:10B6F0002073657474696E677320286572722025E3
:10B70000642900656E64706F696E74735F68616E42
:10B71000646C655F736574007A6D6B5F656E6470F1
:10B720006F696E74735F73656E645F7265706F725C
:10B7300074006765745F73656C65637465645F74DA
:10B7400072616E73706F7274007A6D6B5F656E6498
:10B75000706F696E74735F73656C6563745F747228
:10B76000616E73706F7274007A6D6B5F656E64707A
:10B770006F696E745F6368616E6765640025733A14
:10B7800020756E7265676973746572696E6720757E
:10B79000736167655F706167652030782530325866
:10B7A000206B6579636F64652030782530325820CE
:10B7B00073696E63652069742077617320616C72B0
:10B7C0006561647920707265737365640025733AEE
:10B7D00020556E61626C6520746F207072652D72E9
:10B7E000656C65617365206B6579636F646520289E
:10B7F000256429004661696C656420746F20736557
:10B800006E64206B6579207265706F727420666F4C
:10B8100072207072652D72656C656173696E672048
:10B820006B6579636F646520282564290025733A68
:10B830002075736167655F706167652030782530BA
:10B840003258206B6579636F64652030782530321B
:10B850005820696D706C696369745F6D6F647320E3
:10B86000307825303258206578706C696369745F70
:10B870006D6F6473203078253032580025733A207C
:10B88000556E61626C6520746F20707265737320F1
:10B890006B6579636F6465004661696C65642074EB
:10B8A0006F2073656E64206B6579207265706F72AE
:10B8B0007420666F72206368616E676564206D6FC7
:10B8C0006669666965727320666F7220636F6E7356
:10B8D000756D65722070616765206576656E742090
:10B8E000282564290025733A20556E61626C652015
:10B8F000746F2072656C65617365206B6579636F29
:10B900006465006869645F6C697374656E65725F15
:10B910006B6579636F64655F72656C65617365649F
:10B92000006869645F6C697374656E65725F6B65EE
:10B9300079636F64655F7072657373656400257306
:10B940003A206C617965725F6368616E6765643A1D
:10B95000206C6179657220256420737461746520A0
:10B960002564004661696C656420746F20726169AA
:10B970007365206C617965722073746174652063EE
:10B9800068616E6765642028256429004661696CDA
:10B99000656420746F206765742074686520706F1B
:10B9A000736974696F6E206D61702C2063616E27FE
:10B9B000742066696E6420746865207269676874B3
:10B9C0002062696E64696E6720746F207265747599
:10B9D000726E20282564290043616E2774207265E9
:10B9E0007475726E2062696E64696E6720666F722C
:10B9F00020756E6D61707065642062696E64696E39
:10BA00006720696E6465782025640042696E646908
:10BA10006E6720696E646578202564206D617070A2
:10BA2000656420746F20616E20696E76616C696454
:10BA3000206B657920706F736974696F6E2025645F
:10BA40000025733A206C617965725F69643A20253C
:10BA50006420706F736974696F6E3A2025642C20BE
:10BA600062696E64696E67206E616D653A20257348
:10BA70000025733A206265686176696F7220707282
:10BA80006F63657373696E6720746F20636F6E7484
:10BA9000696E756520746F206E657874206C6179AD
:10BAA00065720025733A204265686176696F72207D
:10BAB00072657475726E6564206572726F723A2079
:10BAC0002564007A6D6B5F6B65796D61705F706F77
:10BAD000736974696F6E5F73746174655F636861C5
:10BAE0006E676564007A6D6B5F6B65796D61705F21
:10BAF0006170706C795F706F736974696F6E5F737A
:10BB000074617465007365745F6C617965725F73ED
:10BB1000746174650042617365004B7000466E008D
:10BB20004D6F640052656400507572706C6500431F
:10BB300079616E0059656C6C6F7700626C75657425
:10BB40006F6F74680073747564696F5F756E6C6F86
:10BB5000636B0062636B6C69676874007267625F35
:10BB60007567007A6D6B5F6C617965725F73746184
:10BB700074655F6368616E676564007A6D6B5F6DA5
:10BB80006F646966696572735F73746174655F631E
:10BB900068616E676564007A6D6B5F6B6579636F72
:10BBA00064655F73746174655F6368616E67656423
:10BBB0000025733A2055706461746520484944201B
:10BBC000696E64696361746F72733A20656E647044
:10BBD0006F696E743D25642C20696E6469636174BD
:10BBE0006F72733D2578007A6D6B5F6869645F6979
:10BBF0006E64696361746F72735F70726F63657393
:10BC0000735F7265706F7274007A6D6B5F626C65E2
:10BC10005F6163746976655F70726F66696C655F9A
:10BC20006368616E67656400556E6B6E6F776E203A
:10BC3000425420636F6D6D616E643A20256400622A
:10BC40006C652F6163746976655F70726F66696C8D
:10BC50006500424C5545544F4F5448204641494C8D
:10BC6000454420282564290025733A2050616972D3
:10BC7000696E672063616E63656C6C65643A20254C
:10BC8000730025733A205365637572697479206374
:10BC900068616E6765643A202573206C6576656C13
:10BCA0002025750053656375726974792066616932
:10BCB0006C65643A202573206C6576656C2025756B
:10BCC000206572722025640025733A2025733A207E
:10BCD000696E74657276616C202564206C61746590
:10BCE0006E63792025642074696D656F75742025F5
:10BCF000640025733A20446973636F6E6E656374E4
:10BD000065642066726F6D202573202872656173EB
:10BD10006F6E20307825303278290025733A205311
:10BD20004B495050494E4720464F5220524F4C45A8
:10BD30002025640025733A2041637469766520707C
:10BD4000726F66696C6520646973636F6E6E65639C
:10BD50007465640025733A2053657474696E6720B6
:10BD6000424C452076616C75652025730070726FBA
:10BD700066696C657300496E76616C6964207072E7
:10BD80006F66696C6520696E6465783A202573007A
:10BD9000496E76616C69642070726F66696C6520AB
:10BDA00073697A652028676F742025642065787030
:10BDB0006563746564202564290050726F66696C40
:10BDC00065206164647265737320666F7220696EAA
:10BDD000646578202564206973206C6172676572E0
:10BDE000207468616E206D6178206F662025640084
:10BDF0004661696C656420746F2068616E646C656F
:10BE00002070726F66696C6520616464726573731B
:10BE10002066726F6D2073657474696E6773202875
:10BE2000657272202564290025733A204C6F616485
:10BE30006564202573206164647265737320666F86
:10BE4000722070726F66696C6520256400466169B6
:10BE50006C656420746F2068616E646C652061633A
:10BE6000746976652070726F66696C652066726FA2
:10BE70006D2073657474696E677320286572722013
:10BE8000256429007065726970686572616C5F6114
:10BE90006464726573736573004661696C656420E0
:10BEA000746F2073746F7265207065726970686555
:10BEB00072616C206164647265737320696E206DB9
:10BEC000656D6F7279004661696C656420746F20DE
:10BED00068616E646C652070657269706865726116
:10BEE0006C20616464726573732066726F6D207379
:10BEF000657474696E6773202865727220256429E1
:10BF000000796573006E6F0025733A20726F6C655F
:10BF10002025642C206F70656E3F202573005265CC
:10BF20006A656374696E672070616972696E672003
:10BF30007265717565737420746F2074616B656EC2
:10BF40002070726F66696C6520256400626C652FD5
:10BF500070726F66696C65732F25640025733A20D3
:10BF600053657474696E672070726F66696C6520C2
:10BF70006164647220666F7220257320746F2025BF
:10BF8000730025733A206164766572746973696E13
:10BF9000672066726F6D20256420746F2025640011
:10BFA0004661696C656420746F2073746F702061E2
:10BFB00064766572746973696E6720286572722091
:10BFC000256429004164766572746973696E67201F
:10BFD0006661696C656420746F207374617274208B
:10BFE00028657272202564290025733A20436F6EFC
:10BFF0006E6563746564207468726561643A2025B7
:10C0000070004661696C656420746F20636F6E6EAA
:10C0100065637420746F20257320282575290025F9
:10C02000733A20436F6E6E656374656420257300F8
:10C0300025733A204163746976652070726F666972
:10C040006C6520636F6E6E65637465640050616932
:10C0500072696E6720636F6D706C657465642062D1
:10C0600075742063757272656E742070726F666984
:10C070006C65206973206E6F74206F70656E3A2056
:10C0800025730025733A2072656164793F20256429
:10C090000025733A207A6D6B5F626C655F636C6537
:10C0A00061725F626F6E647328290025733A207095
:10C0B000726F66696C652025640025733A207A6D7D
:10C0C0006B5F626C655F636C6561725F616C6C5F16
:10C0D000626F6E647328290025733A200025733A35
:10C0E00020446973636F6E6E656374656420667265
:10C0F0006F6D2070726F66696C652025643A20252B
:10C1000064004E6F742073656E64696E672C206ED8
:10C110006F2061637469766520616464726573730E
:10C1200020666F722063757272656E742070726F14
:10C1300066696C65004E6F742073656E64696E6726
:10C140002C206E6F7420636F6E6E6563746564205F
:10C15000746F206163746976652070726F66696CB4
:10C16000650025733A207065726970686572616C4C
:10C1700020736C6F74202564206F6363757069652C
:10C18000642062792025730025733A20466F756E0E
:10C1900064206578697374696E6720706572697070
:10C1A000686572616C206164647265737320696E86
:10C1B00020736C6F742025640025733A2053746FCC
:10C1C00072696E67207065726970686572616C2053
:10C1D000257320696E20736C6F7420256400626C77
:10C1E000652F7065726970686572616C5F61646407
:10C1F0007265737365732F256400626C655F70727E
:10C200006F66696C65735F68616E646C655F7365AA
:10C2100074007A6D6B5F626C655F72656164790052
:10C22000636F6E6E656374656400646973636F6EDB
:10C230006E6563746564006C655F706172616D5FEB
:10C24000757064617465640073656375726974798F
:10C250005F6368616E67656400617574685F7061D3
:10C260006972696E675F616363657074006175749C
:10C27000685F63616E63656C00617574685F7061AF
:10C280006972696E675F636F6D706C657465007A63
:10C290006D6B5F626C655F7075745F7065726970FD
:10C2A000686572616C5F61646472007A6D6B5F6275
:10C2B0006C655F70726F665F646973636F6E6E65E5
:10C2C0006374007A6D6B5F626C655F70726F665F3E
:10C2D00070726576007A6D6B5F626C655F70726F0D
:10C2E000665F6E657874007A6D6B5F626C655F7017
:10C2F000726F665F73656C656374007A6D6B5F6205
:10C300006C655F636C6561725F616C6C5F626F6EC0
:10C310006473007A6D6B5F626C655F636C656172FC
:10C320005F626F6E6473007570646174655F6164F1
:10C33000766572746973696E67007365745F707295
:10C340006F66696C655F6164647265737300257301
:10C350003A204572726F72206E6F74696679696EE9
:10C3600067202564004B6579626F617264206D659A
:10C3700073736167652071756575652066756C6C92
:10C380002C20706F7070696E6720666972737420FC
:10C390006D65737361676520616E64207175657585
:10C3A00065696E6720616761696E004661696C65E9
:10C3B0006420746F207175657565206B6579626F97
:10C3C000617264207265706F727420746F2073657F
:10C3D0006E64202825642900436F6E73756D657245
:10C3E000206D65737361676520717565756520667D
:10C3F000756C6C2C20706F7070696E672066697246
:10C400007374206D65737361676520616E6420715C
:10C4100075657565696E6720616761696E00466163
:10C42000696C656420746F20717565756520636F34
:10C430006E73756D6572207265706F727420746FA3
:10C440002073656E642028256429004661696C6547
:10C450006420746F207175657565206D6F757365E7
:10C46000207265706F727420746F2073656E642023
:10C470002825642900484944204F766572204741A9
:10C4800054542053656E6420576F726B0073656E51
:10C49000645F6D6F7573655F7265706F72745F63F3
:10C4A000616C6C6261636B0073656E645F636F6E79
:10C4B00073756D65725F7265706F72745F63616CC6
:10C4C0006C6261636B0073656E645F6B6579626F4C
:10C4D0006172645F7265706F72745F63616C6C62CD
:10C4E00061636B0005010906A1018501050719E0DB
:10C4F00029E71500250175019508810205077508D2
:10C500009501810305081901290575019505910219
:10C51000050875039501910305071500250119000C
:10C520002967750195688102C0050C0901A1018583
:10C5300002050C150026FF00190029FF7508950655
:10C540008100C005010902A10185030901A10005BF
:10C550000919012905150025017501950581027547
:10C56000039501810305010930093116FF8126FF7A
:10C570007F751095028106A102093816FF8126FFFA
:10C580007F35004500751095018106C0A102050C9C
:10C590000A380216FF8126FF7F3500450075109589
:10C5A000018106C0C0C025733A205247422062650F
:10C5B000686176696F757220747269676765726504
:10C5C00064202825642F256429004661696C656410
:10C5D00020746F206765742052474220756E646531
:10C5E00072676C6F7720737461746520286572724E
:10C5F000202564290025733A205247422072656C39
:10C60000617469766520636F6E7665727420746FED
:10C61000206162736F6C757465202825642F256412
:10C6200029006F6E5F6B65796D61705F62696E6422
:10C63000696E675F636F6E766572745F63656E7453
:10C6400072616C5F73746174655F646570656E645C
:10C65000656E745F706172616D73006F6E5F6B65A4
:10C66000796D61705F62696E64696E675F70726533
:10C6700073736564006265686176696F725F737475
:10C68000705F696E64696361746F727300556E6B7D
:10C690006E6F776E206261636B6C6967687420638C
:10C6A0006F6D6D616E643A2025640025733A2042F7
:10C6B00061636B6C696768742072656C617469761C
:10C6C0006520746F206162736F6C75746520282516
:10C6D000642F256429006F6E5F6B65796D61705FF3
:10C6E00062696E64696E675F636F6E766572745FB0
:10C6F00063656E7472616C5F73746174655F6465A9
:10C7000070656E64656E745F706172616D73007ADE
:10C710006D6B5F7065726970686572616C5F626194
:10C7200074746572795F73746174655F6368616E58
:10C73000676564007A6D6B5F626174746572795FBE
:10C7400073746174655F6368616E676564004261FC
:10C750007474657279206465766963652022257337
:10C7600022206973206E6F742072656164790025E0
:10C77000733A204661696C656420746F2066657445
:10C78000636820626174746572792076616C756586
:10C79000733A2025640025733A204661696C65640C
:10C7A00020746F20676574206261747465727920EB
:10C7B0007374617465206F66206368617267653A9F
:10C7C0002025640025733A204661696C65642074F5
:10C7D0006F2075706461746520626174746572792C
:10C7E0002076616C75653A2025642E007A6D6B5F4A
:10C7F000626174746572795F757064617465007AE2
:10C800006D6B5F626174746572795F776F726B00D4
:10C810007A6D6B5F6869645F696E64696361746F88
:10C8200072735F6368616E676564007A6D6B5F73D6
:10C83000706C69745F7065726970686572616C5F55
:10C840007374617475735F6368616E6765640025F6
:10C85000733A20536B697070696E672075706461FC
:10C8600074696E67207468652070687973696361A4
:10C870006C206C61796F757420666F7220706572C0
:10C880006970686572616C2077697468207365638C
:10C890007572697479206572726F720025733A201F
:10C8A000536B697070696E67207570646174696E2E
:10C8B000672074686520706879736963616C206CA7
:10C8C00061796F757420666F722070657269706827
:10C8D0006572616C207769746820696E737566662D
:10C8E000696369656E742073656375726974790034
:10C8F00025733A205363616E6E696E6720616C72B6
:10C90000656164792072756E6E696E670025733A91
:10C9100020416C6C20646576696365732061726583
:10C9200020636F6E6E65637465642C207363616E43
:10C930006E696E6720697320756E6E6563657373CB
:10C94000617279005363616E6E696E67206661691A
:10C950006C656420746F2073746172742028657232
:10C9600072202564290025733A205363616E6E6935
:10C970006E67207375636365737366756C6C79207D
:10C98000737461727465640025733A205472696728
:10C99000676572206B657920706F736974696F6E5B
:10C9A000207374617465206368616E676520666FCB
:10C9B0007220256400536F75726365206E6F74205A
:10C9C000636F6E6E65637465640068616E646C6548
:10C9D000206E6F7420646973636F7665726564009E
:10C9E0004661696C656420746F2077726974652094
:10C9F0007468652075706461746520626C2063687A
:10CA00006172616374657269737469632028657209
:10CA10007220256429004661696C656420746F206A
:10CA20007175657565206265686176696F722074DD
:10CA30006F2073656E642028256429004661696C47
:10CA4000656420746F2077726974652070687973EB
:10CA50006963616C206C61796F757420696E6465BF
:10CA60007820746F207065726970686572616C20DF
:10CA700028657272202564290052756E20626568EF
:10CA80006176696F722068616E646C65206E6F7488
:10CA900020666F756E64004661696C656420746F12
:10CAA00020777269746520746865206265686176B4
:10CAB000696F72206368617261637465726973740F
:10CAC0006963202865727220256429004661696CBB
:10CAD000656420746F2077726974652074686520BE
:10CAE000757064617465206C65642063686172614F
:10CAF0006374657269737469632028657272202596
:10CB000064290025733A20446973636F7665722047
:10CB1000636F6D706C6574650025733A205B4154DA
:10CB2000545249425554455D2068616E646C6520DD
:10CB30002575004E6F207065726970686572616C52
:10CB400020737461746520666F756E6420666F7201
:10CB500020636F6E6E656374696F6E0025733A2093
:10CB6000466F756E64206F746865722073657276A7
:10CB70006963650025733A20466F756E6420737093
:10CB80006C69742073657276696365004661696CCF
:10CB9000656420746F2073746172742064697363B8
:10CBA0006F766572696E672073706C697420736547
:10CBB0007276696365206368617261637465726926
:10CBC000737469637320286572722025642900528A
:10CBD000657175697265642075736572206461742E
:10CBE00061206E6F742070617373656420746F20B0
:10CBF000646973636F766572790025733A20466FB6
:10CC0000756E6420706F736974696F6E20737461E0
:10CC100074652063686172616374657269737469B5
:10CC2000630025733A205B414C52454144592053DF
:10CC30005542534352494245445D0025733A205BB7
:10CC4000535542534352494245445D0025733A20AF
:10CC5000466F756E642072756E20626568617669D4
:10CC60006F722068616E646C650025733A20466FB0
:10CC7000756E642073656C65637420706879736980
:10CC800063616C206C61796F75742068616E646C8F
:10CC9000650025733A20466F756E64207570646177
:10CCA0007465206C65642068616E646C6500257332
:10CCB0003A20466F756E64207570646174652062F9
:10CCC0006C2068616E646C650025733A205B554E7C
:10CCD000535542534352494245445D0025733A201F
:10CCE0005B4E4F54494649434154494F4E5D206481
:10CCF000617461202570206C656E677468202575ED
:10CD00000025733A20646174613A2025640025731C
:10CD10003A2052656C656173696E6720706572694F
:10CD200070686572616C20736C6F7420617420256B
:10CD3000640025733A20466F756E64207468652020
:10CD400073706C6974207365727669636500556EE3
:10CD500061626C6520746F20726573657276652000
:10CD60007065726970686572616C20736C6F742095
:10CD700028657272202564290025733A2053746F48
:10CD80007070696E67207065726970686572616C39
:10CD9000207363616E6E696E670025733A20496E79
:10CDA0006974696174696E67206E657720636F6E60
:10CDB0006E656374696F6E0053746F70204C45200C
:10CDC0007363616E206661696C65642028657272A8
:10CDD000202564290043726561746520636F6E6E5F
:10CDE000206661696C65642028657272202564295B
:10CDF000202863726561746520636F6E6E3F20301A
:10CE00007825303478290025733A205B444556490B
:10CE100043455D3A2025732C2041442065767420DB
:10CE2000747970652025752C2041442064617461FB
:10CE3000206C656E2025752C20525353492025699E
:10CE40000025733A205B41445D3A202575206461DA
:10CE500074615F6C656E202575004144206D616CC6
:10CE6000666F726D656400556E61626C6520746FEB
:10CE7000206C6F616420555549440025733A205554
:10CE800055494420257320646F6573206E6F7420AC
:10CE90006D617463682073706C69742055554944E2
:10CEA0003A2025730025733A20446973636F6E6ED0
:10CEB00065637465643A2025732028726561736F19
:10CEC0006E202564290025733A20436F6E6E6563DA
:10CED0007465643A2025730025733A204375727295
:10CEE000656E7420736563757269747920666F72FC
:10CEF00020636F6E6E656374696F6E3A20256400FF
:10CF0000446973636F766572206661696C65642835
:10CF1000657272202564290025733A204E657720BA
:10CF2000636F6E6E656374696F6E20706172616DA0
:10CF3000733A20496E74657276616C3A2025642CD0
:10CF4000204C6174656E63793A2025642C2050482A
:10CF5000593A202564005472756E636174656420CB
:10CF60006265686176696F72206C6162656C20250C
:10CF70007320746F202573206265666F7265206967
:10CF80006E766F6B696E6720706572697068657226
:10CF9000616C206265686176696F720073706C699C
:10CFA000745F63656E7472616C5F737562736372D4
:10CFB0006962650073706C69745F63656E74726139
:10CFC0006C5F6E6F746966795F66756E630073700F
:10CFD0006C69745F63656E7472616C5F63687263C1
:10CFE0005F646973636F766572795F66756E6300FF
:10CFF00073706C69745F63656E7472616C5F736586
:10D0000072766963655F646973636F766572795F71
:10D0100066756E630073706C69745F63656E7472BD
:10D02000616C5F70726F636573735F636F6E6E6563
:10D030006374696F6E0073706C69745F63656E749E
:10D0400072616C5F636F6E6E6563746564007370AC
:10D050006C69745F63656E7472616C5F646973633D
:10D060006F6E6E65637465640073706C69745F6382
:10D07000656E7472616C5F73656375726974795FF4
:10D080006368616E6765640073746F705F7363617A
:10D090006E6E696E670073706C69745F63656E7441
:10D0A00072616C5F6569725F666F756E6400737044
:10D0B0006C69745F63656E7472616C5F6569725FE1
:10D0C00070617273650073706C69745F63656E7410
:10D0D00072616C5F6465766963655F666F756E64C7
:10D0E0000073746172745F7363616E6E696E670062
:10D0F00073706C69745F62745F7570646174655F8E
:10D10000626C5F7061796C6F61640073706C6974DC
:10D110005F62745F7570646174655F6C65645F7095
:10D1200061796C6F61640073706C69745F62745FC5
:10D13000696E766F6B655F6265686176696F725F55
:10D140007061796C6F61640073706C69745F6365A2
:10D150006E7472616C5F73706C69745F72756E5F10
:10D1600063616C6C6261636B0072656C65617365B1
:10D170005F7065726970686572616C5F736C6F7403
:10D18000007065726970686572616C5F6576656E66
:10D19000745F776F726B5F63616C6C6261636B006D
:10D1A000626C655F63656E7472616C00022A48C2CE
:10D1B000B1CFC567C90771960000000000556E61C8
:10D1C000626C6520746F20656E61626C65205553DA
:10D1D000420025733A2073746174653A2025640017
:10D1E0007A6D6B5F7573625F6765745F636F6E6E98
:10D1F0005F737461746500556E61626C6520746F55
:10D20000206C6F63617465204849442064657669C9
:10D210006365004849445F30004C454420736574A1
:10D22000207265706F7274206973206D616C666F17
:10D23000726D65643A206C656E6774683D256400A4
:10D24000496E76616C6964207265706F72742049F2
:10D25000442025642072657175657374656400559A
:10D260006E737570706F72746564207265706F7222
:10D2700074207479706520256420726571756573FA
:10D280007465640005010906A1018501050719E01F
:10D2900029E7150025017501950881020507750824
:10D2A000950181030508190129057501950591026C
:10D2B000050875039501910305071500250119005F
:10D2C0002967750195688102C0050C0901A10185D6
:10D2D00002050C150026FF00190029FF75089506A8
:10D2E0008100C005010902A10185030901A1000512
:10D2F000091901290515002501750195058102759A
:10D30000039501810305010930093116FF8126FFCC
:10D310007F751095028106A102093816FF8126FF4C
:10D320007F35004500751095018106C0A102050CEE
:10D330000A380216FF8126FF7F35004500751095DB
:10D34000018106C0C0C073656E64206661696C654A
:10D35000642028657272202564290025733A2065AF
:10D3600076656E742063616C6C6564004661696CFF
:10D37000656420746F2075706461746520746865DD
:10D380002052474220737472697020282564290056
:10D39000556E61626C6520746F20656E61626C65AC
:10D3A000204558545F504F5745523A202564005548
:10D3B0006E61626C6520746F2064697361626C6574
:10D3C000204558545F504F5745523A202564004538
:10D3D000787465726E616C20706F77657220646519
:10D3E000766963652022257322206973206E6F742D
:10D3F000207265616479007267625F756E64657240
:10D40000676C6F775F6576656E745F6C6973746562
:10D410006E657200000001000001010000010000C3
:10D4200000010000000000000001010100000001F7
:10D4300000000100000100000001000100000101E6
:10D4400000010100000101010000000100010000D5
:10D45000000001006261636B6C696768742F73740C
:10D46000617465004261636B6C6967687420646510
:10D47000766963652022257322206973206E6F749C
:10D480002072656164790025733A20557064617477
:10D4900065206261636B6C6967687420627269679A
:10D4A00068746E6573733A202564252500466169AA
:10D4B0006C656420746F20757064617465206261AE
:10D4C000636B6C69676874204C45442025643A207E
:10D4D0002564006261636B6C696768745F6576657B
:10D4E0006E745F6C697374656E6572007A6D6B5FE4
:10D4F0006261636B6C696768745F757064617465A1
:10D50000006261636B6C69676874004C6F772050D0
:10D5100072696F7269747920576F726B20517565EB
:10D5200075650057656C636F6D6520746F205A4D8B
:10D530004B210A007A6D6B0000070E091C1B1215A7
:10D54000383F363124232A2D28756E7369676E653E
:10D5500064292063686172202A20757365642066DF
:10D560006F722025257020617267756D656E742E4F
:10D570002049742773207265636F6D6D656E6465F5
:10D580006420746F206361737420697420746F2049
:10D59000766F6964202A206265636175736520690E
:10D5A00074206D6179206361757365206D697362A4
:10D5B00065686176696F7220696E20636572746157
:10D5C000696E20636F6E66696775726174696F6EEC
:10D5D000732E20537472696E673A2225732220617C
:10D5E0007267756D656E743A256400636270726966
:10D5F0006E74665F7061636B616765004661696C3C
:10D60000656420746F207265626F6F743A20737066
:10D61000696E6E696E6720656E646C6573736C7994
:10D620002E2E2E0A004E5653206E6F7420696E699E
:10D630007469616C697A656400436F756C64206E0F
:10D640006F74206F627461696E20666C617368200C
:10D65000706172616D657465727300556E7375707B
:10D66000706F7274656420777269746520626C6F84
:10D67000636B2073697A6500556E61626C65207416
:10D680006F20676574207061676520696E666F0042
:10D69000496E76616C696420736563746F72207380
:10D6A000697A6500436F6E66696775726174696F48
:10D6B0006E206572726F72202D20736563746F72B5
:10D6C00020636F756E7400256420536563746F72F8
:10D6D00073206F6620256420627974657300616C25
:10D6E0006C6F63207772613A2025642C20257800C6
:10D6F00064617461207772613A2025642C2025785A
:10D70000004E6F20474320446F6E65206D61726B41
:10D71000657220666F756E643A207265737461720B
:10D7200074696E6720676300474320446F6E65200D
:10D730006D61726B657220666F756E640066735FF3
:10D740006E7673006C6F6767696E67006C6F670059
:10D750006C6F675F6D676D74004D657373616765AE
:10D76000202822257322292064726F70706564203E
:10D7700062656361757365206974206578636565AA
:10D7800064732073697A65206C696D69746174696A
:10D790006F6E2028257529000D0A001B5B306D0077
:10D7A000257320005B2530386C755D20005B2530CB
:10D7B00032753A253032753A253032752E253033A0
:10D7C000752C253033755D20003C25733E200025E7
:10D7D000732F00253032782000202020007C002587
:10D7E0006300206D657373616765732064726F7089
:10D7F000706564202D2D2D0D0A1B5B306D001B5BA9
:10D80000313B33316D2D2D2D20001B5B313B3331EE
:10D810006D001B5B313B33336D00657272007772B4
:10D820006E00696E6600646267006C6F675F6261BC
:10D83000636B656E645F75617274006C6F675F75B2
:10D84000617274004661696C656420746F20636F57
:10D850006E66696775726520555342206465766906
:10D86000636520737461636B00456E64706F696EED
:10D87000742030782530327820697320696E7661A3
:10D880006C696400456E64706F696E742030782531
:10D8900030327820616C72656164792064697361EB
:10D8A000626C6564004661696C656420746F206415
:10D8B000697361626C6520656E64706F696E742057
:10D8C000307825303278005365742068616C74209C
:10D8D00065702030782530327800436C65617220A5
:10D8E00068616C742065702030782530327800458E
:10D8F0006E64706F696E74203078253032782061E4
:10D900006C726561647920636F6E666967757265B4
:10D9100064004661696C656420746F20636F6E6695
:10D92000696775726520656E64706F696E7420300A
:10D93000782530327800456E64706F696E742030DF
:10D94000782530327820616C726561647920656E6B
:10D9500061626C6564004661696C656420746F2067
:10D96000656E61626C6520656E64706F696E7420AF
:10D97000307825303278004661696C656420746FB8
:10D9800020777269746520656E64706F696E7420AB
:10D99000627566666572203078253032780052658F
:10D9A00071756573742062756666657220746F6F39
:10D9B00020736D616C6C0055534220646576696319
:10D9C0006520737570706F727420616C726561642C
:10D9D0007920656E61626C6564004572726F6E6578
:10D9E0006F7573206465766963652064657363721F
:10D9F0006970746F72206F7220624D61785061633C
:10DA00006B657453697A6530007573625F6465761F
:10DA10006963650030313233343536373839414245
:10DA200043444546005468657265206973206E6FF3
:10DA3000207573625F6366675F6461746120666FFF
:10DA40007220257000556E696E697469616C697A1F
:10DA50006564207573625F6366675F6461746120EB
:10DA6000706F696E7465722C20636F72727570745A
:10DA700065642064657669636520646573637269B3
:10DA800070746F723F004661696C656420746F202A
:10DA900076616C696461746520656E64706F696E2F
:10DAA000747300746865206E657720534E2064653A
:10DAB0007363726970746F7220646F65736E27741C
:10DAC0002068617665207468652073616D65206CDF
:10DAD000656E67746820617320434F4E4649475F07
:10DAE0005553425F4445564943455F534E00496E86
:10DAF000636F6D706C65746520646576696365201D
:10DB000064657363726970746F72004661696C65F5
:10DB10006420746F206669787570205553422064C4
:10DB2000657363726970746F72007573625F6465A8
:10DB30007363726970746F72005472616E7366659C
:10DB400072206572726F722025642C2065702030FF
:10DB500078253032780052582064617461206C6FEF
:10DB600073742C206E6F207472616E736665720020
:10DB70004E6F207472616E7366657220736C6F7481
:10DB800020617661696C61626C650041207472612C
:10DB90006E7366657220697320616C726561647969
:10DBA000206F6E676F696E672C2065702030782556
:10DBB000303278007573625F7472616E736665727D
:10DBC000006364635F61636D5F75617274300075DB
:10DBD0007362776F726B7100416476333630205018
:10DBE000726F004B696E6573697320436F72706F5B
:10DBF000726174696F6E0062745F6469730073654B
:10DC0000742D76616C7565206661696C7572652E20
:10DC1000206B65793A202573206572726F72282512
:10DC2000642900637C777BF26B6FC53001672BFE44
:10DC3000D7AB76CA82C97DFA5947F0ADD4A2AF9C62
:10DC4000A472C0B7FD9326363FF7CC34A5E5F17139
:10DC5000D8311504C723C31896059A071280E2EB42
:10DC600027B27509832C1A1B6E5AA0523BD6B329D2
:10DC7000E32F8453D100ED20FCB15B6ACBBE394A5F
:10DC80004C58CFD0EFAAFB434D338545F9027F5066
:10DC90003C9FA851A3408F929D38F5BCB6DA211065
:10DCA000FFF3D2CD0C13EC5F974417C4A77E3D64FD
:10DCB0005D197360814FDC222A908846EEB814DE2D
:10DCC0005E0BDBE0323A0A4906245CC2D3AC6291B7
:10DCD00095E479E7C8376D8DD54EA96C56F4EA65A1
:10DCE0007AAE08BA78252E1CA6B4C6E8DD741F4BA0
:10DCF000BD8B8A703EB5664803F60E613557B9860E
:10DD0000C11D9EE1F8981169D98E949B1E87E9CEBA
:10DD10005528DF8CA1890DBFE6426841992D0FB0CF
:10DD200054BB1672302F61313A20203078253038BC
:10DD300078202072312F61323A2020307825303817
:10DD400078202072322F61333A2020307825303805
:10DD5000780072332F61343A2020307825303878BB
:10DD6000207231322F69703A20203078253038788F
:10DD7000207231342F6C723A202030782530387878
:10DD80000020787073723A2020307825303878007F
:10DD9000735B2532645D3A20203078253038782056
:10DDA00020735B2532645D3A202030782530387846
:10DDB0002020735B2532645D3A202030782530388E
:10DDC000782020735B2532645D3A2020307825303E
:10DDD00038780066707363723A20203078253038C6
:10DDE00078004661756C74696E6720696E73747231
:10DDF000756374696F6E2061646472657373202843
:10DE00007231352F7063293A203078253038780008
:10DE10002A2A2A2A2A204D5055204641554C542062
:10DE20002A2A2A2A2A002020537461636B696E67AC
:10DE3000206572726F722028636F6E74657874202B
:10DE400061726561206D69676874206265206E6F1C
:10DE5000742076616C696429002020556E737461AA
:10DE6000636B696E67206572726F72002020446177
:10DE70007461204163636573732056696F6C6174CC
:10DE8000696F6E0020204D4D4641522041646472FE
:10DE90006573733A2030782578002020496E7374BA
:10DEA00072756374696F6E20416363657373205686
:10DEB000696F6C6174696F6E002020466C6F6174CD
:10DEC000696E672D706F696E74206C617A7920734A
:10DED0007461746520707265736572766174696FC0
:10DEE0006E206572726F72002A2A2A2A2A204255F1
:10DEF00053204641554C54202A2A2A2A2A00202001
:10DF0000537461636B696E67206572726F72002073
:10DF10002050726563697365206461746120627565
:10DF200073206572726F7200202042464152204178
:10DF30006464726573733A20307825780020204934
:10DF40006D707265636973652064617461206275C8
:10DF500073206572726F72002020496E737472753F
:10DF60006374696F6E20627573206572726F7200E0
:10DF70002A2A2A2A2A205553414745204641554CF2
:10DF800054202A2A2A2A2A002020446976697369A3
:10DF90006F6E206279207A65726F002020556E6165
:10DFA0006C69676E6564206D656D6F727920616361
:10DFB000636573730020204E6F20636F70726F6310
:10DFC0006573736F7220696E737472756374696FB1
:10DFD0006E73002020496C6C6567616C206C6F610A
:10DFE00064206F66204558435F52455455524E2079
:10DFF000696E746F205043002020496C6C65676126
:10E000006C20757365206F662074686520455053D9
:10E0100052002020417474656D707420746F206507
:10E0200078656375746520756E646566696E656490
:10E0300020696E737472756374696F6E00526573D4
:10E04000657276656420457863657074696F6E20CB
:10E05000280053707572696F757320696E746572EC
:10E060007275707420284952512000535053454C0A
:10E0700020696E20746872656164206D6F6465202C
:10E08000646F6573206E6F7420696E646963617478
:10E090006520505350002A2A2A2A2A2048415244F7
:10E0A000204641554C54202A2A2A2A2A0020204260
:10E0B0007573206661756C74206F6E20766563746D
:10E0C0006F72207461626C6520726561640020204B
:10E0D0004465627567206576656E74002020466130
:10E0E000756C7420657363616C6174696F6E202850
:10E0F0007365652062656C6F772900415243485F04
:10E10000455843455054207769746820726561739F
:10E110006F6E2025780A002A2A2A2A2A204465625E
:10E120007567206D6F6E69746F72206578636570B6
:10E1300074696F6E202A2A2A2A2A002A2A2A2A2A61
:10E1400020257320256429202A2A2A2A2A006D7076
:10E1500075004661696C656420746F20616C6C6F3A
:10E1600063617465206E6577204D50552072656738
:10E17000696F6E2025750A00506172746974696F49
:10E180006E2025753A2073616E6974792063686525
:10E19000636B206661696C65642E00496E76616C04
:10E1A00069642061747472696275746520666F7247
:10E1B0002074686520726567696F6E0A002A2062A4
:10E1C0007566666572206F766572666C6F7720641F
:10E1D00065746563746564202A0A00464C4153489F
:10E1E0005F30005352414D5F3000736F63004465F0
:10E1F000766963652064617461206E6F7420666F58
:10E20000756E6420666F7220636667202570004417
:10E210006576696365206572726F72004465766920
:10E2200063652072657365742064657465637465E5
:10E23000640044657669636520636F6E6E65637420
:10E2400065640044657669636520636F6E6669671F
:10E2500075726564004465766963652064697363FB
:10E260006F6E6E65637465640044657669636520EE
:10E2700073757370656E6465640044657669636583
:10E2800020726573756D65640066726F6D207375BD
:10E290007370656E6400556E6B6E6F776E20657679
:10E2A000656E7400446576696365206461746120FD
:10E2B0006E6F7420666F756E6420666F7220696E73
:10E2C0007465726661636520257500556E68616EC0
:10E2D000646C65642072657175657374203078258F
:10E2E000303278004465766963652064617461202A
:10E2F0006E6F7420666F756E6420666F7220656E37
:10E3000064706F696E742025750044657669636575
:10E31000206973206E6F7420636F6E666967757213
:10E320006564007573625F6869640000FFFFFFFF4A
:10E33000FFFF00000000000000FFFFFFFFFFFF00E5
:10E34000000000000030313233343536373839615F
:10E3500062636465660062745F7270610046616941
:10E360006C656420746F2063726561746520454339
:10E3700043207075626C69632F7072697661746591
:10E380002070616972007075626C6963206B6579D9
:10E39000206973206E6F742076616C696420287226
:10E3A000657420256429003F49F6D4A3C55F3874FD
:10E3B000C9B3E3D2103F504AFF607BEB40B7995896
:10E3C00099B8A6CD3C1ABD62745F6863695F6563E6
:10E3D0006300496E73756666696369656E74206E65
:10E3E000756D626572206F6620617267756D656E0E
:10E3F00074730049676E6F72696E67206964656E39
:10E400007469746965732073746F72656420696ED2
:10E4100020666C61736800496E76616C6964206C7B
:10E42000656E677468204944206164647265737323
:10E4300020696E2073746F72616765004661696C54
:10E44000656420746F207265616420646576696319
:10E4500065206E616D652066726F6D2073746F72DA
:10E46000616765202865727220257A6429006274CC
:10E470002F25732F253032782530327825303278A9
:10E4800025303278253032782530327825752F25A1
:10E49000730062742F25732F25303278253032783F
:10E4A0002530327825303278253032782530327870
:10E4B00025750073657474696E67735F7375627335
:10E4C00079735F696E6974206661696C6564202880
:10E4D000657272202564290062742F2573004661DD
:10E4E000696C656420746F207361766520494420EF
:10E4F000286572722025642900556E61626C652062
:10E50000746F20736574757020616E206964656E28
:10E510007469747920616464726573730062740055
:10E5200062745F73657474696E67730042545F4C04
:10E53000575F575100253038782D253034782D25F8
:10E540003034782D253034782D2530387825303406
:10E55000780002FB349B5F80000080001000000008
:10E560000000006D616C666F726D65642061647699
:10E570006572746973696E672064617461202575C2
:10E58000202F2025750062745F6461746100756ED0
:10E590006B6E6F776E00556E61626C6520746F20D4
:10E5A000616C6C6F6361746520627566666572008C
:10E5B000556E68616E646C6564206576656E742066
:10E5C000307825303278206C656E2025753A20250C
:10E5D0007300546F6F20736D616C6C20282575205B
:10E5E000627974657329206576656E7420307825AC
:10E5F00030327800486172647761726520657272AA
:10E600006F722C20686172647761726520636F6439
:10E61000653A20256400556E61626C6520746F2038
:10E620006C6F6F6B757020636F6E6E20666F7220FB
:10E6300068616E646C6520257500556E61626C655D
:10E6400020746F206C6F6F6B20757020636F6E6E1F
:10E6500020776974682068616E646C652025750098
:10E660004461746120627566666572206F766572BA
:10E67000666C6F7720286C696E6B207479706520EA
:10E6800030782530327829006F70636F64652030F0
:10E69000782530347820706F6F6C20696420257580
:10E6A00020706F6F6C20257020213D2026686369E3
:10E6B0005F636D645F706F6F6C202570004F7043F7
:10E6C0006F64652030782530347820636F6D706C0E
:10E6D0006574656420696E7374656164206F66207B
:10E6E000657870656374656420307825303478000F
:10E6F000574553545F544F504449522F7A657068C0
:10E7000079722F7375627379732F626C7565746F8C
:10E710006F74682F686F73742F6863695F636F72BB
:10E72000652E6300657272203D3D203000415353D9
:10E73000455254494F4E204641494C205B25735D5C
:10E7400020402025733A25640A00556E636C65618C
:10E750007265642070656E64696E672073656E749F
:10E760005F636D6400556E61626C6520746F207329
:10E77000656E6420746F2064726976657220286506
:10E7800072722025642900556E6578706563746522
:10E7900064206B5F706F6C6C206576656E7420739F
:10E7A0007461746520257500657674206E756D5FE3
:10E7B00068616E646C657320283D25752920746F2F
:10E7C0006F206C6172676520282575203E202575B5
:10E7D00029004E6F20636F6E6E656374696F6E20E3
:10E7E000666F722068616E646C65202575007061CB
:10E7F000636B65747320636F756E74206D69736DE0
:10E8000061746368004F7574206F6620636F6D6D6F
:10E81000616E6420627566666572730009636F6D70
:10E820006D616E64206F70636F6465203078253091
:10E8300034782074696D656F757420776974682009
:10E840006572722025640A006F70636F6465203002
:10E85000782530347820737461747573203078258E
:10E86000303278004661696C656420746F2072658F
:10E87000616420444C45206D61782064617461209E
:10E880006C656E004E6F2070656E64696E672070F7
:10E8900065726970686572616C20636F6E6E656326
:10E8A00074696F6E004E6F2070656E64696E6720CC
:10E8B00063656E7472616C20636F6E6E65637469FC
:10E8C0006F6E00556E65787065637465642073744F
:10E8D0006174757320307825303278004E6F207067
:10E8E000656E64696E6720636F6E6E20666F72205E
:10E8F00070656572202573004661696C65642072DD
:10E900006561642072656D6F7465206665617475FC
:10E910007265732028256429004661696C6564204E
:10E920004C452053657420504859202825642900FF
:10E930004661696C656420746F207365742064613E
:10E940007461206C656E2028256429004661696C1D
:10E95000656420746F2073657420726571756972C7
:10E960006564207365637572697479206C6576657A
:10E970006C00496E76616C69642048434920657675
:10E98000656E742073697A6520282575290065767F
:10E99000745F666C6167732026202831554C203CDB
:10E9A0003C202830292900496E76616C6964204832
:10E9B00043492041434C207061636B657420736947
:10E9C0007A6520282575290041434C2064617461D3
:10E9D000206C656E677468206D69736D617463681F
:10E9E0002028257520213D2025752900556E61625E
:10E9F0006C6520746F2066696E6420636F6E6E2094
:10EA0000666F722068616E646C65202575006274A3
:10EA10005F6863695F6576745F6765745F666C6184
:10EA20006773286864722D3E657674292026202835
:10EA300031554C203C3C202831292900496E766113
:10EA40006C69642062756620747970652025750094
:10EA500062745F6275665F6765745F74797065285C
:10EA600062756629203D3D2042545F4255465F4510
:10EA70005654005B305D004964656E746974792595
:10EA8000733A202573004964656E746974795B2557
:10EA9000645D3A202573004843493A2076657273D5
:10EAA000696F6E2025732028307825303278292030
:10EAB0007265766973696F6E203078253034782CF2
:10EAC000206D616E75666163747572657220307851
:10EAD00025303478004C4D503A2076657273696F5A
:10EAE0006E202573202830782530327829207375E0
:10EAF0006276657220307825303478004E6F204978
:10EB00004420616464726573732E20417070206DBF
:10EB10007573742063616C6C2073657474696E67BF
:10EB2000735F6C6F61642829004E6F6E2D4C452019
:10EB300063617061626C6520636F6E74726F6C6C80
:10EB40006572206465746563746564210041434C9B
:10EB50002042522F454452206275666665727320CA
:10EB60006E6F7420696E697469616C697A6564009E
:10EB700056656E646F722048434920657874656EEF
:10EB800073696F6E73206E6F7420617661696C615A
:10EB9000626C6500485720506C6174666F726D3A04
:10EBA00020257320283078253034782900485720D4
:10EBB00056617269616E743A202573202830782579
:10EBC00030347829004669726D776172653A202584
:10EBD0007320283078253032782920566572736981
:10EBE0006F6E2025752E2575204275696C64202571
:10EBF00075004661696C656420746F20726561649C
:10EC000020737570706F727465642076656E646FC2
:10EC10007220636F6D6D616E6473004661696C652F
:10EC20006420746F207265616420737570706F72F8
:10EC30007465642076656E646F72206665617475B4
:10EC4000726573004E6F204843492064726976658F
:10EC5000722072656769737465726564004254203E
:10EC600054580048434920647269766572206F7079
:10EC7000656E206661696C656420282564290055ED
:10EC80006E61626C6520746F2073746F7265206EA4
:10EC9000616D6500000909090901020909090909ED
:10ECA00009090909090907090909090906090909D9
:10ECB00009090909090909090909090909050102D7
:10ECC00004312E306200312E3100312E3200322ECE
:10ECD0003000322E3100332E3000342E3000342EEE
:10ECE0003100342E3200352E3000352E3100352ED5
:10ECF0003200352E3300352E34005374616E64615A
:10ED0000726420426C7565746F6F746820636F6EF7
:10ED100074726F6C6C65720056656E646F722073EE
:10ED20007065636966696320636F6E74726F6C6C83
:10ED30006572004669726D77617265206C6F6164FF
:10ED400065720052657363756520696D6167650062
:10ED50007265736572766564006E5246353178006F
:10ED60006E5246353278006E524635337800496E21
:10ED700074656C20436F72706F726174696F6E009E
:10ED80004E6F726469632053656D69636F6E64755D
:10ED900063746F72004E58502053656D69636F6ED7
:10EDA000647563746F72730062745F6863695F6334
:10EDB0006F7265004661696C656420746F206469D8
:10EDC0007361626C6520616464726573732072653F
:10EDD000736F6C7574696F6E005265736F6C7669D2
:10EDE0006E67206C6973742073697A652065786337
:10EDF00065656465642E20537769746368696E671E
:10EE000020746F20686F73742E004661696C6564AE
:10EE100020746F20636C656172207265736F6C750E
:10EE200074696F6E206C697374004661696C656407
:10EE300020746F206164642049524B20746F2063FA
:10EE40006F6E74726F6C6C657200536574207072B3
:10EE50006976616379206D6F646520636F6D6D61A4
:10EE60006E64206973206E6F7420737570706F729A
:10EE7000746564004661696C656420746F20736515
:10EE8000742070726976616379206D6F64650044E7
:10EE9000697361626C696E67206164647265737323
:10EEA000207265736F6C7574696F6E206661696C32
:10EEB0006564202865727220256429004661696CAA
:10EEC000656420746F2072656D6F76652049524BC2
:10EED0002066726F6D20636F6E74726F6C6C6572FA
:10EEE000004F6E6C79207374617469632072616E77
:10EEF000646F6D206964656E7469747920616464FF
:10EF00007265737320737570706F727465640049F5
:10EF10006E76616C696420696E70757420706172C0
:10EF2000616D6574657273004661696C6564207417
:10EF30006F2072656164207075626C696320616422
:10EF400064726573730052656164205374617469FF
:10EF5000632041646472657373657320636F6D6DC4
:10EF6000616E64206E6F7420617661696C61626CA1
:10EF700065004661696C656420746F207265616428
:10EF8000207374617469632061646472657373656E
:10EF900073004E6F207374617469632061646472DE
:10EFA00065737365732073746F72656420696E2076
:10EFB000636F6E74726F6C6C65720043616E277460
:10EFC0002073657420626F7468204944454E54492B
:10EFD00054592026204E5250410062745F696400EB
:10EFE000546F6F206269672061647665727469731B
:10EFF000696E672064617461004661696C656420B4
:10F00000746F2073746172742061647665727469C0
:10F01000736572004661696C656420746F20737457
:10F020006F70206164766572746973696E673A20E7
:10F03000256400436F6E74726F6C6C65722063613F
:10F040006E6E6F7420726573756D6520636F6E6E82
:10F0500065637461626C652061647665727469735E
:10F06000696E6720282564290062745F61647600F8
:10F07000556E657870656374656420656E64206F95
:10F08000662062756666657200030502000A627496
:10F090005F7363616E004543432048434920636FBB
:10F0A0006D6D616E6473206E6F7420617661696C42
:10F0B00061626C650043616C6C6261636B20616CC2
:10F0C00072656164792072656769737465726564DD
:10F0D0000053656E64696E67204C452050323536AA
:10F0E000205075626C6963204B657920636F6D6D8C
:10F0F000616E64206661696C6564004661696C6577
:10F100006420746F2067656E657261746520444881
:10F110004B657920286572722025642900E69D35AB
:10F120000E480103CCDBFDF4AC1191F4EFB9A5F965
:10F13000E9A7832C5E2CBE97F2D203B0208BD28934
:10F1400015D08E1C742430ED8FC24563765C155249
:10F150005ABF9A32636DEB2A65499C80DC62745F0A
:10F1600065636300556E61626C6520746F20616C2D
:10F170006C6F63617465206275666665722077697D
:10F180007468696E2074696D656F757400556E657D
:10F1900078706563746564206669727374204C329C
:10F1A000434150206672616D6500556E65787065EB
:10F1B00063746564204C3243415020636F6E746900
:10F1C0006E756174696F6E004E6F7420656E6F7539
:10F1D000676820627566666572207370616365207A
:10F1E000666F72204C324341502064617461005557
:10F1F0006E65787065637465642041434C20666C6D
:10F200006167732028307825303278290041434CDB
:10F21000206C656E206D69736D61746368202825AC
:10F2200075203E20257529006E6F7420656E6F7500
:10F23000676820726F6F6D20696E20757365725FED
:10F2400064617461202564203C202564006E6F7425
:10F2500020636F6E6E656374656421004469736337
:10F260006F6E6E6563746564207768696C65206194
:10F270006C6C6F636174696E6720636F6E74657820
:10F28000740028756E6B6E6F776E29006E6F207438
:10F2900072616E736974696F6E20257300496E76B2
:10F2A000616C69642028257529206F6C6420737453
:10F2B000617465006E6F2076616C69642028257525
:10F2C00029207374617465207761732073657400FD
:10F2D000696E636F6D70617469626C652068616EE0
:10F2E000646C6520257500466F756E642076616CD0
:10F2F000696420636F6E6E656374696F6E20282584
:10F300007029207769746820616464726573732062
:10F31000257320696E202573207374617465200045
:10F3200053656E64204C4520706172616D2075706C
:10F3300064617465206661696C6564202865727219
:10F34000202564290053656E64206175746F204C1C
:10F350004520706172616D2075706461746520660E
:10F3600061696C65642028657272202564290057E4
:10F370004553545F544F504449522F7A6570687911
:10F38000722F7375627379732F626C7565746F6F0A
:10F3900074682F686F73742F636F6E6E2E63000135
:10F3A000010101010203646973636F6E6E6563742A
:10F3B0002D636F6D706C65746500636F6E6E656351
:10F3C00074696E672D7363616E00636F6E6E656343
:10F3D00074696E672D6175746F00636F6E6E65631F
:10F3E00074696E672D61647600636F6E6E65637419
:10F3F000696E672D6469722D616476006469736358
:10F400006F6E6E656374696E670062745F636F6EC2
:10F410006E00556E61626C6520746F20616C6C6F5C
:10F42000636174652062756666657220666F72201E
:10F430006F7020307825303278004E6F2061766111
:10F44000696C61626C65204C3243415020636F6E81
:10F450007465787420666F7220636F6E6E202570FD
:10F4600000546F6F20736D616C6C204C32434150BF
:10F47000207369676E616C696E6720504455004C5B
:10F4800032434150206C656E677468206D69736DFE
:10F49000617463682028257520213D202575290089
:10F4A000496E76616C6964206964656E742076616A
:10F4B0006C756520696E204C324341502050445594
:10F4C00000546F6F20736D616C6C204C4520636F2E
:10F4D0006E6E20706172616D2072737000546F6F78
:10F4E00020736D616C6C204C4520636F6E6E2075CF
:10F4F000706461746520706172616D207265710065
:10F500004E6F7420636F6E6E656374656400526540
:10F510006A656374696E6720756E6B6E6F776E20B7
:10F520004C324341502050445520636F6465203075
:10F53000782530327800546F6F20736D616C6C20C9
:10F540004C324341502050445520726563656976C2
:10F5500065640049676E6F72696E672064617461EB
:10F5600020666F7220756E6B6E6F776E20636861B8
:10F570006E6E656C20494420307825303478006305
:10F580006F6E6669670062745F6C3263617000550C
:10F590006E61626C6520746F2063726561746520B2
:10F5A000555549443A2073697A6520257500556E92
:10F5B00061626C6520746F206372656174652055AB
:10F5C0005549443A2073697A6520256400756E6157
:10F5D000626C6520746F20616C6C6F636174652070
:10F5E00062756620666F72206572726F7220726536
:10F5F00073706F6E736500556E61626C6520746F19
:10F600002066696E6420415454206368616E6E65A3
:10F610006C00415454206368616E6E656C206E6F9F
:10F620007420636F6E6E656374656400415454208A
:10F630004D54552065786365656465642C206D6163
:10F64000782025752C2077616E74656420257A7585
:10F6500000616C72656164792070726F63657373A9
:10F66000696E672061205245512F525350206F6EB2
:10F67000206368616E20257000556E61626C6520A4
:10F68000746F20616C6C6F63617465204154542009
:10F690005458206D657461004E6F20617661696C0D
:10F6A00061626C652041545420636F6E7465787498
:10F6B00020666F7220636F6E6E202570004E6F2083
:10F6C000617661696C61626C6520415454206368A5
:10F6D000616E6E656C20666F7220636F6E6E2025A2
:10F6E00070004572726F72207369676E696E672071
:10F6F000646174610052616E206F7574206F6620C2
:10F7000054582062756666657273206F7220636F4D
:10F710006E74657874732E00546F6F20736D616C16
:10F720006C204154542050445520726563656976BD
:10F73000656400556E68616E646C65642041545464
:10F7400020636F6465203078253032780049676E19
:10F750006F72696E6720756E657870656374656435
:10F7600020726571756573740049676E6F72696E9A
:10F770006720756E657870656374656420696E6472
:10F7800069636174696F6E00496E76616C696420AB
:10F790006C656E20257520666F7220636F6465202E
:10F7A000307825303278004E6F2041545420636801
:10F7B000616E6E656C20666F72204D545520257AFF
:10F7C0007500415454206368616E6E656C2025702D
:10F7D000204D545520746F6F20736D616C6C2066E2
:10F7E0006F722052535020282575203C2025752902
:10F7F000004E6F2070656E64696E6720415454201E
:10F8000072657175657374004154542054696D6557
:10F810006F757420666F7220646576696365202554
:10F82000730062745F61747400496E76616C696420
:10F83000206B657900556E61626C6520746F206481
:10F8400065636F64652061646472657373202573FA
:10F8500000496E76616C6964206C6F63616C20692D
:10F8600064656E7469747920256C7500556E6162EB
:10F870006C6520746F20726573746F7265205343DA
:10F880003A206E6F20636667206C6566740046617F
:10F89000696C656420746F206465636F64652076AD
:10F8A000616C7565202865727220257A642900666E
:10F8B00061696C656420746F2064656C6574652093
:10F8C0005343202865727220256429004661696CC3
:10F8D000656420746F20636C65617220534320253A
:10F8E00064006661696C656420746F2073746F7264
:10F8F0006520534320286572722025642900756EA7
:10F9000061626C6520746F20736176652053433AA1
:10F91000206E6F20636667206C656674007772697D
:10F9200074652063616C6C6261636B206973206431
:10F930006570726563617465642C207573652073EE
:10F94000756273637269626520636220696E7374A5
:10F95000656164004661696C656420746F20736141
:10F9600076652044617461626173652048617368E3
:10F97000202865727220256429004E6F2073706103
:10F98000636520746F2073746F7265204343432056
:10F99000636667004E6F20737061636520746F202B
:10F9A00073746F726520436C69656E742053757053
:10F9B000706F72746564204665617475726573005A
:10F9C000556E61626C6520746F20726573746F721E
:10F9D000652043463A206E6F20636667206C65663B
:10F9E00074004368616E67652D617761726520738D
:10F9F0007461747573206E6F7420666F756E642009
:10FA0000696E2073657474696E67732C2064656613
:10FA100061756C74696E67207065657220737461BE
:10FA200074757320746F206368616E67652D756EE1
:10FA300061776172650052656164206261636B2069
:10FA4000626164206368616E67652D6177617265CC
:10FA50002076616C75653A20307825782C206465B5
:10FA60006661756C74696E67207065657220737469
:10FA70006174757320746F206368616E67652D759E
:10FA80006E6177617265004661696C656420746FB0
:10FA90002073746F726520436C69656E74204665CF
:10FAA000617475726573202865727220256429005F
:10FAB000556E61626C6520746F207365747570207B
:10FAC00041455320434D414300556E61626C6520B2
:10FAD000746F2063616C63756C6174652068617319
:10FAE000680062742F636363004C696E6B206973F6
:10FAF000206E6F7420656E63727970746564004463
:10FB00006576696365206973206E6F742073756212
:10FB10007363726962656420746F206368617261E7
:10FB2000637465726973746963004E6F20627566F1
:10FB300066657220617661696C61626C6520746FC4
:10FB40002073656E6420696E6469636174696F6EA9
:10FB500000434343202570206E6F742077726974D0
:10FB600061626C6500534320726573746F72652027
:10FB7000696E6469636174696F6E206661696C6542
:10FB800064004E6F206275666665722061766169F9
:10FB90006C61626C6520746F2073656E64206E6F9B
:10FBA00074696669636174696F6E00556E6B6E6F20
:10FBB000776E20555549442074797065202575006D
:10FBC000496E76616C696420646973636F766572EF
:10FBD0007920747970653A20257500496E76616CDC
:10FBE00069642064617461206C656E20257500492C
:10FBF0006E76616C696420666F726D617420257524
:10FC000000556E61626C6520746F20616C6C6F636F
:10FC1000617465206C656E6774682025753A206F85
:10FC20006E6C7920257A75207772697474656E0020
:10FC3000496E76616C69642064617461206C656EE4
:10FC4000202575203E202575004661696C6564207D
:10FC5000746F20736574207365637572697479209D
:10FC6000666F7220626F6E646564207065657220D5
:10FC700028256429004661696C656420746F2073CF
:10FC8000746F726520434343732028657272202588
:10FC900064290062742F686173680062742F636660
:10FCA0000062742F73630062745F67617474004E46
:10FCB0006F20617661696C61626C6520534D5020E4
:10FCC000636F6E7465787420666F7220636F6E6EFA
:10FCD00020257000556E6B6E6F776E2070616972B3
:10FCE000696E67206D6574686F642028257529002A
:10FCF00043616C63756C61746520636F6E666972D5
:10FD00006D206661696C656400556E61626C65208A
:10FD1000746F2066696E6420534D50206368616E75
:10FD20006E656C004661696C656420746F20676560
:10FD30006E65726174652044484B6579004A75733D
:10FD400074576F726B73206661696C65642C2061F7
:10FD5000757468656E74696361746564206B657938
:10FD6000732070726573656E7400556E61626C65A8
:10FD700020746F20676574206B65797320666F72DD
:10FD8000202573004E6F206B65797320737061635B
:10FD90006520666F7220257300556E61626C652068
:10FDA000746F206765742072616E646F6D20627974
:10FDB00074657300556E61626C6520746F20616CB0
:10FDC0006C6F6361746520456E637279707420494D
:10FDD0006E666F2062756666657200556E61626C54
:10FDE0006520746F20616C6C6F636174652043657E
:10FDF0006E7472616C204964656E7420627566660B
:10FE000065720052656D6F7465207075626C696310
:10FE1000206B65792072656A65637465640052655C
:10FE20006D6F7465206973207573696E6720446512
:10FE3000627567205075626C6963206B6579004359
:10FE4000616C63756C617465204C544B206661690C
:10FE50006C65640043616C63756C617465206C6FE4
:10FE600063616C2044484B657920636865636B204F
:10FE70006661696C65640043616C63756C6174658F
:10FE80002072656D6F74652044484B657920636806
:10FE900065636B206661696C6564004661696C65C9
:10FEA0006420746F20737461727420656E6372795C
:10FEB0007074696F6E004E6577206175746820728A
:10FEC0006571756972656D656E74733A2030782559
:10FED000782C20726570616972696E6700556E7367
:10FEE0007570706F727465642061757468207265D6
:10FEF00071756972656D656E74733A203078257816
:10FF00002C20726570616972696E670043616C6371
:10FF1000756C6174652053544B206661696C65642F
:10FF20000054686520696E2D70726F677265737317
:10FF30002070616972696E6720686173206265650F
:10FF40006E2064656C657465642100534D502064B7
:10FF50006F6573206E6F7420616C6C6F7720612009
:10FF600070616972696E67206661696C757265207F
:10FF70006174207468697320706F696E742E204BF1
:10FF80006E6F776E2069737375652E204469736395
:10FF90006F6E6E656374696E6720696E73746561F8
:10FFA000642E00546F6F20736D616C6C20534D5044
:10FFB0002050445520726563656976656400534D31
:10FFC0005020636F6D6D616E642028636F646520DF
:10FFD00030782530327829207265636569766564EA
:10FFE0002061667465722074696D656F7574005266
:10FFF00065636569766564207265736572766564AC
:0200000270008C
:1000000020534D5020636F6465203078253032785E
:1000100000556E68616E646C656420534D502063BA
:100020006F64652030782530327800556E657870C1
:10003000656374656420534D5020636F64652030A0
:100040007825303278005075626C6963206B657971
:10005000206E6F7420617661696C61626C65004925
:100060006E76616C6964206964656E746974792068
:100070002573005265667573696E67206E6577201B
:1000800070616972696E672E20546865206F6C64B8
:1000900020626F6E64206D75737420626520756ECA
:1000A0007061697265642066697273742E00706194
:1000B0006972696E67206661696C65642028706585
:1000C000657220726561736F6E2030782578290023
:1000D000534D502054696D656F7574000005061FFF
:1000E0001F2918120308020305080A000801030467
:1000F00001050405090607010106060800000100C4
:1001000001000301000302020100020000000000E0
:1001100002030100030000010001000001000102D0
:1001200002010002000000000002020100046274EB
:100130005F736D70004661696C656420746F207236
:100140006561642076616C75652028657272202572
:100150007A642900556E61626C6520746F2066694F
:100160006E642064656C65746564206B65797320CA
:10017000666F72202573004661696C656420746F38
:1001800020616C6C6F63617465206B6579732066A8
:100190006F72202573004B65797320666F7220257E
:1001A000732068617665206E6F206167696E6720D5
:1001B000636F756E74657200496E76616C69642058
:1001C0006B6579206C656E67746820257A642021E0
:1001D0003D20257A75004661696C656420746F2046
:1001E00073617665206B65797320286572722025AE
:1001F00064290062742F6B6579730062745F6B65AC
:100200007973006C888391AAF5A53860370BDB5AA7
:100210006083BE62745F63727970746F006B5F6D30
:100220007367715F676574206572726F723A20251B
:1002300064006E65745F627566006E65745F6275FA
:10024000665F73696D706C6500757362645F776F6C
:10025000726B710001000201060105010401030136
:100260000502020103020504010101020103010468
:1002700001060108010C0110011801200140018054
:1002800053656C656374656420414443206761690C
:100290006E206973206E6F742076616C6964005300
:1002A000656C6563746564204144432072656665CE
:1002B00072656E6365206973206E6F742076616C61
:1002C00069640053656C6563746564204144432030
:1002D0006163717569736974696F6E2074696D65A6
:1002E000206973206E6F742076616C696400496EBA
:1002F00076616C69642073656C656374696F6E20E8
:100300006F66206368616E6E656C73004368616E32
:100310006E656C202575206E6F7420636F6E666944
:10032000677572656400414443207265736F6C7534
:1003300074696F6E2076616C756520256420697321
:10034000206E6F742076616C6964004F76657273FD
:10035000616D706C696E6720697320737570706F62
:100360007274656420666F722073696E676C6520B5
:100370006368616E6E656C206F6E6C79004F766598
:100380007273616D706C696E672076616C75652043
:100390002564206973206E6F742076616C69640037
:1003A00050726F7669646564206275666665722056
:1003B000697320746F6F20736D616C6C20282575D4
:1003C0002F25752900616463403430303037303078
:1003D00030006164635F6E7266785F73616164634D
:1003E00000636C6F636B403430303030303030003D
:1003F0006866636C6B006C66636C6B00636C6F6348
:100400006B5F636F6E74726F6C0072616E646F6DA0
:1004100040343030306430303000656E74726F704C
:10042000795F62745F68636900696E76616C6964A4
:1004300020616464726573733A2030782530386CBB
:10044000783A257A7500756E616C69676E6564200F
:10045000616464726573733A2030782530386C7843
:100460003A257A75006E6F7420776F72642D616C17
:1004700069676E65643A2030782530386C783A25A3
:100480007A7500666C6173682D636F6E74726F6C41
:100490006C657240343030316530303000666C61EC
:1004A00073685F6E7266006770696F403530303018
:1004B00030333030006770696F4035303030303065
:1004C000303000556E61626C6520746F20636F6E12
:1004D00066696775726520696E746572727570748D
:1004E00020666F722070696E202575206F6E202542
:1004F00073004661696C656420746F2073657420B5
:100500006F757470757420256920746F2025693AA1
:10051000202569006F6666004661696C6564207419
:100520006F20736574206F75747075742025692051
:100530006163746976653A202569004661696C6576
:100540006420746F207265616420706F727420255E
:10055000733A202569004661696C656420746F20D8
:10056000736574206F757470757420256920696EC9
:100570006163746976653A2025690025733A2053D2
:10058000656E64696E67206576656E74206174209F
:1005900025692C25692073746174652025730047D3
:1005A00050494F206973206E6F74207265616479C1
:1005B0003A20257300556E61626C6520746F20636C
:1005C0006F6E6669677572652070696E202575208B
:1005D0006F6E20257320666F7220696E70757400CF
:1005E00025733A20436F6E66696775726564207083
:1005F000696E202575206F6E20257320666F72202E
:10060000696E707574004572726F722061646469FE
:100610006E67207468652063616C6C6261636B2037
:10062000746F2074686520696E70757420646576D7
:100630006963653A20256900556E61626C652074B6
:100640006F20636F6E6669677572652070696E20D2
:100650002575206F6E20257320666F72206F75746C
:100660007075740025733A20436F6E666967757202
:1006700065642070696E202575206F6E20257320BB
:10068000666F72206F7574707574006B7363616E42
:100690005F6D61747269785F696E69745F6F75749C
:1006A0007075745F696E7374006B7363616E5F6DF8
:1006B00061747269785F696E69745F696E70757470
:1006C0005F696E7374006B7363616E5F6D617472EA
:1006D00069785F72656164006B7363616E00257396
:1006E0003A206E6F204C45447320666F756E64200F
:1006F000284454206368696C64206E6F64657320BD
:100700006D697373696E67290025733A2070776D80
:1007100020646576696365206E6F7420726561641C
:10072000790070776D6C656473006C65645F7077D9
:100730006D007570646174655F6368616E6E656C91
:1007400073206E6F7420696D706C656D656E746575
:1007500064005350492064657669636520257320E1
:100760006E6F742072656164790025733A20696E3A
:1007700076616C6964206368616E6E656C20746F6D
:1007800020636F6C6F72206D617070696E672E43AD
:100790006865636B2074686520636F6C6F722D6D84
:1007A000617070696E672044542070726F7065725A
:1007B00074790077733238313240300077733238D1
:1007C00031325F737069000201034661696C6564D0
:1007D00020746F20696E697469616C697A65206440
:1007E00065766963653A20257300496E76616C69A8
:1007F00064206368616E6E656C3A2025752E004931
:100800006E636F6D70617469626C6520706572698A
:100810006F642E005072657363616C657220666F41
:100820007220706572696F645F6379636C657320B1
:100830002575206E6F7420666F756E642E0070775C
:100840006D4034303031633030300070776D5F6E22
:100850007266780074656D704034303030633030CB
:10086000300074656D705F6E726635004661696C4C
:10087000656420746F20616C6C6F636174652047E0
:1008800050494F5445206368616E6E656C20666FF9
:10089000722057414B45004661696C656420746F56
:1008A00020636F6E6669677572652057414B4520FE
:1008B00070696E004353204750494F20706F727427
:1008C0002025732070696E202564206973206E6F67
:1008D0007420726561647900557064617465206587
:1008E0007863656564732063757272656E742062E7
:1008F00075666665720048616C662D6475706C651E
:1009000078206E6F7420737570706F7274656400F8
:10091000536C617665206D6F6465206973206E6F1E
:100920007420737570706F72746564206F6E20250B
:1009300073004C6F6F706261636B206D6F64652034
:100940006973206E6F7420737570706F7274656454
:1009500000576F72642073697A6573206F746865DD
:1009600072207468616E203820626974732061722D
:1009700065206E6F7420737570706F72746564009B
:100980004672657175656E63696573206C6F776516
:1009900072207468616E20313235206B487A206194
:1009A0007265206E6F7420737570706F72746564F9
:1009B000004661696C656420746F20696E697469B2
:1009C000616C697A65206E726678206472697665FA
:1009D000723A20253038780057616974696E672053
:1009E000666F722057414B452061636B6E6F776C69
:1009F0006564676D656E742074696D6564206F75DC
:100A0000740054696D656F75742077616974696EDF
:100A10006720666F72207472616E73666572206300
:100A20006F6D706C6574650073706940343030327E
:100A300066303030007370695F6E7266785F737015
:100A4000696D0000000000000101000000000000CE
:100A500020303030303030303030303030303000D6
:100A60000100000100000001000000000000010181
:100A70000101010C0D0E0F101112131402030405D5
:100A8000060708090B25733A2053656C6563746586
:100A900064206368616E6E656C206973206E6F748C
:100AA00020737570706F727465643A2025642E002F
:100AB00025733A2041444320726177202564207ECB
:100AC000202564206D56203D3E202564206D560073
:100AD00025733A2050657263656E743A2025640070
:100AE00025733A204661696C656420746F207265D5
:100AF0006164204144433A20256400414443206618
:100B000061696C656420746F2072657472696576C2
:100B10006520414443206472697665720025733A0A
:100B20002041494E25752073657475702072657477
:100B300075726E6564202564006276645F696E6913
:100B400074006276645F73616D706C655F66657476
:100B500063680076626174740048616C74696E67E2
:100B60002073797374656D00556E6B6E6F776E20B0
:100B70006572726F72003E3E3E205A45504859528F
:100B800020464154414C204552524F522025643A50
:100B9000202573206F6E2043505520256400466148
:100BA000756C7420647572696E6720696E74657205
:100BB000727570742068616E646C696E670A0043B8
:100BC000757272656E74207468726561643A20256E
:100BD000702028257329004350552065786365707F
:100BE00074696F6E00556E68616E646C656420692F
:100BF0006E7465727275707400537461636B206FEC
:100C0000766572666C6F77004B65726E656C206FEF
:100C10006F7073004B65726E656C2070616E6963F6
:100C2000006D61696E006F7300737973776F726B1B
:100C300071002A2A2A20426F6F74696E67205A65F4
:100C400070687972204F53206275696C642064610A
:100C500063616234383735646637202A2A2A0A00ED
:100C6000286E756C6C29002A666C6F61742A00000E
:100C70009C4D0600C04D0600C44D0600C84D060040
:100C8000CC4D0600844F0600106C0600146C060064
:100C9000186C0600206C0600446E0600486E0600C4
:100CA000506E0600546E0600206C0600E44B0600F1
:100CB000C84D0600E84B0600C44D0600E84B060090
:100CC000186C0600BC4E0600C44D0600BC4E060063
:100CD000206C0600804F0600CC4D0600804F0600B9
:100CE000186C0600884F0600C44D06008C4F0600A5
:100CF000844F06001C6C0600C04D06004C6E0600BA
:100D00009C4D0600586E0600546E0600706E06007C
:100D1000C04D0600706E0600546E0600746E06002C
:080D2000C04D0600746E0600D0
:100D28000000000071AF0200000000000001000098
:100D380000000000000000000000000000000000AB
:100D4800000000000000000000000000000000009B
:100D580000000000BDB40200000000000001000017
:100D6800000000000000000000000000000000007B
:100D7800000000000000000000000000000000006B
:100D8800000000800000000000000080FFFFFFFF5F
:100D98000000000011E60200000000000001000051
:100DA800000000000000000000000000000000003B
:100DB800000000000000000000000000000000002B
:100DC800000000000000000000000000000000001B
:100DD800000000000000000000000000000000000B
:100DE80000000000000000000000000000000000FB
:100DF80000000000000000000000000000000000EB
:100E080000000000000000000000000000000000DA
:100E180000000000000000000000000000000000CA
:100E280000000000000000000000000000000000BA
:100E380000000000000000000000000000000000AA
:100E4800000000000000000000000000DC0A002094
:100E5800BC0A002000C201000000080000000000D9
:100E6800000000000000000000000000000000007A
:100E7800000000000000000000000000000000006A
:100E8800000000000000000000000000000000005A
:100E9800000000000000000000000000000000004A
:100EA800000000000000000000000000000000003A
:100EB800000000000000000000000000000000002A
:100EC800000000000000000000000000000000001A
:100ED800000000000000000000000000000000000A
:100EE80000000000000000000000000000000000FA
:100EF80000000000000000000000000000000000EA
:100F080000000000000000000000000000000000D9
:100F180000000000000000000000000000000000C9
:100F280000000000000000000000000000000000B9
:100F38000000000000000000E5A003000000000021
:100F48000000000000000000000000000000000099
:100F58000000000000000000000000000000000089
:100F68000000000000000000000000000000000079
:100F78000000000000000000000000000000000069
:100F88000000000000000000000000000000000059
:100F98000000000000000000000000000000000049
:100FA8000000000000000000000000000000000039
:100FB8000000000000000000000000000000000029
:100FC8000000000000000000000000000000000019
:100FD8000000000000000000000000000000000009
:100FE80000000000000000000000000000000000F9
:100FF8001F00000000000000FFFFFFFFFF1F0000B0
:1010080000000000000000000000000000000000D8
:101018007DB1050000000000000000000000000095
:101028000003002000030020F52006000000000057
:1010380000000000000000000000000000000000A8
:101048002003002020030020000000000100000011
:10105800300300203003002038030020380300202C
:1010680000000000010000004803002048030020A1
:101078000000000000000000000000000000000068
:101088000000000000000000000000000000000058
:101098000000000000000000000000000000000048
:1010A8000000000000000000000000000413002001
:1010B8000500000000000000000000000000000023
:1010C8000000000000000000000000000000000018
:1010D8000000000000000000000000000000000008
:1010E8000000000000000000B4AB00200000000079
:1010F800000000000000000016B000200000000002
:1011080095AB020000000000000000000000000095
:101118002DBD0500000000000000000000000000D8
:1011280005BE020000000000000000000F000000E3
:101138001E0000000200000015B1060001000000BA
:101148000000000015B106000100000000000000CA
:101158000F0000001E000000010000001BB1060087
:101168001B00070A000000000F0000001E0000001E
:10117800010000001BB10600140007080000000071
:101188000F0000001E000000010000001BB1060057
:101198002C000708000000000F0000001E000000DF
:1011A800010000001BB106004F0007080000000006
:1011B8000F0000001E000000010000001BB1060027
:1011C80051000708000000000F0000001E0000008A
:1011D800010000001BB106005200070800000000D3
:1011E8000F0000001E000000010000001BB10600F7
:1011F80050000708000000000F0000001E0000005B
:10120800010000001BB106000F00070800000000E5
:101218000F0000001E000000010000001BB10600C6
:101228000C000708000000000F0000001E0000006E
:10123800010000001BB106003D000704000000008B
:101248000F0000001E000000010000001BB1060096
:101258002100070B000000000F0000001E00000026
:10126800010000001BB10600520007010000000049
:101278000F0000001E000000010000001BB1060066
:1012880004000708000000000F0000001E00000016
:10129800010000001BB106001D0007080000000047
:1012A8000F0000001E000000010000001BB1060036
:1012B80019000708000000000F0000001E000000D1
:1012C800010000001BB1060006000708000000002E
:1012D8000F0000001E000000010000001BB1060006
:1012E8001B000708000000000F0000001E0000009F
:1012F800010000001BB106002B00070800000000D9
:101308000F0000001E000000010000001BB10600D5
:101318001600070A000000000F0000001E00000071
:10132800010000001BB106000800070800000000CB
:101338000F0000001E000000010000001BB10600A5
:1013480007000708000000000F0000001E00000052
:10135800010000001BB106001D000701000000008D
:101368000F0000001E000000010000001BB1060075
:1013780004000701000000000F0000001E0000002C
:10138800010000001BB10600190007010000000061
:101398000F0000001E000000010000001BB1060045
:1013A80006000701000000000F0000001E000000FA
:1013B800010000001BB106001B000701000000002F
:1013C8000F0000001E000000070000001BB106000F
:1013D8000E000702000000001BB106000C00070009
:1013E800000000001BB1060011000700000000000B
:1013F8001BB1060008000700000000001BB1060032
:1014080016000700000000001BB106000C000700D2
:10141800000000001BB106001600070000000000D5
:101428000F0000001E000000030000001BB10600B2
:101438002F000700000000001BB106003000070065
:10144800000000001BB1060050000700000000006B
:101458000F0000001E000000030000001BB1060082
:1014680026000702000000001BB106002700070243
:10147800000000001BB1060050000700000000003B
:101488000F0000001E000000030000001BB1060052
:101498002F000702000000001BB106003000070201
:1014A800000000001BB1060050000700000000000B
:1014B8000F0000001E000000030000001BB1060022
:1014C80034000702000000001BB1060034000702C8
:1014D800000000001BB106005000070000000000DB
:1014E8000F0000001E000000030000001BB10600F2
:1014F80034000700000000001BB10600340007009C
:10150800000000001BB106005000070000000000AA
:10151800000000002DC305000000000000000000CE
:10152800CDFD0200000000000000000000000000E7
:1015380081F9020000000000000000000000000027
:1015480000000000E5F402000000000079FC020041
:1015580011F6020000000000B9F5020000000000CA
:1015680031F50200000000000000000087DB0600E3
:101578000000000001F7020081FE020000000000E8
:10158800000000000000000067C305000000000024
:10159800000000000000000057C305000000000024
:1015A8000000000019020000B4150020010100002D
:1015B800B315002002040000AF1500200000000051
:1015C8002D040300000000000000000000000000DF
:1015D8008903030000000000000000000000000074
:1015E800E502030000000000000000009014002045
:1015F80000000400A014002000000E0000000000FD
:1016080000000000000000000000000000000000D2
:1016180000000000000000000000000000000000C2
:1016280000000000000000000000000000000000B2
:101638000000000000000000000000006BC305006F
:101648000000000000000000B41400200000120098
:101658000000000000000000000000000000000082
:101668000000000000000000000000000000000072
:101678000000000000000000000000000000000062
:101688000000000000000000000000000000000052
:101698006BC305000000000000000000C814002013
:1016A8000000120000000000000000000000000020
:1016B8000000000000000000000000000000000022
:1016C8000000000000000000000000000000000012
:1016D8000000000000000000000000000000000002
:1016E800000000006BC305000000000000000000BF
:1016F800DC14002000001200E814002000000200A2
:10170800F41400200000020000000000B10A0300E9
:101718000000000000000000000000003D0E030073
:101728000000000000000000000000000511030098
:101738000000000000000000A0D10600000000002A
:10174800DDC40500E7C4050000000000000000003B
:101758000000000035100300000000000000000039
:101768002D1E0300A51D030000000000000000005E
:1017780000000000EBC405000000000000000000AD
:1017880000000000C50F030000000000000000007A
:1017980000000000CD0D0300000000000000000064
:1017A8000000000055C50500000000000000000012
:1017B80000000000B5250300000000000000000044
:1017C80000000000D5250300000000000000000014
:1017D8003FC7050061D80500FC6E06008214012091
:1017E80000000000000000000000000000000000F1
:1017F8000000000000000000000400008218012022
:1018080000000000000000000000000000000000D0
:101818000000000000000000000400002160030038
:1018280080000000A95D030000000000A95D03001E
:101838008000000008150020000002001415002098
:10184800000002002015002000000200AD67030020
:10185800000000005BDD0500000000003FDD050022
:101868005DF20500000000002BF1050000000000FB
:1018780000000000BD7C03008000000000000000A4
:10188800257E0300000000000000000000000000AA
:101898008D8303000000000000000000000000002D
:1018A8000000000000000000000400009402002076
:1018B8000000000000000000000000000000000020
:1018C8000000000000000000000000000000000010
:1018D8000000000000000000000000000000000000
:1018E80000000000000000000000000000000000F0
:1018F80000000000000000000000000000000000E0
:1019080000000000000000000000000000000000CF
:1019180000000000000000000000000000000000BF
:1019280000000000000000000000000000000000AF
:101938000000000000000000000000001C0C002057
:101948001C0C0020000000000000000071D60300FD
:101958004DE00300B9080600000000000000000088
:10196800B1D603008D050600B904060049CF03006F
:10197800000000000000000000000000000000005F
:1019880000000000550704000000000000000000EF
:101998000000000095140600000000000000000090
:1019A800000000003415002000000200401500204F
:1019B80000000A0050150020000020000000000070
:1019C800000000000000000000000000000000000F
:1019D80000000000000000000000000000000000FF
:1019E80000000000000000000000000000000000EF
:1019F80000000000000000000000000000000000DF
:101A0800E70D060000000000641500200000020039
:101A180070150020000002007C15002000000A005C
:101A2800B12604000000000000000000C081002072
:101A3800000000007162040000000000C88100205E
:101A4800000000006551040000000000D081002063
:101A580000000000B10D050000000000D881002042
:101A680000000000B10D050000000000E08100202A
:101A780000000000D14E040008000400000000002F
:101A8800000000000000000000000000000000004E
:101A9800000000000000000000000000000000003E
:101AA80004000D000000000000000000000000001D
:101AB800000000000000000000000000000000001E
:101AC800000000000000000000000000000000000E
:101AD80000000000000000000000000004000500F5
:101AE80000000000000000000000000000000000EE
:101AF80000000000000000000000000038000400A2
:101B080000000000000000000000000000000000CD
:101B180000000000000000000000000000000000BD
:101B280000000000000000000000000000000000AD
:101B3800000000000000000000000000000000009D
:101B4800000000000000000000000000000000008D
:101B5800000000000000000000000000000000007D
:101B6800000000000000000000000000000000006D
:101B7800000000000000000000000000000000005D
:101B8800000000000000000000000000000000004D
:101B9800000000000000000000000000000000003D
:101BA800000000000000000000000000000000002D
:101BB800000000000000000000000000000000001D
:101BC800000000000000000000000000000000000D
:101BD80000000000000000000000000000000000FD
:101BE80004000500000000000000000000000000E4
:101BF80000000000000000000000000020000800B5
:101C080000000000000000000000000000000000CC
:101C180000000000000000000000000000000000BC
:101C280000000000000000000000000000000000AC
:101C3800000000000000000000000000000000009C
:101C4800000000000000000000000000000000008C
:101C5800000000000000000000000000000000007C
:101C6800000000000000000000000000000000006C
:101C7800000000000000000000000000000000005C
:101C8800000000000000000000000000000000004C
:101C9800000000000000000000000000000000003C
:101CA800000000000000000000000000000000002C
:101CB800000000000000000000000000000000001C
:101CC800000000000000000000000000000000000C
:101CD80000000000000000000000000000000000FC
:101CE80000000000000000000000000000000000EC
:101CF80000000000000000000000000000000000DC
:101D080000000000000000003C90002000000000DF
:101D18009D190500000000005490002000000000FC
:101D2800B10D0500000000005C90002000000000DC
:101D3800497F040000000000E89000200000000037
:101D480059210500000000000C910020000000004F
:101D5800158C040000000000149100200000000011
:101D6800B10D0500000000001C91002000000000DB
:101D7800A98D04000000000024910020000000004C
:101D88006198040008001C0000000000000000002A
:101D9800000000000000000000000000000000003B
:101DA800000000000000000000000000000000002B
:101DB800000000000000000000000000000000001B
:101DC800000000000000000000000000000000000B
:101DD80000000000000000000000000000000000FB
:101DE80000000000000000000000000000000000EB
:101DF80000000000000000000000000000000000DB
:101E080000000000000000000000000000000000CA
:101E180000000000000000000000000000000000BA
:101E280000000000000000000000000000000000AA
:101E3800000000000000000000000000000000009A
:101E4800000000000000000000000000000000008A
:101E5800000000000000000000000000000000007A
:101E6800000000000000000000000000080004005E
:101E7800000000000000000000000000000000005A
:101E8800000000000000000000000000000000004A
:101E98000000000000000000809200200000000008
:101EA8002095002000000000C097002000000000DE
:101EB800E09B002000000000092C05000000000045
:101EC800F89B002000000000992C0500FFFFFFFF91
:101ED8001F00000000000000DC9E00200000000041
:101EE800F90A050000000000089F0020000000001B
:101EF800B10D050004000300000000000000000010
:101F0800000000000000000000000000CC9F00203E
:101F180000000000B10D050000000000D49F002063
:101F280000000000018A02000000000028A2002032
:101F380000000000453F04000000000020A200202F
:101F480000000000453F04000000000018A2002027
:101F5800000000008D3C04000000000010A20020DA
:101F680000000000453F04000000000008A2002017
:101F7800000000008D3C04000000000000A20020CA
:101F880000000000453F04008C1200200A000000F9
:101F98000F0000000F000000050000000A0000000C
:101FA800010000000A000000010000004440060093
:101FB8001900000000000000444006000B0000006B
:101FC800010000004440060002000000020000007A
:101FD800444006001C0000000300000044400600C6
:101FE8001D00000004000000444006001E00000020
:101FF80005000000444006001F0000000600000025
:1020080030400600090000000700000044400600B8
:102018000C00000008000000444006000700000013
:1020280009000000304006000B00200000000000FE
:10203800304006000F002000010000004440060068
:102048000300200002000000304006000E002000BF
:1020580003000000304006000C00200004000000CF
:102068000000000000000000B08D06000000000025
:102078005013002050130020000000000100000051
:1020880060130020601300206813002068130020EC
:1020980000000000010000007813002078130020E1
:1020A8000000000000000000000000000000000028
:1020B8000000000000000000000000000000000018
:1020C80000000000CC4406000000000000000000F2
:1020D8000AB300200000000000000000000000001B
:1020E80000000000000000000000000000000000E8
:1020F80000000000000000000000000000000000D8
:1021080000000000000000000000000000000000C7
:1021180000000000000000000000000000000000B7
:1021280000000000000000000000000000000000A7
:102138000000000000000000000000000000000097
:102148000000000008000000FF0000000000000080
:10215800030000000000000090440600000000009A
:102168000000000000000000000000000000000067
:102178000000000000000000000000000000000057
:1021880060140020601400206814002068140020E7
:1021980000004D2A000012180600080000002C015B
:1021A80010000000010000002C01100100004C2A62
:1021B80000004C2A000003280000082900004D2ACE
:1021C80000004D2A00000328000008290000022909
:1021D80000004D2A00004D2A0000032800000829AD
:1021E8000000022900004D2A00004D2A00000328A3
:1021F800000008290000022900004D2A00004D2A8D
:102208000000032800004B2A00004B2A0000032886
:1022180000004A2A00004A2A000003280000121879
:10222800000000280000502A0000502A000003285F
:102238000000292A0000292A000003280000242A77
:102248000000242A0000032800000A1800000028C3
:1022580000002A2B00002A2B000003280000292B4D
:102268000000292B00000328000002290000052A8D
:102278000000052A000003280000011800000028BB
:102288000000042A0000042A000003280000012A94
:102298000000012A000003280000002A0000002A8C
:1022A800000003280000001800000028FF030000B9
:1022B8000000000000000002000000000000010013
:1022C80000000000000000000000000000000112F3
:1022D800180F1806C10303010201010201010000E1
:1022E80000030B0100140101501D5E61010001256E
:1022F80000000000000000000000000000000000D6
:1023080000000000000000000000000000000000C5
:1023180000000000000000000000000000000000B5
:1023280000000000000000000000000000000000A5
:102338000000000000000000000000000000000095
:102348000000000000000000000000000000000085
:102358000000000000000000000000000000000075
:102368000000000000000000000000000000000065
:062378000000000000005F
:02237E00FFFF5F
:10238000000000000000000000000000000000004D
:10239000000000000000000000000000000000003D
:1023A000000000000000000000000000000000002D
:1023B000000000000000000000000000000000001D
:0423C0000000000019
:0423C400FFFFFFFF19
:1023C80000000000000000007DB1050000000000D2
:1023D8000000000000000000B8160020B816002019
:1023E8008DBD020000000000000000000000000099
:1023F80000000000000000000000000000000000D5
:102408007DB1050000000000000000000000000091
:10241800F0160020F0160020DD090300000000007F
:1024280000000000000000000000000000000000A4
:1024380000000000000000007DB105000000000061
:1024480000000000000000002817002028170020C6
:10245800FD24030000000000000000000000000050
:0824680000000000000000006C
:102470004817002048170020900F0120000000009E
:10248000060000002C00000000000000641700207F
:102490006417002038D10020000000000600000072
:1024A000A800000000000000801700208017002016
:1024B000E4110120000000002000000014000000D2
:1024C000000000009C1700209C170020981001209D
:1024D00000000000050000001C00000000000000DB
:1024E000B8170020B817002000000000000000000E
:1024F0000E000000CC170020CC17002000000000C8
:08250000000000000E000000C5
:10250800E0170020E01700200C0000001000000079
:1025180024110120E411012024110120241101209B
:10252800000000000418002004180020000000002B
:1025380010180020101800201800000005000000E6
:102548005C090120D40901205C0901205C090120F3
:10255800000000003418002034180020000000009B
:1025680040180020401800200C0000000400000063
:10257800C0FA0020F0FA0020C0FA0020C0FA0020BB
:10258800000000006418002064180020000000000B
:10259800701800207018002018000000800000004B
:1025A800F0FA0020F0060120F0FA0020F0FA0020EE
:1025B800000000009418002094180020000000007B
:1025C800A0180020A0180020060000000500000048
:1025D800A4070120C2070120A4070120A4070120A5
:1025E80000000000C4180020C418002000000000EB
:1025F800D0180020D01800200F00000014000000A0
:10260800C4070120F0080120C4070120C4070120E5
:1026180000000000F4180020F4180020000000005A
:102628000019002000190020090000001400000013
:10263800F0060120A4070120F0060120F006012081
:1026480000000000241900202419002000000000C8
:102658003019002030190020020000000500000099
:10266800641401206E1401206414012064140120F4
:102678000000000054190020541900200000000038
:102688006019002060190020040000000500000007
:102698006E140120821401206E1401206E14012092
:1026A80000000000841900208419002000000000A8
:1026B8009019002090190020150000000500000066
:1026C800F008012059090120F0080120F008012034
:1026D80000000000B4190020B41900200000000018
:1026E800C0190020C01900200100000001000000EE
:1026F800D0190020D0190020D8190020D81900209E
:102708000000000001000000E8190020E81900207E
:10271800F0190020F019002000000000010000005E
:08272800001A0020001A002035
:102730000000000000000000101A0020101A002005
:10274000181A0020181A00200000000000000000E5
:10275000281A0020281A0020301A0020301A0020E1
:102760000000000000000000401A0020401A002075
:08277000481A0020481A00205D
:102778000000000000000000581A0020581A00202D
:10278800601A0020601A00200500050008000000FB
:102798000000000000730600F00E01200000000099
:1027A80000000000841A0020841A00208C1A0020DF
:1027B8008C1A00200300030008000000000000003D
:1027C800BC710600980B012000000000000000000A
:1027D800B01A0020B01A0020B81A0020B81A002039
:1027E800020002000800000000000000F07206006D
:1027F800400D01200000000000000000DC1A00204D
:10280800DC1A0020E41A0020E41A0020020002006A
:102818000800000000000000BC720600C00C012087
:102828000000000000000000081B0020081B00201A
:10283800101B0020101B00200300030008000000EC
:1028480000000000AC710600B00A01200000000082
:1028580000000000341B0020341B00203C1B00201B
:102868003C1B0020010001000800000000000000DF
:08287800CC710600140C0120D4
:1028800012010002EF020140EA296203050301027E
:10289000030109020000000100E032080B000202FF
:1028A00002000009040000010202000005240010DB
:1028B0000105240102010424020205240600010787
:1028C00005800310000A09040100020A0000000745
:1028D00005800240000007050002400000090400D6
:1028E000000103000000092111010001220000077E
:1028F0000580031000010403090428034B696E6579
:1029000073697320436F72706F726174696F6E00C8
:1029100000000000000000000000000000000000B7
:10292000000016034164763336302050726F000089
:102930000000000000000000220330313233343543
:102940003637383941424344454600000000000014
:0C2950000000000000000000000000007B
:10295C00000000007B1B00206DDA05004D630300B6
:10296C007161030000000000000000000300000083
:10297C00FC0A002000000000B51B002035F105000A
:10298C001D7A0300297B030000000000E17B03009B
:08299C0001000000540B0020B3
:1029A400F04306001844060004440600F8400600FC
:1029B400D040060020410600384206004C42060082
:1029C40024420600FC410600E8410600D44106000A
:1029D400344106000C41060010420600C0410600C6
:1029E4009C4206008842060098410600AC4106005D
:1029F40060420600744206005C4106008441060001
:102A04004841060070410600EC42060000430600FF
:102A1400D8420600C4420600B042060054440600F0
:102A2400BC400600E440060050430600284306006C
:102A340064430600144306003C4306007843060042
:102A4400A84006008C430600DC430600B44306009D
:102A5400C8430600684406002C440600944006005F
:082A6400A043060040440600F7
:042A6C0015E015E07C
:04000003300072E176
:00000001FF
